port,month,calls,import_mt,export_mt,volume_mt,calls_yoy,volume_yoy
Amurang,2019-01,5,361,13938,14299,,
Amurang,2019-02,2,0,25954,25954,,
Amurang,2019-03,1,0,1081,1081,,
Amurang,2019-04,4,3055,8734,11789,,
Amurang,2019-05,1,0,4750,4750,,
Amurang,2019-06,3,1020,2842,3862,,
Amurang,2019-07,3,361,6888,7249,,
Amurang,2019-08,1,6251,0,6251,,
Amurang,2019-09,1,361,142,503,,
Amurang,2019-10,2,361,3972,4333,,
Amurang,2019-11,3,361,7317,7678,,
Amurang,2019-12,2,431,10818,11249,,
Amurang,2020-01,2,0,4578,4578,-60.0,-67.98377508916708
Amurang,2020-02,2,4681,7861,12542,0.0,-51.67604222855822
Amurang,2020-03,1,298,2558,2856,0.0,164.19981498612395
Amurang,2020-04,2,0,11760,11760,-50.0,-0.245992026465347
Amurang,2020-05,2,361,23143,23504,100.0,394.82105263157894
Amurang,2020-06,1,0,1666,1666,-66.66666666666667,-56.861729673744165
Amurang,2020-07,1,0,5275,5275,-66.66666666666667,-27.231342254104018
Amurang,2020-08,1,0,4631,4631,0.0,-25.91585346344585
Amurang,2020-09,3,361,46412,46773,200.0,9198.807157057654
Amurang,2020-10,0,0,0,0,-100.0,-100.0
Amurang,2020-11,4,133,16541,16674,33.33333333333333,117.16592862724666
Amurang,2020-12,1,6294,0,6294,-50.0,-44.04835985420926
Amurang,2021-01,4,298,10644,10942,100.0,139.01266928789866
Amurang,2021-02,1,2873,0,2873,-50.0,-77.09296762876734
Amurang,2021-03,4,659,10337,10996,300.0,285.0140056022409
Amurang,2021-04,1,361,142,503,-50.0,-95.72278911564625
Amurang,2021-05,3,1183,19244,20427,50.0,-13.09138869979578
Amurang,2021-06,4,3015,20153,23168,300.0,1290.6362545018007
Amurang,2021-07,2,860,142,1002,100.0,-81.00473933649289
Amurang,2021-08,2,8625,2776,11401,100.0,146.18872813647158
Amurang,2021-09,3,361,34386,34747,0.0,-25.711414705064882
Amurang,2021-10,4,494,8766,9260,inf,inf
Amurang,2021-11,6,8381,32431,40812,50.0,144.7643037063692
Amurang,2021-12,1,0,6864,6864,0.0,9.056244041944716
Amurang,2022-01,1,0,121,121,-75.0,-98.8941692560775
Amurang,2022-02,3,361,5143,5504,200.0,91.5767490428124
Amurang,2022-03,2,361,2110,2471,-50.0,-77.52819206984358
Amurang,2022-04,5,361,15455,15816,400.0,3044.333996023857
Amurang,2022-05,6,361,4910,5271,100.0,-74.19591716845352
Amurang,2022-06,5,133,11005,11138,25.0,-51.925069060773474
Amurang,2022-07,2,0,3278,3278,0.0,227.14570858283435
Amurang,2022-08,8,1868,9074,10942,300.0,-4.025962634856595
Amurang,2022-09,4,792,11687,12479,33.33333333333333,-64.08610815322187
Amurang,2022-10,2,121,36190,36311,-50.0,292.1274298056156
Amurang,2022-11,1,0,2855,2855,-83.33333333333334,-93.00450847789867
Amurang,2022-12,4,722,10622,11344,300.0,65.26806526806527
Amurang,2023-01,1,0,0,0,0.0,-100.0
Amurang,2023-02,5,298,26736,27034,66.66666666666667,391.17005813953483
Amurang,2023-03,3,722,1405,2127,50.0,-13.92148927559692
Amurang,2023-04,3,361,8164,8525,-40.0,-46.09888720283257
Amurang,2023-05,2,0,10406,10406,-66.66666666666667,97.41984443179663
Amurang,2023-06,5,1153,14646,15799,0.0,41.847728497037174
Amurang,2023-07,4,652,3421,4073,100.0,24.25259304453935
Amurang,2023-08,3,298,11164,11462,-62.5,4.752330469749588
Amurang,2023-09,4,0,8023,8023,0.0,-35.707989422229346
Amurang,2023-10,2,133,8260,8393,0.0,-76.88579218418661
Amurang,2023-11,5,361,7157,7518,400.0,163.32749562171628
Amurang,2023-12,2,361,4618,4979,-50.0,-56.108956276445696
Amurang,2024-01,5,722,5649,6371,400.0,inf
Amurang,2024-02,5,1083,2407,3490,0.0,-87.09033069468077
Amurang,2024-03,4,659,5882,6541,33.33333333333333,207.5223319228961
Amurang,2024-04,5,1020,4739,5759,66.66666666666667,-32.44574780058651
Amurang,2024-05,3,361,844,1205,50.0,-88.42014222563905
Amurang,2024-06,2,0,386,386,-60.0,-97.55680739287297
Amurang,2024-07,1,0,2914,2914,-75.0,-28.455683771176034
Amurang,2024-08,3,361,4934,5295,0.0,-53.80387366951667
Amurang,2024-09,1,0,45861,45861,-75.0,471.61909510158296
Amurang,2024-10,1,5540,0,5540,-50.0,-33.99261289169546
Amurang,2024-11,1,0,7366,7366,-80.0,-2.021814312317105
Amurang,2024-12,4,1347,5171,6518,100.0,30.90982124924684
Amurang,2025-01,1,0,3495,3495,-80.0,-45.14204991367132
Amurang,2025-02,1,0,3112,3112,-80.0,-10.830945558739257
Amurang,2025-03,2,298,4865,5163,-50.0,-21.067115120012225
Amurang,2025-04,1,0,895,895,-80.0,-84.45910748393818
Amurang,2025-05,2,0,15533,15533,-33.333333333333336,1189.045643153527
Amurang,2025-06,1,0,35228,35228,-50.0,9026.424870466322
Amurang,2025-07,2,361,142,503,100.0,-82.73850377487989
Amurang,2025-08,5,1048,12797,13845,66.66666666666667,161.47308781869688
Amurang,2025-09,2,9605,2606,12211,100.0,-73.37389066963215
Amurang,2025-10,2,0,1814,1814,100.0,-67.25631768953069
Amurang,2025-11,4,218,8797,9015,300.0,22.386641325006785
Amurang,2025-12,4,133,12165,12298,0.0,88.67750843817122
Amurang,2026-01,3,659,2700,3359,200.0,-3.8912732474964185
Amurang,2026-02,1,0,940,940,0.0,-69.79434447300773
Amurang,2026-03,2,319,2051,2370,0.0,-54.09645554909937
Amurang,2026-04,4,0,14359,14359,300.0,1504.3575418994415
Amurang,2026-05,2,0,5123,5123,0.0,-67.01860554947532
Amurang,2026-06,1,0,4491,4491,0.0,-87.2516180311116
Amurang,2026-07,2,0,3503,3503,0.0,596.4214711729622
Amurang,2026-08,1,260,0,260,-80.0,-98.12206572769952
Banten,2024-11,120,1594582,165377,1759959,,
Banten,2024-12,137,1752936,320511,2073447,,
Banten,2025-01,133,2014186,247528,2261714,,
Banten,2025-02,106,1408249,220896,1629145,,
Banten,2025-03,120,1699239,254446,1953685,,
Banten,2025-04,121,1706167,247699,1953866,,
Banten,2025-05,116,1509552,246001,1755553,,
Banten,2025-06,136,1564798,232482,1797280,,
Banten,2025-07,139,1730103,245087,1975190,,
Banten,2025-08,131,1852753,280409,2133162,,
Banten,2025-09,106,1391397,338000,1729397,,
Banten,2025-10,123,2106976,131378,2238354,,
Banten,2025-11,114,1485047,145340,1630387,-5.000000000000004,-7.362216960736012
Banten,2025-12,25,413762,22775,436537,-81.75182481751825,-78.94631500105862
Belawan,2019-01,46,157088,98260,255348,,
Belawan,2019-02,50,212444,95551,307995,,
Belawan,2019-03,58,139629,224565,364194,,
Belawan,2019-04,55,144485,162901,307386,,
Belawan,2019-05,43,117246,110718,227964,,
Belawan,2019-06,39,139520,63204,202724,,
Belawan,2019-07,45,195987,60522,256509,,
Belawan,2019-08,50,183273,142909,326182,,
Belawan,2019-09,45,143740,88211,231951,,
Belawan,2019-10,44,94688,65482,160170,,
Belawan,2019-11,50,183820,98019,281839,,
Belawan,2019-12,47,146622,162940,309562,,
Belawan,2020-01,62,189744,170102,359846,34.78260869565217,40.92375894857214
Belawan,2020-02,44,195366,56948,252314,-12.0,-18.078540236042794
Belawan,2020-03,52,185323,88423,273746,-10.344827586206895,-24.835115350609836
Belawan,2020-04,55,311147,112363,423510,0.0,37.77790790732174
Belawan,2020-05,49,197336,79754,277090,13.953488372093027,21.549893842887478
Belawan,2020-06,48,103814,48037,151851,23.076923076923084,-25.094710049130843
Belawan,2020-07,45,147169,129067,276236,0.0,7.69056836212374
Belawan,2020-08,51,164778,123162,287940,2.0000000000000018,-11.724129473729395
Belawan,2020-09,57,149804,139232,289036,26.66666666666666,24.610801419265282
Belawan,2020-10,42,75525,186294,261819,-4.545454545454541,63.46319535493539
Belawan,2020-11,51,206866,139766,346632,2.0000000000000018,22.98936626939494
Belawan,2020-12,46,191964,156440,348404,-2.127659574468088,12.547405689328794
Belawan,2021-01,37,77214,51492,128706,-40.32258064516129,-64.23303301968065
Belawan,2021-02,45,193374,105153,298527,2.2727272727272707,18.315670157026553
Belawan,2021-03,41,90300,101016,191316,-21.153846153846157,-30.111855515697027
Belawan,2021-04,36,118095,99083,217178,-34.54545454545455,-48.719510755354065
Belawan,2021-05,36,74424,126319,200743,-26.530612244897956,-27.55314157854849
Belawan,2021-06,39,93634,65610,159244,-18.75,4.86858828720258
Belawan,2021-07,49,123947,147063,271010,8.888888888888879,-1.8918605829797763
Belawan,2021-08,55,140130,180480,320610,7.843137254901955,11.346113773702848
Belawan,2021-09,52,126225,86920,213145,-8.771929824561408,-26.256590874493146
Belawan,2021-10,45,168052,114059,282111,7.14285714285714,7.7503924466902685
Belawan,2021-11,106,263534,308789,572323,107.84313725490198,65.10968404532763
Belawan,2021-12,116,433581,226505,660086,152.17391304347828,89.45993731415254
Belawan,2022-01,96,425968,174519,600487,159.45945945945948,366.55711466442904
Belawan,2022-02,87,346853,182046,528899,93.33333333333333,77.16956925169247
Belawan,2022-03,135,447131,299037,746168,229.2682926829268,290.0186079575153
Belawan,2022-04,135,469829,298028,767857,275.0,253.56113418486217
Belawan,2022-05,86,308861,153404,462265,138.88888888888889,130.27702086747732
Belawan,2022-06,112,301157,312024,613181,187.17948717948718,285.05752179045993
Belawan,2022-07,159,538770,355921,894691,224.48979591836732,230.1320984465518
Belawan,2022-08,145,418863,456389,875252,163.63636363636363,172.99585165777737
Belawan,2022-09,195,410018,650845,1060863,275.0,397.7189237373619
Belawan,2022-10,219,524355,523682,1048037,386.66666666666663,271.49809826628524
Belawan,2022-11,199,453897,516033,969930,87.73584905660377,69.47248319567795
Belawan,2022-12,174,562792,403812,966604,50.0,46.43607045142603
Belawan,2023-01,190,602154,443088,1045242,97.91666666666667,74.06571665997765
Belawan,2023-02,166,489746,313331,803077,90.80459770114942,51.8393871041541
Belawan,2023-03,190,551285,408336,959621,40.74074074074075,28.606560452873886
Belawan,2023-04,140,376572,297513,674085,3.703703703703698,-12.21216971389204
Belawan,2023-05,178,560352,352034,912386,106.97674418604652,97.37293543746553
Belawan,2023-06,172,550910,412293,963203,53.571428571428584,57.082982023252505
Belawan,2023-07,183,491626,399967,891593,15.094339622641506,-0.3462647998023871
Belawan,2023-08,174,528282,472014,1000296,19.999999999999996,14.286628308190096
Belawan,2023-09,165,586738,360055,946793,-15.384615384615385,-10.752566542522457
Belawan,2023-10,179,444266,458493,902759,-18.2648401826484,-13.861915180475503
Belawan,2023-11,188,536516,403118,939634,-5.527638190954775,-3.123524378047904
Belawan,2023-12,175,579802,348137,927939,0.5747126436781658,-4.000086902185385
Belawan,2024-01,154,428220,304795,733015,-18.947368421052634,-29.8712642622474
Belawan,2024-02,149,375239,307002,682241,-10.240963855421692,-15.046626911242633
Belawan,2024-03,175,571202,377913,949115,-7.8947368421052655,-1.0948072207673687
Belawan,2024-04,120,432621,160279,592900,-14.28571428571429,-12.043733357069208
Belawan,2024-05,166,452224,365676,817900,-6.741573033707871,-10.35592391816621
Belawan,2024-06,155,467326,323780,791106,-9.883720930232553,-17.867157805779254
Belawan,2024-07,148,630041,337453,967494,-19.12568306010929,8.51296499636045
Belawan,2024-08,79,200875,188696,389571,-54.59770114942528,-61.05442788934475
Belawan,2024-09,80,181838,300152,481990,-51.515151515151516,-49.09235704108501
Belawan,2024-10,131,327594,246537,574131,-26.815642458100562,-36.40262794389201
Belawan,2024-11,166,458744,294207,752951,-11.702127659574469,-19.867629310987045
Belawan,2024-12,179,434172,352018,786190,2.285714285714291,-15.275680836779138
Belawan,2025-01,169,678197,305516,983713,9.740259740259738,34.200937225022685
Belawan,2025-02,160,442208,417644,859852,7.38255033557047,26.033469111355068
Belawan,2025-03,149,453651,378500,832151,-14.857142857142858,-12.323480294800948
Belawan,2025-04,159,486455,403732,890187,32.49999999999999,50.141170517793896
Belawan,2025-05,176,566774,364056,930830,6.024096385542177,13.807311407262501
Belawan,2025-06,171,469540,301026,770566,10.322580645161295,-2.596365088875574
Belawan,2025-07,178,521664,395636,917300,20.270270270270263,-5.188042509824353
Belawan,2025-08,164,534371,417666,952037,107.59493670886076,144.3808702393145
Belawan,2025-09,185,495261,458768,954029,131.25,97.93543434511089
Belawan,2025-10,179,493892,390240,884132,36.6412213740458,53.99481999752669
Belawan,2025-11,142,429345,258287,687632,-14.457831325301207,-8.67506650499169
Belawan,2025-12,127,465279,279685,744964,-29.05027932960894,-5.24377058980654
Belawan,2026-01,100,303092,184476,487568,-40.828402366863905,-50.43595032290922
Belawan,2026-02,86,268940,388890,657830,-46.25,-23.494973553588295
Belawan,2026-03,100,269509,273151,542660,-32.88590604026845,-34.78827760827061
Belawan,2026-04,100,396522,281693,678215,-37.106918238993714,-23.81207544032883
Belawan,2026-05,153,391349,217362,608711,-13.068181818181824,-34.60556707454637
Belawan,2026-06,160,547719,274434,822153,-6.432748538011701,6.694689358212025
Belawan,2026-07,169,463189,354789,817978,-5.0561797752809,-10.827646353428545
Belawan,2026-08,158,467676,288367,756043,-3.658536585365857,-20.586804924598525
Benoa,2019-01,34,64320,14104,78424,,
Benoa,2019-02,26,47576,8000,55576,,
Benoa,2019-03,25,34603,8740,43343,,
Benoa,2019-04,23,34343,19432,53775,,
Benoa,2019-05,30,76392,8481,84873,,
Benoa,2019-06,26,51207,13894,65101,,
Benoa,2019-07,33,77810,15507,93317,,
Benoa,2019-08,31,65997,11850,77847,,
Benoa,2019-09,26,41334,9381,50715,,
Benoa,2019-10,40,68250,13686,81936,,
Benoa,2019-11,33,51626,16024,67650,,
Benoa,2019-12,33,64277,23459,87736,,
Benoa,2020-01,28,96162,20447,116609,-17.647058823529417,48.69045190247883
Benoa,2020-02,28,42952,20843,63795,7.692307692307687,14.788757737152736
Benoa,2020-03,29,37426,2247,39673,15.999999999999993,-8.467341900652936
Benoa,2020-04,19,20054,1171,21225,-17.391304347826086,-60.52998605299861
Benoa,2020-05,20,28693,11254,39947,-33.333333333333336,-52.9332060843849
Benoa,2020-06,18,25218,1955,27173,-30.76923076923077,-58.26024177816009
Benoa,2020-07,19,31037,1234,32271,-42.42424242424242,-65.41787669985104
Benoa,2020-08,20,19694,4420,24114,-35.483870967741936,-69.02385448379513
Benoa,2020-09,18,22688,2128,24816,-30.76923076923077,-51.06773144040224
Benoa,2020-10,20,22988,2126,25114,-50.0,-69.34924819371217
Benoa,2020-11,21,31821,2065,33886,-36.36363636363637,-49.90983000739099
Benoa,2020-12,19,25145,5041,30186,-42.42424242424242,-65.5945108051427
Benoa,2021-01,20,23763,4363,28126,-28.57142857142857,-75.88007786706001
Benoa,2021-02,21,24947,4765,29712,-25.0,-53.42581707030332
Benoa,2021-03,23,30009,4649,34658,-20.68965517241379,-12.640838857661386
Benoa,2021-04,21,36577,4407,40984,10.526315789473696,93.09305064782096
Benoa,2021-05,17,22814,3360,26174,-15.000000000000002,-34.47818359326107
Benoa,2021-06,16,25182,2534,27716,-11.111111111111116,1.998307143120015
Benoa,2021-07,15,39791,3384,43175,-21.052631578947366,33.788850670880976
Benoa,2021-08,18,32709,7366,40075,-9.999999999999998,66.18976528157916
Benoa,2021-09,13,21721,12028,33749,-27.77777777777778,35.996937459703425
Benoa,2021-10,18,29991,4044,34035,-9.999999999999998,35.52201959066657
Benoa,2021-11,18,42804,2534,45338,-14.28571428571429,33.79566782742136
Benoa,2021-12,24,37052,10311,47363,26.315789473684205,56.9038627178162
Benoa,2022-01,22,36471,7963,44434,10.000000000000009,57.981938419967285
Benoa,2022-02,18,30977,2426,33403,-14.28571428571429,12.422590199246098
Benoa,2022-03,22,47365,5856,53221,-4.347826086956519,53.56050551099314
Benoa,2022-04,20,42458,5604,48062,-4.761904761904767,17.270154206519628
Benoa,2022-05,31,63403,3762,67165,82.35294117647058,156.60961259264917
Benoa,2022-06,29,54296,3609,57905,81.25,108.92264396016742
Benoa,2022-07,24,66876,9949,76825,60.00000000000001,77.93862188766647
Benoa,2022-08,29,66232,3729,69961,61.111111111111114,74.57517155333748
Benoa,2022-09,25,47892,3796,51688,92.3076923076923,53.154167530889794
Benoa,2022-10,31,75003,10241,85244,72.22222222222223,150.45982077273393
Benoa,2022-11,28,59566,4902,64468,55.55555555555556,42.19418589262871
Benoa,2022-12,27,51462,13952,65414,12.5,38.112028376580874
Benoa,2023-01,29,55660,14822,70482,31.818181818181813,58.62177611738759
Benoa,2023-02,35,71730,16984,88714,94.44444444444444,165.58692333023978
Benoa,2023-03,27,47575,11161,58736,22.72727272727273,10.36245091223389
Benoa,2023-04,26,49654,9976,59630,30.000000000000004,24.068910989971283
Benoa,2023-05,32,60633,17024,77657,3.2258064516129004,15.621231296061943
Benoa,2023-06,28,60818,12647,73465,-3.4482758620689613,26.871600034539323
Benoa,2023-07,29,37562,10716,48278,20.833333333333325,-37.158477058249275
Benoa,2023-08,32,43448,12474,55922,10.344827586206895,-20.06689441260131
Benoa,2023-09,23,35414,11502,46916,-7.9999999999999964,-9.23231697879585
Benoa,2023-10,27,44010,9983,53993,-12.903225806451612,-36.66064473745953
Benoa,2023-11,23,49964,5266,55230,-17.85714285714286,-14.329589874046034
Benoa,2023-12,22,42349,4579,46928,-18.518518518518523,-28.260005503409058
Benoa,2024-01,18,23424,10682,34106,-37.93103448275862,-51.61034022871087
Benoa,2024-02,26,48609,9419,58028,-25.71428571428571,-34.58980544220754
Benoa,2024-03,24,60069,7252,67321,-11.111111111111116,14.616248978479973
Benoa,2024-04,18,28145,8495,36640,-30.76923076923077,-38.554418916652686
Benoa,2024-05,28,59439,11942,71381,-12.5,-8.08169257117839
Benoa,2024-06,24,57881,10791,68672,-14.28571428571429,-6.524195194990812
Benoa,2024-07,23,47181,18589,65770,-20.68965517241379,36.231824019222
Benoa,2024-08,27,44089,19111,63200,-15.625,13.01455598869854
Benoa,2024-09,31,62996,19985,82981,34.78260869565217,76.87142978941085
Benoa,2024-10,34,68339,14498,82837,25.92592592592593,53.42173985516641
Benoa,2024-11,37,88266,10528,98794,60.86956521739131,78.8774216911099
Benoa,2024-12,35,72110,22456,94566,59.09090909090908,101.5129560177293
Benoa,2025-01,30,77967,6596,84563,66.66666666666667,147.94171113587052
Benoa,2025-02,28,54917,19330,74247,7.692307692307687,27.95029985524229
Benoa,2025-03,41,81947,10404,92351,70.83333333333333,37.18007753895516
Benoa,2025-04,34,77328,6768,84096,88.88888888888889,129.51965065502185
Benoa,2025-05,33,63404,27782,91186,17.85714285714286,27.74547848867346
Benoa,2025-06,27,50489,7898,58387,12.5,-14.976992078285178
Benoa,2025-07,34,62111,20082,82193,47.82608695652173,24.970351223962297
Benoa,2025-08,42,89756,9227,98983,55.55555555555556,56.61867088607595
Benoa,2025-09,39,101674,21087,122761,25.806451612903224,47.938684759161745
Benoa,2025-10,38,87542,19840,107382,11.764705882352944,29.630479133720435
Benoa,2025-11,36,100180,8645,108825,-2.7027027027026973,10.153450614409776
Benoa,2025-12,45,106690,26783,133473,28.57142857142858,41.14269399149799
Benoa,2026-01,41,97439,21593,119032,36.66666666666667,40.76132587538286
Benoa,2026-02,30,62672,8736,71408,7.14285714285714,-3.8237235174485185
Benoa,2026-03,30,64235,16468,80703,-26.82926829268293,-12.612749185173955
Benoa,2026-04,39,72264,16863,89127,14.705882352941169,5.982448630136994
Benoa,2026-05,27,68936,5605,74541,-18.181818181818176,-18.25389862478889
Benoa,2026-06,36,82097,6237,88334,33.33333333333333,51.29052700087349
Benoa,2026-07,42,81374,12933,94307,23.529411764705888,14.73848137919287
Benoa,2026-08,31,44431,5983,50414,-26.190476190476186,-49.068021781518034
Biak,2019-01,6,3161,1221,4382,,
Biak,2019-02,2,1105,4023,5128,,
Biak,2019-03,4,2971,3101,6072,,
Biak,2019-04,3,2577,1573,4150,,
Biak,2019-05,4,4390,3006,7396,,
Biak,2019-06,2,2419,0,2419,,
Biak,2019-07,2,920,4404,5324,,
Biak,2019-08,5,20854,580,21434,,
Biak,2019-09,3,1141,1183,2324,,
Biak,2019-10,5,3423,1726,5149,,
Biak,2019-11,6,11552,1573,13125,,
Biak,2019-12,12,9205,4724,13929,,
Biak,2020-01,8,7787,8384,16171,33.33333333333333,269.03240529438614
Biak,2020-02,8,15641,1578,17219,300.0,235.7839313572543
Biak,2020-03,11,24010,3951,27961,175.0,360.49077733860344
Biak,2020-04,11,12593,7178,19771,266.66666666666663,376.4096385542168
Biak,2020-05,6,11270,4166,15436,50.0,108.70740941049215
Biak,2020-06,4,4034,1713,5747,100.0,137.577511368334
Biak,2020-07,11,14680,7487,22167,450.0,316.3598797896318
Biak,2020-08,9,13019,4398,17417,80.0,-18.741252216105252
Biak,2020-09,7,7520,5209,12729,133.33333333333334,447.7194492254733
Biak,2020-10,6,4116,1392,5508,19.999999999999996,6.972227617013016
Biak,2020-11,11,17447,14880,32327,83.33333333333333,146.30095238095237
Biak,2020-12,9,4564,9439,14003,-25.0,0.5312657046449898
Biak,2021-01,9,8721,3325,12046,12.5,-25.50862655370726
Biak,2021-02,8,6476,8918,15394,0.0,-10.5987571868285
Biak,2021-03,11,8239,8435,16674,0.0,-40.36693966596331
Biak,2021-04,12,8984,9309,18293,9.090909090909083,-7.475595569268123
Biak,2021-05,5,4827,1499,6326,-16.666666666666664,-59.01788027986525
Biak,2021-06,9,5908,5650,11558,125.0,101.11362449973899
Biak,2021-07,11,12909,7025,19934,0.0,-10.073532728831147
Biak,2021-08,5,4955,1573,6528,-44.44444444444444,-62.519377619567095
Biak,2021-09,9,5811,5452,11263,28.57142857142858,-11.517008406002038
Biak,2021-10,5,6293,1002,7295,-16.666666666666664,32.44371822803196
Biak,2021-11,9,6151,1002,7153,-18.181818181818176,-77.8729854301358
Biak,2021-12,10,7648,6301,13949,11.111111111111116,-0.3856316503606405
Biak,2022-01,14,4772,7570,12342,55.55555555555556,2.457247218993852
Biak,2022-02,9,8076,3641,11717,12.5,-23.8859295829544
Biak,2022-03,11,15163,4331,19494,0.0,16.91255847427131
Biak,2022-04,11,10701,5343,16044,-8.333333333333337,-12.294320231782653
Biak,2022-05,4,526,0,526,-19.999999999999996,-91.68510907366424
Biak,2022-06,12,5156,3115,8271,33.33333333333333,-28.439176328084447
Biak,2022-07,10,8540,650,9190,-9.090909090909093,-53.89786294772749
Biak,2022-08,9,6594,1777,8371,80.0,28.232230392156854
Biak,2022-09,9,10763,411,11174,0.0,-0.7901979934298198
Biak,2022-10,7,12926,6349,19275,39.99999999999999,164.22206991089786
Biak,2022-11,11,3912,8767,12679,22.222222222222232,77.2542988955683
Biak,2022-12,12,4558,8561,13119,19.999999999999996,-5.950247329557678
Biak,2023-01,10,1850,8925,10775,-28.57142857142857,-12.696483552098526
Biak,2023-02,13,6057,16582,22639,44.44444444444444,93.21498677135787
Biak,2023-03,14,9802,9914,19716,27.27272727272727,1.138811942136031
Biak,2023-04,12,5035,7863,12898,9.090909090909083,-19.608576414859137
Biak,2023-05,9,6511,7056,13567,125.0,2479.277566539924
Biak,2023-06,16,10651,16870,27521,33.33333333333333,232.74090194656029
Biak,2023-07,10,9000,6797,15797,0.0,71.89336235038084
Biak,2023-08,14,8838,13619,22457,55.55555555555556,168.2714132122805
Biak,2023-09,15,11267,9413,20680,66.66666666666667,85.0724897082513
Biak,2023-10,12,14240,6169,20409,71.42857142857142,5.883268482490278
Biak,2023-11,15,7771,13371,21142,36.36363636363635,66.74816625916871
Biak,2023-12,15,27966,18439,46405,25.0,253.72360698223952
Biak,2024-01,19,11998,19880,31878,89.99999999999999,195.85150812064964
Biak,2024-02,8,4395,4754,9149,-38.46153846153846,-59.58743760766818
Biak,2024-03,15,26365,9770,36135,7.14285714285714,83.27754108338405
Biak,2024-04,9,9797,3634,13431,-25.0,4.132423631570781
Biak,2024-05,11,7736,3066,10802,22.222222222222232,-20.380334635512643
Biak,2024-06,16,25684,7338,33022,0.0,19.988372515533605
Biak,2024-07,13,16784,5600,22384,30.000000000000004,41.697790719756924
Biak,2024-08,15,14146,20454,34600,7.14285714285714,54.072226922563125
Biak,2024-09,9,3746,8937,12683,-40.0,-38.670212765957444
Biak,2024-10,11,4141,5585,9726,-8.333333333333337,-52.3445538732912
Biak,2024-11,6,4523,5828,10351,-60.0,-51.04058272632675
Biak,2024-12,8,21316,5110,26426,-46.666666666666664,-43.05355026398018
Biak,2025-01,9,7721,4660,12381,-52.63157894736843,-61.161302465650294
Biak,2025-02,7,4391,2019,6410,-12.5,-29.937698109082955
Biak,2025-03,8,14543,6218,20761,-46.666666666666664,-42.54600802546008
Biak,2025-04,12,24725,8670,33395,33.33333333333333,148.64120318665775
Biak,2025-05,17,11351,9334,20685,54.54545454545454,91.49231623773375
Biak,2025-06,17,17377,12129,29506,6.25,-10.647447156441158
Biak,2025-07,12,14721,5927,20648,-7.692307692307687,-7.755539671193712
Biak,2025-08,12,3903,12230,16133,-19.999999999999996,-53.37283236994219
Biak,2025-09,12,3315,13238,16553,33.33333333333333,30.513285500275966
Biak,2025-10,14,33646,6876,40522,27.27272727272727,316.6358215093564
Biak,2025-11,9,4456,7120,11576,50.0,11.834605352139892
Biak,2025-12,17,38458,7672,46130,112.5,74.56293044728677
Biak,2026-01,11,32130,3758,35888,22.222222222222232,189.86350052499796
Biak,2026-02,13,14790,18179,32969,85.71428571428572,414.33697347893917
Biak,2026-03,15,25215,5776,30991,87.5,49.27508308848321
Biak,2026-04,9,5764,3880,9644,-25.0,-71.1214253630783
Biak,2026-05,10,7095,4073,11168,-41.17647058823529,-46.009185400048345
Biak,2026-06,10,6098,1127,7225,-41.17647058823529,-75.51345489053074
Biak,2026-07,13,19959,3604,23563,8.333333333333325,14.117590081363819
Biak,2026-08,11,10481,4918,15399,-8.333333333333337,-4.5496807785284865
Bitung,2019-01,48,112521,70699,183220,,
Bitung,2019-02,58,135842,119408,255250,,
Bitung,2019-03,60,122739,48732,171471,,
Bitung,2019-04,62,137175,53141,190316,,
Bitung,2019-05,67,111705,87994,199699,,
Bitung,2019-06,59,120623,59462,180085,,
Bitung,2019-07,54,130515,67997,198512,,
Bitung,2019-08,70,148017,52066,200083,,
Bitung,2019-09,64,114416,56662,171078,,
Bitung,2019-10,72,131058,98948,230006,,
Bitung,2019-11,71,160689,64363,225052,,
Bitung,2019-12,71,139171,105238,244409,,
Bitung,2020-01,78,173922,45863,219785,62.5,19.956882436415246
Bitung,2020-02,70,146414,54745,201159,20.68965517241379,-21.19138099902057
Bitung,2020-03,83,152478,107023,259501,38.33333333333333,51.33812714686448
Bitung,2020-04,67,138521,123402,261923,8.064516129032251,37.62531789234747
Bitung,2020-05,63,92254,52695,144949,-5.970149253731338,-27.416261473517643
Bitung,2020-06,70,117872,75289,193161,18.644067796610166,7.261015631507339
Bitung,2020-07,69,110134,53734,163868,27.777777777777768,-17.451841702264847
Bitung,2020-08,78,120232,71506,191738,11.428571428571432,-4.170769130810714
Bitung,2020-09,50,90989,39669,130658,-21.875,-23.626649832240265
Bitung,2020-10,57,125997,41312,167309,-20.833333333333336,-27.25885411684913
Bitung,2020-11,64,151198,47330,198528,-9.859154929577462,-11.7857206334536
Bitung,2020-12,57,113336,31354,144690,-19.718309859154925,-40.80005237123019
Bitung,2021-01,70,146632,46282,192914,-10.256410256410254,-12.226039083649932
Bitung,2021-02,49,70733,86940,157673,-30.000000000000004,-21.617725281990865
Bitung,2021-03,69,123115,44362,167477,-16.867469879518072,-35.4619057344673
Bitung,2021-04,54,109970,48901,158871,-19.402985074626866,-39.34438747265418
Bitung,2021-05,51,81970,49351,131321,-19.047619047619047,-9.401927574526214
Bitung,2021-06,59,137296,56789,194085,-15.714285714285714,0.4783574324009443
Bitung,2021-07,66,141668,42267,183935,-4.347826086956519,12.245832011130918
Bitung,2021-08,60,99878,79740,179618,-23.076923076923073,-6.321125702781916
Bitung,2021-09,46,88682,21228,109910,-7.9999999999999964,-15.87962466898315
Bitung,2021-10,55,81790,102794,184584,-3.508771929824561,10.325206653557185
Bitung,2021-11,88,155701,91448,247149,37.5,24.490751934235977
Bitung,2021-12,109,221956,146700,368656,91.22807017543859,154.79024120533555
Bitung,2022-01,93,210318,42164,252482,32.857142857142854,30.87800781695471
Bitung,2022-02,81,153983,73400,227383,65.3061224489796,44.211754707527604
Bitung,2022-03,103,203054,142551,345605,49.27536231884058,106.35967923953737
Bitung,2022-04,86,135721,93161,228882,59.25925925925925,44.06782861566931
Bitung,2022-05,73,169553,105923,275476,43.13725490196079,109.77299898721454
Bitung,2022-06,78,156518,80371,236889,32.20338983050848,22.054254579179222
Bitung,2022-07,92,172111,129629,301740,39.393939393939405,64.04708184956642
Bitung,2022-08,93,155131,102159,257290,55.00000000000001,43.24288211649168
Bitung,2022-09,92,183501,101674,285175,100.0,159.462287325994
Bitung,2022-10,79,126903,85408,212311,43.636363636363626,15.021345295366872
Bitung,2022-11,88,151105,82436,233541,0.0,-5.505990313535558
Bitung,2022-12,76,134476,88119,222595,-30.27522935779816,-39.61986241916583
Bitung,2023-01,84,148004,105029,253033,-9.677419354838712,0.2182333790131663
Bitung,2023-02,81,115259,142281,257540,0.0,13.262644964663139
Bitung,2023-03,91,172513,113947,286460,-11.650485436893199,-17.113467687099437
Bitung,2023-04,76,153222,119195,272417,-11.627906976744185,19.020718099282607
Bitung,2023-05,80,159063,85760,244823,9.589041095890405,-11.127285135547194
Bitung,2023-06,80,121049,142066,263115,2.564102564102555,11.07100794042779
Bitung,2023-07,83,129903,107022,236925,-9.782608695652172,-21.480413601113547
Bitung,2023-08,84,212537,208570,421107,-9.677419354838712,63.67017762058378
Bitung,2023-09,91,165649,108623,274272,-1.0869565217391353,-3.8232664153589946
Bitung,2023-10,78,153919,99505,253424,-1.2658227848101222,19.36451714701546
Bitung,2023-11,95,188822,127027,315849,7.954545454545459,35.24349043636879
Bitung,2023-12,98,209893,129119,339012,28.947368421052634,52.299916889418
Bitung,2024-01,87,179735,113837,293572,3.571428571428581,16.021230432394184
Bitung,2024-02,76,127100,121266,248366,-6.172839506172845,-3.5621651005669053
Bitung,2024-03,77,138537,70929,209466,-15.384615384615385,-26.87774907491447
Bitung,2024-04,73,152437,97353,249790,-3.9473684210526327,-8.306016144366913
Bitung,2024-05,79,165495,121008,286503,-1.2499999999999956,17.024544262589703
Bitung,2024-06,91,138235,59882,198117,13.749999999999996,-24.703266632461094
Bitung,2024-07,95,149269,142466,291735,14.457831325301207,23.133903133903132
Bitung,2024-08,81,147281,106991,254272,-3.57142857142857,-39.618196800338154
Bitung,2024-09,79,190803,68743,259546,-13.186813186813184,-5.369122622797806
Bitung,2024-10,82,183001,60419,243420,5.128205128205132,-3.947534566576172
Bitung,2024-11,80,190810,77577,268387,-15.789473684210531,-15.02680078138604
Bitung,2024-12,82,181853,103233,285086,-16.326530612244895,-15.906811558292922
Bitung,2025-01,71,141475,93825,235300,-18.39080459770115,-19.849304429577753
Bitung,2025-02,66,152930,77623,230553,-13.157894736842103,-7.1720766932671935
Bitung,2025-03,71,143489,84578,228067,-7.792207792207795,8.880200127944393
Bitung,2025-04,64,137123,77730,214853,-12.328767123287676,-13.986548700908763
Bitung,2025-05,72,166814,57908,224722,-8.860759493670889,-21.563823066425137
Bitung,2025-06,67,146528,97759,244287,-26.37362637362637,23.304411029845994
Bitung,2025-07,73,155927,101126,257053,-23.15789473684211,-11.888186196376848
Bitung,2025-08,64,136011,89148,225159,-20.98765432098766,-11.44955008809464
Bitung,2025-09,58,157106,75750,232856,-26.582278481012654,-10.283340910667082
Bitung,2025-10,61,122824,93623,216447,-25.609756097560975,-11.080847917180181
Bitung,2025-11,53,125231,47467,172698,-33.75,-35.653366221165705
Bitung,2025-12,79,160783,105448,266231,-3.658536585365857,-6.613793732417584
Bitung,2026-01,69,130449,86453,216902,-2.8169014084507005,-7.818954526136846
Bitung,2026-02,58,123291,81674,204965,-12.121212121212121,-11.09853265843429
Bitung,2026-03,68,127627,60024,187651,-4.225352112676061,-17.721108270815154
Bitung,2026-04,55,118763,42194,160957,-14.0625,-25.085058156041573
Bitung,2026-05,71,139255,62545,201800,-1.388888888888884,-10.200158417956406
Bitung,2026-06,66,136108,80258,216366,-1.4925373134328401,-11.42958896707561
Bitung,2026-07,67,147836,78344,226180,-8.21917808219178,-12.010363621509956
Bitung,2026-08,52,105206,123450,228656,-18.75,1.553124680781126
Blanglancang,2019-01,6,8268,11344,19612,,
Blanglancang,2019-02,4,11925,6291,18216,,
Blanglancang,2019-03,1,9278,0,9278,,
Blanglancang,2019-04,8,28206,7157,35363,,
Blanglancang,2019-05,2,10290,3235,13525,,
Blanglancang,2019-06,5,8224,7017,15241,,
Blanglancang,2019-07,2,3999,2961,6960,,
Blanglancang,2019-08,8,22896,16611,39507,,
Blanglancang,2019-09,7,12450,5100,17550,,
Blanglancang,2019-10,6,11268,11620,22888,,
Blanglancang,2019-11,6,19511,3565,23076,,
Blanglancang,2019-12,3,8747,1070,9817,,
Blanglancang,2020-01,5,9180,8170,17350,-16.666666666666664,-11.533754843973076
Blanglancang,2020-02,5,6816,3674,10490,25.0,-42.41326306543698
Blanglancang,2020-03,4,11925,1700,13625,300.0,46.852769993533094
Blanglancang,2020-04,6,26558,4387,30945,-25.0,-12.493283940842126
Blanglancang,2020-05,5,17219,3068,20287,150.0,49.99630314232901
Blanglancang,2020-06,6,10822,3674,14496,19.999999999999996,-4.888130700085291
Blanglancang,2020-07,5,2249,71787,74036,150.0,963.735632183908
Blanglancang,2020-08,5,7179,8584,15763,-37.5,-60.1007416407219
Blanglancang,2020-09,6,11938,2852,14790,-14.28571428571429,-15.726495726495726
Blanglancang,2020-10,6,14085,7835,21920,0.0,-4.229290457881863
Blanglancang,2020-11,5,8550,1426,9976,-16.666666666666664,-56.76893742416363
Blanglancang,2020-12,6,9633,4387,14020,100.0,42.81348680859733
Blanglancang,2021-01,7,9633,11631,21264,39.99999999999999,22.559077809798268
Blanglancang,2021-02,3,8451,2139,10590,-40.0,0.9532888465205058
Blanglancang,2021-03,7,14396,7106,21502,75.0,57.81284403669724
Blanglancang,2021-04,8,19831,6635,26466,33.33333333333333,-14.47406689287446
Blanglancang,2021-05,6,9558,3674,13232,19.999999999999996,-34.775964903632875
Blanglancang,2021-06,6,14054,3674,17728,0.0,22.29580573951435
Blanglancang,2021-07,8,10660,3710,14370,60.00000000000001,-80.59052352909394
Blanglancang,2021-08,15,91823,9647,101470,200.0,543.7226416291315
Blanglancang,2021-09,8,10740,5922,16662,33.33333333333333,12.657200811359036
Blanglancang,2021-10,16,191374,37469,228843,166.66666666666666,943.991788321168
Blanglancang,2021-11,8,6494,0,6494,60.00000000000001,-34.9037690457097
Blanglancang,2021-12,11,16213,24568,40781,83.33333333333333,190.87731811697574
Blanglancang,2022-01,13,4056,86855,90911,85.71428571428572,327.53480060195636
Blanglancang,2022-02,5,6493,0,6493,66.66666666666667,-38.68744098205854
Blanglancang,2022-03,6,406,1867,2273,-14.28571428571429,-89.42889033578271
Blanglancang,2022-04,10,7056,134256,141312,25.0,433.9378825663115
Blanglancang,2022-05,16,137953,5781,143734,166.66666666666666,986.2605804111246
Blanglancang,2022-06,10,83043,3235,86278,66.66666666666667,386.67644404332134
Blanglancang,2022-07,7,14301,82658,96959,-12.5,574.7320807237301
Blanglancang,2022-08,11,19520,91057,110577,-26.66666666666667,8.975066522124763
Blanglancang,2022-09,12,42561,14984,57545,50.0,245.36670267674947
Blanglancang,2022-10,23,103434,121558,224992,43.75,-1.6828131076764397
Blanglancang,2022-11,12,116156,13053,129209,50.0,1889.667385278719
Blanglancang,2022-12,4,10479,13100,23579,-63.63636363636363,-42.18140800863147
Blanglancang,2023-01,7,14706,2247,16953,-46.15384615384615,-81.35209160607627
Blanglancang,2023-02,7,105792,7808,113600,39.99999999999999,1649.5764669644232
Blanglancang,2023-03,12,36226,10615,46841,100.0,1960.7567091948965
Blanglancang,2023-04,7,18004,69160,87164,-30.000000000000004,-38.318048007246375
Blanglancang,2023-05,5,72498,70307,142805,-68.75,-0.6463328092170206
Blanglancang,2023-06,5,17642,15500,33142,-50.0,-61.586963072857515
Blanglancang,2023-07,1,0,0,0,-85.71428571428572,-100.0
Blanglancang,2023-08,9,11860,90585,102445,-18.181818181818176,-7.354151405807718
Blanglancang,2023-09,8,62727,713,63440,-33.333333333333336,10.24415674689374
Blanglancang,2023-10,3,0,0,0,-86.95652173913044,-100.0
Blanglancang,2023-11,5,10290,3235,13525,-58.33333333333333,-89.53246290893048
Blanglancang,2023-12,19,158367,163911,322278,375.0,1266.8009669621274
Blanglancang,2024-01,11,36326,19452,55778,57.14285714285714,229.0155134784404
Blanglancang,2024-02,7,74845,8521,83366,0.0,-26.614436619718308
Blanglancang,2024-03,16,25873,99390,125263,33.33333333333333,167.42170320872737
Blanglancang,2024-04,15,10437,39539,49976,114.28571428571428,-42.66440273507411
Blanglancang,2024-05,15,32363,17234,49597,200.0,-65.26942333951892
Blanglancang,2024-06,14,54648,100670,155318,179.99999999999997,368.64401665560314
Blanglancang,2024-07,21,279243,27387,306630,2000.0,inf
Blanglancang,2024-08,14,63552,16877,80429,55.55555555555556,-21.490555908048226
Blanglancang,2024-09,14,76453,17726,94179,75.0,48.45365699873896
Blanglancang,2024-10,17,179163,14991,194154,466.6666666666667,inf
Blanglancang,2024-11,19,245182,29468,274650,280.0,1930.6839186691313
Blanglancang,2024-12,21,169170,19994,189164,10.526315789473696,-41.30409149864403
Blanglancang,2025-01,18,152709,25922,178631,63.63636363636365,220.25350496611566
Blanglancang,2025-02,15,129061,22993,152054,114.28571428571428,82.39330182568435
Blanglancang,2025-03,17,132630,15021,147651,6.25,17.872795637977703
Blanglancang,2025-04,12,150240,18312,168552,-19.999999999999996,237.26588762606048
Blanglancang,2025-05,18,185895,15098,200993,19.999999999999996,305.2523338105127
Blanglancang,2025-06,27,264929,105029,369958,92.85714285714286,138.19389896856774
Blanglancang,2025-07,23,148095,26640,174735,9.523809523809534,-43.01438215438802
Blanglancang,2025-08,24,226037,23052,249089,71.42857142857142,209.70048116972734
Blanglancang,2025-09,23,187624,25929,213553,64.28571428571428,126.75224837808852
Blanglancang,2025-10,26,229969,45009,274978,52.941176470588225,41.62881011980182
Blanglancang,2025-11,23,127418,43276,170694,21.052631578947366,-37.85035499726925
Blanglancang,2025-12,18,131897,21223,153120,-14.28571428571429,-19.054365524095495
Blanglancang,2026-01,15,133995,20028,154023,-16.666666666666664,-13.775884364975843
Blanglancang,2026-02,20,170925,26550,197475,33.33333333333333,29.871624554434618
Blanglancang,2026-03,35,227198,42808,270006,105.88235294117645,82.86770831216856
Blanglancang,2026-04,38,278369,37210,315579,216.66666666666666,87.22946034458208
Blanglancang,2026-05,59,380165,138804,518969,227.77777777777777,158.20252446602615
Blanglancang,2026-06,63,281224,139698,420922,133.33333333333334,13.775617772828275
Blanglancang,2026-07,63,284591,72897,357488,173.91304347826087,104.58866283228892
Blanglancang,2026-08,61,288229,134756,422985,154.16666666666666,69.81279783531187
Bontang LNG Terminal,2019-01,40,73713,905632,979345,,
Bontang LNG Terminal,2019-02,42,16336,860136,876472,,
Bontang LNG Terminal,2019-03,54,87982,1197049,1285031,,
Bontang LNG Terminal,2019-04,57,74950,890263,965213,,
Bontang LNG Terminal,2019-05,62,51630,1194587,1246217,,
Bontang LNG Terminal,2019-06,46,12422,1165868,1178290,,
Bontang LNG Terminal,2019-07,59,35542,1260126,1295668,,
Bontang LNG Terminal,2019-08,49,13114,1110437,1123551,,
Bontang LNG Terminal,2019-09,62,59460,1091507,1150967,,
Bontang LNG Terminal,2019-10,50,29280,865219,894499,,
Bontang LNG Terminal,2019-11,46,9188,931702,940890,,
Bontang LNG Terminal,2019-12,57,30837,1165309,1196146,,
Bontang LNG Terminal,2020-01,50,11042,836769,847811,25.0,-13.430813451847923
Bontang LNG Terminal,2020-02,51,50500,973003,1023503,21.42857142857142,16.77532197263576
Bontang LNG Terminal,2020-03,43,21377,855357,876734,-20.370370370370374,-31.773319087243813
Bontang LNG Terminal,2020-04,40,5627,950457,956084,-29.824561403508774,-0.9458016002685365
Bontang LNG Terminal,2020-05,50,11979,1043931,1055910,-19.354838709677423,-15.270775474897224
Bontang LNG Terminal,2020-06,49,76765,1129373,1206138,6.521739130434789,2.3634249632942694
Bontang LNG Terminal,2020-07,43,14613,954021,968634,-27.118644067796616,-25.24057088698648
Bontang LNG Terminal,2020-08,43,15375,837571,852946,-12.244897959183676,-24.084798998888346
Bontang LNG Terminal,2020-09,35,53384,841660,895044,-43.548387096774185,-22.235476777353302
Bontang LNG Terminal,2020-10,55,12265,774416,786681,10.000000000000009,-12.05345114974975
Bontang LNG Terminal,2020-11,51,47495,855954,903449,10.869565217391308,-3.9793174547502863
Bontang LNG Terminal,2020-12,51,46517,892014,938531,-10.526315789473683,-21.53708660982857
Bontang LNG Terminal,2021-01,40,71319,696362,767681,-19.999999999999996,-9.451398955663471
Bontang LNG Terminal,2021-02,36,9596,548620,558216,-29.411764705882348,-45.460247796049444
Bontang LNG Terminal,2021-03,39,10412,756782,767194,-9.302325581395355,-12.494097411529603
Bontang LNG Terminal,2021-04,34,17181,474163,491344,-15.000000000000002,-48.60869965400529
Bontang LNG Terminal,2021-05,63,138223,966912,1105135,26.0,4.661855650576285
Bontang LNG Terminal,2021-06,59,24255,726117,750372,20.408163265306122,-37.787218377996545
Bontang LNG Terminal,2021-07,41,27624,752719,780343,-4.651162790697672,-19.43881796426721
Bontang LNG Terminal,2021-08,52,43680,1020043,1063723,20.93023255813953,24.711646458275194
Bontang LNG Terminal,2021-09,67,29953,1028804,1058757,91.42857142857143,18.291056082159084
Bontang LNG Terminal,2021-10,57,30489,970202,1000691,3.6363636363636376,27.204165347834763
Bontang LNG Terminal,2021-11,82,24772,1080130,1104902,60.7843137254902,22.298214951812433
Bontang LNG Terminal,2021-12,90,20445,987864,1008309,76.47058823529412,7.434810357889088
Bontang LNG Terminal,2022-01,62,26853,307581,334434,55.00000000000001,-56.43581122888284
Bontang LNG Terminal,2022-02,59,64877,1075341,1140218,63.888888888888886,104.2610745661178
Bontang LNG Terminal,2022-03,96,40455,1262545,1303000,146.15384615384616,69.83970156179534
Bontang LNG Terminal,2022-04,89,15123,1130670,1145793,161.76470588235296,133.19568367579535
Bontang LNG Terminal,2022-05,61,12459,946873,959332,-3.1746031746031744,-13.19322978640619
Bontang LNG Terminal,2022-06,95,28275,1321732,1350007,61.01694915254237,79.91169713155608
Bontang LNG Terminal,2022-07,92,25337,1441550,1466887,124.39024390243904,87.97977299725889
Bontang LNG Terminal,2022-08,95,48313,1336516,1384829,82.6923076923077,30.186994170474833
Bontang LNG Terminal,2022-09,97,22927,1389254,1412181,44.776119402985074,33.38103077476702
Bontang LNG Terminal,2022-10,95,16209,1101957,1118166,66.66666666666667,11.739388082834768
Bontang LNG Terminal,2022-11,77,32486,1248573,1281059,-6.0975609756097615,15.943223923931704
Bontang LNG Terminal,2022-12,83,83652,1135224,1218876,-7.777777777777772,20.883181643722317
Bontang LNG Terminal,2023-01,82,26193,1334728,1360921,32.258064516129025,306.932608526645
Bontang LNG Terminal,2023-02,87,25661,1116343,1142004,47.457627118644076,0.1566367133302604
Bontang LNG Terminal,2023-03,112,26379,1012072,1038451,16.666666666666675,-20.303069838833466
Bontang LNG Terminal,2023-04,96,15741,1241503,1257244,7.86516853932584,9.726975116796833
Bontang LNG Terminal,2023-05,101,12066,1221438,1233504,65.57377049180329,28.579469881125608
Bontang LNG Terminal,2023-06,99,42761,1091898,1134659,4.210526315789465,-15.951620991594861
Bontang LNG Terminal,2023-07,103,10082,1416565,1426647,11.956521739130444,-2.743224256537824
Bontang LNG Terminal,2023-08,95,21500,1305630,1327130,0.0,-4.166507200528002
Bontang LNG Terminal,2023-09,108,10135,1364675,1374810,11.340206185567014,-2.6463321628034886
Bontang LNG Terminal,2023-10,107,80501,1281536,1362037,12.631578947368416,21.809910156452617
Bontang LNG Terminal,2023-11,96,17736,1238355,1256091,24.675324675324674,-1.949012496692193
Bontang LNG Terminal,2023-12,114,17946,1490523,1508469,37.34939759036144,23.759020605869672
Bontang LNG Terminal,2024-01,90,9639,1210977,1220616,9.756097560975618,-10.309562421330853
Bontang LNG Terminal,2024-02,95,16792,1350822,1367614,9.195402298850585,19.755622572250186
Bontang LNG Terminal,2024-03,107,17100,1148164,1165264,-4.46428571428571,12.211746148831292
Bontang LNG Terminal,2024-04,98,85072,1208315,1293387,2.083333333333326,2.8747800745121843
Bontang LNG Terminal,2024-05,106,25361,1344018,1369379,4.950495049504955,11.01536760318571
Bontang LNG Terminal,2024-06,105,33136,1200058,1233194,6.060606060606055,8.684106855011064
Bontang LNG Terminal,2024-07,114,104096,1251947,1356043,10.679611650485432,-4.948946726134773
Bontang LNG Terminal,2024-08,106,24258,1273217,1297475,11.578947368421044,-2.2345211094617734
Bontang LNG Terminal,2024-09,92,35674,1274137,1309811,-14.814814814814813,-4.727853303365559
Bontang LNG Terminal,2024-10,121,21343,1650079,1671422,13.08411214953271,22.714874852885792
Bontang LNG Terminal,2024-11,100,40130,1414081,1454211,4.166666666666674,15.772742579956379
Bontang LNG Terminal,2024-12,94,17414,1180067,1197481,-17.543859649122805,-20.616134637171857
Bontang LNG Terminal,2025-01,102,22528,1261046,1283574,13.33333333333333,5.157887492872448
Bontang LNG Terminal,2025-02,88,12552,1093554,1106106,-7.36842105263158,-19.12147725893417
Bontang LNG Terminal,2025-03,116,20529,975416,995945,8.411214953271017,-14.530526987875714
Bontang LNG Terminal,2025-04,88,17128,1230266,1247394,-10.204081632653061,-3.55601223763653
Bontang LNG Terminal,2025-05,100,27417,1420835,1448252,-5.660377358490565,5.759764097448561
Bontang LNG Terminal,2025-06,96,64373,1275499,1339872,-8.571428571428575,8.650544845336583
Bontang LNG Terminal,2025-07,110,49391,1645950,1695341,-3.508771929824561,25.021182956587662
Bontang LNG Terminal,2025-08,105,41024,1205667,1246691,-0.9433962264150941,-3.9140638547948914
Bontang LNG Terminal,2025-09,91,15745,1501607,1517352,-1.0869565217391353,15.845110477771218
Bontang LNG Terminal,2025-10,86,21349,1143059,1164408,-28.925619834710748,-30.33429020319225
Bontang LNG Terminal,2025-11,88,78252,1014979,1093231,-12.0,-24.823082757591575
Bontang LNG Terminal,2025-12,100,21700,1749210,1770910,6.382978723404253,47.88627126442926
Bontang LNG Terminal,2026-01,83,13101,1352980,1366081,-18.627450980392158,6.42791144102326
Bontang LNG Terminal,2026-02,91,16399,1081748,1098147,3.409090909090917,-0.7195512907442914
Bontang LNG Terminal,2026-03,80,18664,1082370,1101034,-31.034482758620683,10.551687091154637
Bontang LNG Terminal,2026-04,79,26909,1155578,1182487,-10.22727272727273,-5.203408065134196
Bontang LNG Terminal,2026-05,100,16883,1300256,1317139,0.0,-9.053189638267378
Bontang LNG Terminal,2026-06,90,13535,983083,996618,-6.25,-25.618417281650785
Bontang LNG Terminal,2026-07,87,58089,1226184,1284273,-20.90909090909091,-24.246921415809563
Bontang LNG Terminal,2026-08,85,19285,1054954,1074239,-19.047619047619047,-13.832778130266444
Bula,2019-01,4,851,992,1843,,
Bula,2019-02,5,1702,1984,3686,,
Bula,2019-03,3,1702,1984,3686,,
Bula,2019-04,5,851,992,1843,,
Bula,2019-05,9,0,0,0,,
Bula,2019-06,6,56,1055,1111,,
Bula,2019-07,3,0,0,0,,
Bula,2019-08,3,0,0,0,,
Bula,2019-09,3,0,0,0,,
Bula,2019-10,3,0,0,0,,
Bula,2019-11,2,0,0,0,,
Bula,2019-12,2,0,0,0,,
Bula,2020-01,1,0,0,0,-75.0,-100.0
Bula,2020-02,2,851,992,1843,-60.0,-50.0
Bula,2020-03,3,2553,2976,5529,0.0,50.0
Bula,2020-04,3,2553,2976,5529,-40.0,200.0
Bula,2020-05,1,0,0,0,-88.88888888888889,
Bula,2020-06,4,2553,2976,5529,-33.333333333333336,397.65976597659767
Bula,2020-07,2,1702,1984,3686,-33.333333333333336,inf
Bula,2020-08,4,2553,2976,5529,33.33333333333333,inf
Bula,2020-09,2,1702,1984,3686,-33.333333333333336,inf
Bula,2020-10,2,1702,1984,3686,-33.333333333333336,inf
Bula,2020-11,2,851,16411,17262,0.0,inf
Bula,2020-12,3,2553,2976,5529,50.0,inf
Bula,2021-01,4,3404,3968,7372,300.0,inf
Bula,2021-02,3,2553,2976,5529,50.0,200.0
Bula,2021-03,3,2553,2976,5529,0.0,0.0
Bula,2021-04,5,4255,4960,9215,66.66666666666667,66.66666666666667
Bula,2021-05,3,2553,2976,5529,200.0,inf
Bula,2021-06,3,2553,2976,5529,-25.0,0.0
Bula,2021-07,2,1702,1984,3686,0.0,0.0
Bula,2021-08,6,5106,5952,11058,50.0,100.0
Bula,2021-09,4,3404,3968,7372,100.0,100.0
Bula,2021-10,2,1702,1984,3686,0.0,0.0
Bula,2021-11,4,3404,3968,7372,100.0,-57.2934770015062
Bula,2021-12,5,4387,2373,6760,66.66666666666667,22.264423946464106
Bula,2022-01,3,4382,1984,6366,-25.0,-13.646228974498097
Bula,2022-02,5,11090,992,12082,66.66666666666667,118.5205281244348
Bula,2022-03,1,851,992,1843,-66.66666666666667,-66.66666666666667
Bula,2022-04,2,1702,1984,3686,-60.0,-60.0
Bula,2022-05,2,1702,1984,3686,-33.333333333333336,-33.333333333333336
Bula,2022-06,2,1702,1984,3686,-33.333333333333336,-33.333333333333336
Bula,2022-07,3,2553,2976,5529,50.0,50.0
Bula,2022-08,2,1702,1984,3686,-66.66666666666667,-66.66666666666667
Bula,2022-09,3,2553,2976,5529,-25.0,-25.0
Bula,2022-10,3,2553,2976,5529,50.0,50.0
Bula,2022-11,2,1702,1984,3686,-50.0,-50.0
Bula,2022-12,4,2609,4031,6640,-19.999999999999996,-1.7751479289940808
Bula,2023-01,3,2371,1984,4355,0.0,-31.589695256047754
Bula,2023-02,2,1702,1984,3686,-60.0,-69.49180599238537
Bula,2023-03,3,2690,1984,4674,200.0,153.6082474226804
Bula,2023-04,2,851,992,1843,0.0,-50.0
Bula,2023-05,6,5088,4960,10048,200.0,172.5990233315247
Bula,2023-06,3,2553,2976,5529,50.0,50.0
Bula,2023-07,1,851,992,1843,-66.66666666666667,-66.66666666666667
Bula,2023-08,1,343,0,343,-50.0,-90.69451980466631
Bula,2023-09,3,3657,1156,4813,0.0,-12.949900524507141
Bula,2023-10,3,3759,1984,5743,0.0,3.870500994754922
Bula,2023-11,3,2553,2976,5529,50.0,50.0
Bula,2023-12,6,4788,6575,11363,50.0,71.12951807228916
Bula,2024-01,5,4508,2980,7488,66.66666666666667,71.94029850746269
Bula,2024-02,4,4164,1156,5320,100.0,44.329896907216494
Bula,2024-03,4,2354,2310,4664,33.33333333333333,-0.21394950791613354
Bula,2024-04,5,5739,1074,6813,150.0,269.6690179055887
Bula,2024-05,3,1646,162,1808,-50.0,-82.00636942675159
Bula,2024-06,4,1683,1644,3327,33.33333333333333,-39.826370048833425
Bula,2024-07,3,3411,1074,4485,200.0,143.3532284319045
Bula,2024-08,5,2254,2613,4867,400.0,1318.9504373177842
Bula,2024-09,4,4070,0,4070,33.33333333333333,-15.437357157697907
Bula,2024-10,5,3078,82,3160,66.66666666666667,-44.97649312206165
Bula,2024-11,3,2235,2899,5134,0.0,-7.144149032374747
Bula,2024-12,4,3870,535,4405,-33.333333333333336,-61.233829094429296
Bula,2025-01,6,7963,992,8955,19.999999999999996,19.591346153846146
Bula,2025-02,3,7579,992,8571,-25.0,61.10902255639097
Bula,2025-03,6,7579,992,8571,50.0,83.76929674099485
Bula,2025-04,6,6912,3301,10213,19.999999999999996,49.90459415822692
Bula,2025-05,5,6191,1984,8175,66.66666666666667,352.1570796460177
Bula,2025-06,5,4000,1984,5984,25.0,79.86173730087165
Bula,2025-07,3,6422,992,7414,0.0,65.30657748049052
Bula,2025-08,3,2553,2976,5529,-40.0,13.601808095335933
Bula,2025-09,2,1702,1984,3686,-50.0,-9.434889434889438
Bula,2025-10,1,851,992,1843,-80.0,-41.677215189873415
Bula,2025-11,2,1702,1984,3686,-33.333333333333336,-28.204129333852745
Bula,2025-12,1,851,992,1843,-75.0,-58.16118047673099
Bula,2026-01,3,1702,1996,3698,-50.0,-58.70463428252373
Bula,2026-02,5,4255,4960,9215,66.66666666666667,7.513709018784276
Bula,2026-03,5,3416,3968,7384,-16.666666666666664,-13.84902578462256
Bula,2026-04,4,3802,2976,6778,-33.333333333333336,-33.63360422990307
Bula,2026-05,3,2705,1984,4689,-40.0,-42.642201834862384
Bula,2026-06,6,5198,16994,22192,19.999999999999996,270.85561497326205
Bula,2026-07,2,1234,992,2226,-33.333333333333336,-69.97572160776909
Bula,2026-08,1,231,0,231,-66.66666666666667,-95.82202930005425
Bunati,2019-01,56,1177,2231710,2232887,,
Bunati,2019-02,48,2283,1771065,1773348,,
Bunati,2019-03,47,0,1961461,1961461,,
Bunati,2019-04,54,563,1984357,1984920,,
Bunati,2019-05,47,3531,2000566,2004097,,
Bunati,2019-06,33,258,1235319,1235577,,
Bunati,2019-07,50,2354,2179079,2181433,,
Bunati,2019-08,53,4650,1839891,1844541,,
Bunati,2019-09,58,949,2294592,2295541,,
Bunati,2019-10,56,2201,2167617,2169818,,
Bunati,2019-11,52,1177,1969750,1970927,,
Bunati,2019-12,62,0,2370630,2370630,,
Bunati,2020-01,64,1426,2346398,2347824,14.28571428571428,5.1474615598550155
Bunati,2020-02,56,0,2328294,2328294,16.666666666666675,31.293688548440567
Bunati,2020-03,73,1435,2791345,2792780,55.3191489361702,42.38264232630677
Bunati,2020-04,65,5407,2466073,2471480,20.370370370370374,24.512826713419187
Bunati,2020-05,71,1177,2851846,2853023,51.06382978723405,42.35952650994439
Bunati,2020-06,51,1177,2042534,2043711,54.54545454545454,65.40539359343853
Bunati,2020-07,42,0,1492898,1492898,-16.000000000000004,-31.563426426573727
Bunati,2020-08,37,0,1479816,1479816,-30.188679245283023,-19.773211872221875
Bunati,2020-09,36,0,1531031,1531031,-37.93103448275862,-33.30413179289762
Bunati,2020-10,46,1177,1767133,1768310,-17.85714285714286,-18.50422477829938
Bunati,2020-11,60,5269,2104204,2109473,15.384615384615374,7.029484095555039
Bunati,2020-12,73,0,2769008,2769008,17.741935483870975,16.804731231782277
Bunati,2021-01,66,2354,2359502,2361856,3.125,0.5976597905124059
Bunati,2021-02,62,2354,2344205,2346559,10.71428571428572,0.7844799668770275
Bunati,2021-03,57,1177,2476036,2477213,-21.91780821917808,-11.299386274608093
Bunati,2021-04,67,1675,2466691,2468366,3.076923076923066,-0.1259973780892376
Bunati,2021-05,56,1094,2141004,2142098,-21.126760563380287,-24.91830595126643
Bunati,2021-06,63,1098,2396063,2397161,23.529411764705888,17.294519626307235
Bunati,2021-07,60,216,2246376,2246592,42.85714285714286,50.48529772295227
Bunati,2021-08,62,0,2556114,2556114,67.56756756756756,72.73188017969802
Bunati,2021-09,50,0,1951617,1951617,38.888888888888886,27.470769697021158
Bunati,2021-10,49,0,2075509,2075509,6.521739130434789,17.372462973121227
Bunati,2021-11,58,5257,2550882,2556139,-3.3333333333333326,21.1742932950552
Bunati,2021-12,58,2917,2881138,2884055,-20.547945205479458,4.154809231320389
Bunati,2022-01,47,0,1697751,1697751,-28.787878787878785,-28.117929289507913
Bunati,2022-02,73,3773,2786759,2790532,17.741935483870975,18.920172047666384
Bunati,2022-03,74,2719,3074524,3077243,29.824561403508774,24.221978489536422
Bunati,2022-04,53,258,2389138,2389396,-20.895522388059707,-3.1992824402864106
Bunati,2022-05,57,2612,1981376,1983988,1.7857142857142794,-7.381081537819467
Bunati,2022-06,60,2852,2547554,2550406,-4.761904761904767,6.392770448042495
Bunati,2022-07,63,432,2563620,2564052,5.000000000000004,14.130736689171863
Bunati,2022-08,69,3132,3453351,3456483,11.290322580645151,35.22413319593727
Bunati,2022-09,63,779,2790078,2790857,26.0,43.002289896019555
Bunati,2022-10,48,3543,1907993,1911536,-2.0408163265306145,-7.900375281436989
Bunati,2022-11,82,16801,3742037,3758838,41.37931034482758,47.05139274507373
Bunati,2022-12,58,1914,2570146,2572060,0.0,-10.817928229524053
Bunati,2023-01,49,2149,1973031,1975180,4.255319148936176,16.34097108468793
Bunati,2023-02,64,1552,2437763,2439315,-12.328767123287676,-12.586023023566828
Bunati,2023-03,85,1677,3480042,3481719,14.864864864864868,13.144103341855029
Bunati,2023-04,59,1470,2574569,2576039,11.32075471698113,7.8113046142205045
Bunati,2023-05,54,1062,2186656,2187718,-5.263157894736848,10.268711302689336
Bunati,2023-06,59,498,2655888,2656386,-1.6666666666666718,4.155416823831182
Bunati,2023-07,64,8236,2071890,2080126,1.5873015873015817,-18.87348618514757
Bunati,2023-08,74,1146,2660881,2662027,7.246376811594213,-22.984519235303637
Bunati,2023-09,62,2141,2375294,2377435,-1.5873015873015928,-14.813442609205707
Bunati,2023-10,48,1675,1927973,1929648,0.0,0.9475102744599173
Bunati,2023-11,73,6246,3325893,3332139,-10.97560975609756,-11.351885875368929
Bunati,2023-12,73,8155,3359288,3367443,25.86206896551724,30.92396755907716
Bunati,2024-01,59,1177,2812959,2814136,20.408163265306122,42.47491367875333
Bunati,2024-02,61,2354,2592862,2595216,-4.6875,6.391179490963661
Bunati,2024-03,65,10378,2628846,2639224,-23.529411764705888,-24.19767362041566
Bunati,2024-04,66,3318,2376856,2380174,11.864406779661007,-7.603339856267699
Bunati,2024-05,72,19013,2703692,2722705,33.33333333333333,24.454111544540936
Bunati,2024-06,50,8041,1659433,1667474,-15.254237288135597,-37.22772217591871
Bunati,2024-07,64,4923,2378712,2383635,0.0,14.590894974631352
Bunati,2024-08,71,2863,3693185,3696048,-4.054054054054057,38.84337010856764
Bunati,2024-09,65,10821,3585463,3596284,4.8387096774193505,51.26739532311084
Bunati,2024-10,62,0,2929540,2929540,29.166666666666675,51.817326268832446
Bunati,2024-11,85,3821,3818043,3821864,16.43835616438356,14.697015940811585
Bunati,2024-12,75,3603,2625311,2628914,2.7397260273972712,-21.931447688943805
Bunati,2025-01,87,4255,3962056,3966311,47.457627118644076,40.94240647928884
Bunati,2025-02,80,5713,3336608,3342321,31.147540983606547,28.787777202360033
Bunati,2025-03,80,2671,3167502,3170173,23.076923076923084,20.117617905869302
Bunati,2025-04,78,2422,3235873,3238295,18.181818181818187,36.05286840373856
Bunati,2025-05,73,2487,3037700,3040187,1.388888888888884,11.660536121247066
Bunati,2025-06,72,2084,3016356,3018440,43.99999999999999,81.01871453467939
Bunati,2025-07,90,5505,3950563,3956068,40.625,65.96786001212433
Bunati,2025-08,115,1675,5518991,5520666,61.9718309859155,49.36672900351944
Bunati,2025-09,92,4181,4116173,4120354,41.53846153846155,14.57254210179173
Bunati,2025-10,96,498,4625228,4625726,54.83870967741935,57.899397174983115
Bunati,2025-11,108,1177,5005880,5007057,27.058823529411757,31.01086276225422
Bunati,2025-12,98,2182,4383330,4385512,30.666666666666664,66.81838964682755
Bunati,2026-01,92,1426,4676786,4678212,5.747126436781613,17.94869338284366
Bunati,2026-02,74,2173,3159801,3161974,-7.499999999999996,-5.39586113960927
Bunati,2026-03,70,1694,2842839,2844533,-12.5,-10.271994619851977
Bunati,2026-04,101,1615,4852431,4854046,29.487179487179493,49.89511455874156
Bunati,2026-05,100,307,4866738,4867045,36.98630136986301,60.09031681274868
Bunati,2026-06,94,5039,4237980,4243019,30.555555555555557,40.569930162600556
Bunati,2026-07,92,4766,3686667,3691433,2.2222222222222143,-6.689344065875513
Bunati,2026-08,89,3987,3835914,3839901,-22.608695652173914,-30.44496805276755
Cilacap,2019-01,69,789840,313855,1103695,,
Cilacap,2019-02,65,772546,303534,1076080,,
Cilacap,2019-03,76,899834,384865,1284699,,
Cilacap,2019-04,67,806993,366153,1173146,,
Cilacap,2019-05,78,854696,605279,1459975,,
Cilacap,2019-06,70,860977,463528,1324505,,
Cilacap,2019-07,79,787532,432371,1219903,,
Cilacap,2019-08,81,924259,540046,1464305,,
Cilacap,2019-09,61,446679,206778,653457,,
Cilacap,2019-10,54,431109,308112,739221,,
Cilacap,2019-11,77,857781,390918,1248699,,
Cilacap,2019-12,57,668298,220364,888662,,
Cilacap,2020-01,63,695808,255459,951267,-8.695652173913048,-13.810699513905567
Cilacap,2020-02,65,710872,344964,1055836,0.0,-1.8812727678239494
Cilacap,2020-03,71,522219,469998,992217,-6.578947368421051,-22.766578007766803
Cilacap,2020-04,82,874378,541911,1416289,22.388059701492537,20.72572382295128
Cilacap,2020-05,61,544579,361606,906185,-21.794871794871796,-37.9314714293053
Cilacap,2020-06,73,581663,367654,949317,4.285714285714293,-28.326657883511196
Cilacap,2020-07,63,611898,396972,1008870,-20.253164556962023,-17.299162310445993
Cilacap,2020-08,67,620580,414929,1035509,-17.28395061728395,-29.28324358654788
Cilacap,2020-09,66,537632,414183,951815,8.196721311475418,45.658398333784774
Cilacap,2020-10,63,662074,347555,1009629,16.666666666666675,36.5801296229409
Cilacap,2020-11,57,692013,247382,939395,-25.97402597402597,-24.770100720830236
Cilacap,2020-12,57,626367,296242,922609,0.0,3.8200125582054767
Cilacap,2021-01,58,463920,271643,735563,-7.936507936507942,-22.675442331122596
Cilacap,2021-02,53,302775,289305,592080,-18.461538461538463,-43.923109270757955
Cilacap,2021-03,57,674784,298740,973524,-19.718309859154925,-1.8839628831193167
Cilacap,2021-04,59,563665,400743,964408,-28.04878048780488,-31.905988114007798
Cilacap,2021-05,49,137066,286888,423954,-19.672131147540984,-53.21551338854648
Cilacap,2021-06,54,484923,331718,816641,-26.027397260273975,-13.975942704070398
Cilacap,2021-07,55,416141,310117,726258,-12.698412698412698,-28.0127271105296
Cilacap,2021-08,77,754472,478055,1232527,14.925373134328357,19.02619871000639
Cilacap,2021-09,67,593181,452481,1045662,1.5151515151515138,9.859794182693072
Cilacap,2021-10,63,444317,391698,836015,0.0,-17.19582143539855
Cilacap,2021-11,69,454308,343813,798121,21.052631578947366,-15.038828181968178
Cilacap,2021-12,72,580023,512820,1092843,26.315789473684205,18.451369973629127
Cilacap,2022-01,71,1023352,445569,1468921,22.413793103448263,99.70022962003256
Cilacap,2022-02,59,690173,397972,1088145,11.32075471698113,83.7834414268342
Cilacap,2022-03,73,677973,517098,1195071,28.07017543859649,22.75722016098216
Cilacap,2022-04,71,569456,415824,985280,20.338983050847446,2.1642292473724734
Cilacap,2022-05,55,389291,284358,673649,12.244897959183664,58.8967199271619
Cilacap,2022-06,59,468778,386725,855503,9.259259259259256,4.7587618059832915
Cilacap,2022-07,59,441066,422097,863163,7.272727272727275,18.850738993580784
Cilacap,2022-08,78,855796,476166,1331962,1.298701298701288,8.06757174487862
Cilacap,2022-09,73,699469,548036,1247505,8.955223880597018,19.302891374076903
Cilacap,2022-10,79,695024,649610,1344634,25.396825396825395,60.83850170152449
Cilacap,2022-11,76,508528,661096,1169624,10.144927536231885,46.54720274244131
Cilacap,2022-12,77,764362,519018,1283380,6.944444444444442,17.43498379913675
Cilacap,2023-01,78,715770,611446,1327216,9.859154929577475,-9.64687685723058
Cilacap,2023-02,70,733337,449695,1183032,18.644067796610166,8.720069476034897
Cilacap,2023-03,58,529382,443651,973033,-20.547945205479458,-18.579481888523773
Cilacap,2023-04,61,559724,474847,1034571,-14.084507042253524,5.002740337771994
Cilacap,2023-05,55,342254,536522,878776,0.0,30.450130557604925
Cilacap,2023-06,36,244859,353981,598840,-38.983050847457626,-30.00141437259718
Cilacap,2023-07,43,223689,344924,568613,-27.118644067796616,-34.12449328805799
Cilacap,2023-08,58,492540,412827,905367,-25.64102564102564,-32.027565350963464
Cilacap,2023-09,72,479311,604241,1083552,-1.3698630136986356,-13.142472374860226
Cilacap,2023-10,79,717400,701185,1418585,0.0,5.499712189339245
Cilacap,2023-11,70,421670,423072,844742,-7.8947368421052655,-27.77661881083151
Cilacap,2023-12,90,745493,654476,1399969,16.883116883116877,9.084526796428172
Cilacap,2024-01,78,367685,628464,996149,0.0,-24.94447022941254
Cilacap,2024-02,74,636136,607154,1243290,5.714285714285716,5.093522406832607
Cilacap,2024-03,89,865773,652409,1518182,53.448275862068975,56.02574630048518
Cilacap,2024-04,83,450456,495893,946349,36.065573770491795,-8.52739927950813
Cilacap,2024-05,79,501104,867790,1368894,43.636363636363626,55.77280217029141
Cilacap,2024-06,76,553436,577672,1131108,111.11111111111111,88.88317413666422
Cilacap,2024-07,76,399903,570124,970027,76.74418604651163,70.5952906458347
Cilacap,2024-08,76,682745,587833,1270578,31.034482758620683,40.338448386124085
Cilacap,2024-09,76,566501,503086,1069587,5.555555555555558,-1.2888167803667971
Cilacap,2024-10,75,468695,558518,1027213,-5.063291139240511,-27.588900206896305
Cilacap,2024-11,75,453958,512194,966152,7.14285714285714,14.372435607558277
Cilacap,2024-12,73,382261,571877,954138,-18.88888888888889,-31.845776585052953
Cilacap,2025-01,50,499312,207553,706865,-35.89743589743589,-29.040233940906436
Cilacap,2025-02,53,588894,348910,937804,-28.37837837837838,-24.570775925166288
Cilacap,2025-03,63,343124,590587,933711,-29.21348314606742,-38.49808520981015
Cilacap,2025-04,62,648159,519496,1167655,-25.30120481927711,23.385241596916153
Cilacap,2025-05,65,530837,529300,1060137,-17.721518987341767,-22.555216108771027
Cilacap,2025-06,73,723611,521669,1245280,-3.9473684210526327,10.093819511487844
Cilacap,2025-07,77,776318,543421,1319739,1.3157894736842035,36.05178000199993
Cilacap,2025-08,68,599869,536031,1135900,-10.526315789473683,-10.599742794224365
Cilacap,2025-09,81,465710,533641,999351,6.578947368421062,-6.566646752438087
Cilacap,2025-10,80,645631,609552,1255183,6.666666666666665,22.193060251379215
Cilacap,2025-11,74,526692,532678,1059370,-1.3333333333333308,9.648378309003135
Cilacap,2025-12,68,437884,443470,881354,-6.849315068493156,-7.628246647759552
Cilacap,2026-01,79,410531,652622,1063153,58.00000000000001,50.403966811201585
Cilacap,2026-02,65,322022,552107,874129,22.64150943396226,-6.789798294739624
Cilacap,2026-03,77,506158,526058,1032216,22.222222222222232,10.549838226174902
Cilacap,2026-04,71,649812,374030,1023842,14.516129032258075,-12.316394825526377
Cilacap,2026-05,69,694360,496731,1191091,6.153846153846154,12.352554434002405
Cilacap,2026-06,59,561876,506337,1068213,-19.17808219178082,-14.219051137093663
Cilacap,2026-07,55,587624,421838,1009462,-28.57142857142857,-23.510481996819067
Cilacap,2026-08,61,420684,408341,829025,-10.29411764705882,-27.016022537195173
Cirebon,2019-01,21,76078,8006,84084,,
Cirebon,2019-02,30,88695,16726,105421,,
Cirebon,2019-03,36,86979,24960,111939,,
Cirebon,2019-04,30,86095,14011,100106,,
Cirebon,2019-05,23,49204,10958,60162,,
Cirebon,2019-06,22,69199,12787,81986,,
Cirebon,2019-07,27,79401,13128,92529,,
Cirebon,2019-08,27,72797,11671,84468,,
Cirebon,2019-09,29,70995,13678,84673,,
Cirebon,2019-10,26,75555,13793,89348,,
Cirebon,2019-11,22,68246,10032,78278,,
Cirebon,2019-12,15,26829,2895,29724,,
Cirebon,2020-01,14,34548,7458,42006,-33.333333333333336,-50.04281432852862
Cirebon,2020-02,26,76693,29761,106454,-13.33333333333333,0.9798806689369277
Cirebon,2020-03,34,77967,14429,92396,-5.555555555555558,-17.458615853277227
Cirebon,2020-04,20,35252,27519,62771,-33.333333333333336,-37.29546680518651
Cirebon,2020-05,18,55138,3171,58309,-21.739130434782606,-3.0800172866593534
Cirebon,2020-06,23,75572,7647,83219,4.545454545454541,1.5039153026126462
Cirebon,2020-07,19,50590,8748,59338,-29.629629629629626,-35.87091614520853
Cirebon,2020-08,21,72167,4341,76508,-22.22222222222222,-9.4236870767628
Cirebon,2020-09,23,59078,22868,81946,-20.68965517241379,-3.220625228821461
Cirebon,2020-10,27,79298,9837,89135,3.8461538461538547,-0.23839369655728193
Cirebon,2020-11,25,41043,18539,59582,13.636363636363647,-23.884105368047216
Cirebon,2020-12,23,59114,18254,77368,53.33333333333334,160.28798277486206
Cirebon,2021-01,18,60532,4589,65121,28.57142857142858,55.02785316383374
Cirebon,2021-02,20,62352,12774,75126,-23.076923076923073,-29.428673417626396
Cirebon,2021-03,19,57127,11216,68343,-44.11764705882353,-26.032512229966663
Cirebon,2021-04,14,33498,27888,61386,-30.000000000000004,-2.206432906915612
Cirebon,2021-05,16,53033,10804,63837,-11.111111111111116,9.480526162342006
Cirebon,2021-06,10,35034,3103,38137,-56.52173913043479,-54.172724978670736
Cirebon,2021-07,16,18106,7053,25159,-15.789473684210531,-57.600525801341476
Cirebon,2021-08,17,51900,8099,59999,-19.047619047619047,-21.578135619804463
Cirebon,2021-09,15,33438,19415,52853,-34.78260869565217,-35.50264808532448
Cirebon,2021-10,17,44873,17451,62324,-37.03703703703704,-30.07909350984461
Cirebon,2021-11,21,63793,4794,68587,-16.000000000000004,15.113624920277946
Cirebon,2021-12,25,84542,5036,89578,8.695652173913038,15.781718539964839
Cirebon,2022-01,24,78701,2516,81217,33.33333333333333,24.717065155633367
Cirebon,2022-02,13,48231,6416,54647,-35.0,-27.25953731065144
Cirebon,2022-03,20,57493,3707,61200,5.263157894736836,-10.45169219964005
Cirebon,2022-04,18,57908,3318,61226,28.57142857142858,-0.26064574984524524
Cirebon,2022-05,10,17862,2507,20369,-37.5,-68.09217225120227
Cirebon,2022-06,10,16710,1906,18616,0.0,-51.186511786454105
Cirebon,2022-07,15,41252,4061,45313,-6.25,80.1065225167932
Cirebon,2022-08,20,61206,9214,70420,17.647058823529417,17.368622810380163
Cirebon,2022-09,17,27755,9093,36848,13.33333333333333,-30.2821031918718
Cirebon,2022-10,14,26405,9520,35925,-17.647058823529417,-42.357679224696746
Cirebon,2022-11,13,22202,15594,37796,-38.095238095238095,-44.89334713575459
Cirebon,2022-12,13,38897,7487,46384,-48.0,-48.2194288776262
Cirebon,2023-01,23,67106,14605,81711,-4.1666666666666625,0.608247041875476
Cirebon,2023-02,30,79559,18823,98382,130.76923076923075,80.031840723187
Cirebon,2023-03,31,73708,13664,87372,55.00000000000001,42.76470588235295
Cirebon,2023-04,22,44706,7802,52508,22.222222222222232,-14.239048770130335
Cirebon,2023-05,38,67268,20205,87473,280.0,329.4417988119201
Cirebon,2023-06,32,64665,15338,80003,220.00000000000003,329.75397507520415
Cirebon,2023-07,39,95619,25512,121131,160.0,167.32063646194248
Cirebon,2023-08,33,88127,31173,119300,64.99999999999999,69.41209883555808
Cirebon,2023-09,27,66884,21003,87887,58.823529411764696,138.51226660877117
Cirebon,2023-10,34,92453,32747,125200,142.85714285714283,248.50382741823242
Cirebon,2023-11,28,59680,24829,84509,115.38461538461537,123.59244364483013
Cirebon,2023-12,31,86293,13068,99361,138.46153846153845,114.21395308727149
Cirebon,2024-01,23,54361,10580,64941,0.0,-20.52355252046848
Cirebon,2024-02,29,84966,25428,110394,-3.3333333333333326,12.209550527535518
Cirebon,2024-03,25,74006,22388,96394,-19.354838709677423,10.325962550931656
Cirebon,2024-04,20,44623,18736,63359,-9.090909090909093,20.665422411822966
Cirebon,2024-05,20,65567,20508,86075,-47.36842105263158,-1.5982074468693153
Cirebon,2024-06,18,38927,15563,54490,-43.75,-31.89005412297039
Cirebon,2024-07,18,47181,24856,72037,-53.84615384615385,-40.52967448464885
Cirebon,2024-08,29,75338,11857,87195,-12.121212121212121,-26.91114836546521
Cirebon,2024-09,29,80688,9674,90362,7.407407407407418,2.816116149146053
Cirebon,2024-10,25,85194,16202,101396,-26.470588235294112,-19.012779552715653
Cirebon,2024-11,25,80075,17195,97270,-10.71428571428571,15.100166846134734
Cirebon,2024-12,20,67500,11260,78760,-35.483870967741936,-20.733486981813787
Cirebon,2025-01,19,67067,9149,76216,-17.391304347826086,17.361913121140727
Cirebon,2025-02,27,98041,12496,110537,-6.896551724137934,0.1295360255086253
Cirebon,2025-03,24,78577,9767,88344,-4.0000000000000036,-8.351142187273064
Cirebon,2025-04,13,39371,11218,50589,-35.0,-20.15498981991509
Cirebon,2025-05,18,50617,17112,67729,-9.999999999999998,-21.313970374673254
Cirebon,2025-06,20,70735,9710,80445,11.111111111111116,47.63259313635528
Cirebon,2025-07,23,78699,12801,91500,27.777777777777768,27.018060163527082
Cirebon,2025-08,25,91731,20007,111738,-13.793103448275868,28.147256150008594
Cirebon,2025-09,24,97236,10139,107375,-17.24137931034483,18.82760452402559
Cirebon,2025-10,31,128531,17361,145892,24.0,43.88338790484831
Cirebon,2025-11,35,128094,11935,140029,39.99999999999999,43.95908296494295
Cirebon,2025-12,30,118098,17209,135307,50.0,71.7965972574911
Cirebon,2026-01,24,95949,8594,104543,26.315789473684205,37.16673664322452
Cirebon,2026-02,26,100652,9898,110550,-3.703703703703709,0.011760767887669665
Cirebon,2026-03,31,100100,9827,109927,29.166666666666675,24.430634791270478
Cirebon,2026-04,29,106271,21773,128044,123.07692307692308,153.10640653106407
Cirebon,2026-05,29,98120,12855,110975,61.111111111111114,63.85152593423793
Cirebon,2026-06,33,93356,20033,113389,64.99999999999999,40.95220336876126
Cirebon,2026-07,22,90940,17215,108155,-4.347826086956519,18.202185792349734
Cirebon,2026-08,19,68030,8482,76512,-24.0,-31.525532943134838
Donggala,2019-01,37,37740,10490,48230,,
Donggala,2019-02,28,27545,6874,34419,,
Donggala,2019-03,29,25609,9092,34701,,
Donggala,2019-04,26,23005,11182,34187,,
Donggala,2019-05,25,26550,12576,39126,,
Donggala,2019-06,17,19624,4745,24369,,
Donggala,2019-07,22,31977,5246,37223,,
Donggala,2019-08,26,26604,11723,38327,,
Donggala,2019-09,26,35287,12448,47735,,
Donggala,2019-10,32,31616,12686,44302,,
Donggala,2019-11,28,18039,20479,38518,,
Donggala,2019-12,28,25151,10911,36062,,
Donggala,2020-01,26,28835,11803,40638,-29.729729729729726,-15.74123989218329
Donggala,2020-02,28,23563,9900,33463,0.0,-2.777535663441699
Donggala,2020-03,26,23702,8714,32416,-10.344827586206895,-6.584824644822918
Donggala,2020-04,28,32957,14502,47459,7.692307692307687,38.821774358674354
Donggala,2020-05,30,30013,10358,40371,19.999999999999996,3.182027296426937
Donggala,2020-06,29,30010,10341,40351,70.58823529411764,65.58332307439781
Donggala,2020-07,31,35057,9191,44248,40.90909090909092,18.872739972597596
Donggala,2020-08,33,29838,16367,46205,26.923076923076916,20.554700341795606
Donggala,2020-09,34,42143,9985,52128,30.76923076923077,9.202890960511144
Donggala,2020-10,38,51703,16582,68285,18.75,54.13525348742721
Donggala,2020-11,27,43299,5954,49253,-3.57142857142857,27.870086712705742
Donggala,2020-12,27,22087,6356,28443,-3.57142857142857,-21.12750263435195
Donggala,2021-01,27,28944,6733,35677,3.8461538461538547,-12.207785816231109
Donggala,2021-02,24,22744,6956,29700,-14.28571428571429,-11.24525595433763
Donggala,2021-03,29,33294,7794,41088,11.538461538461542,26.75222112537019
Donggala,2021-04,26,16477,16291,32768,-7.14285714285714,-30.955140226300593
Donggala,2021-05,29,30362,5450,35812,-3.3333333333333326,-11.292759654207229
Donggala,2021-06,29,35624,5398,41022,0.0,1.662907982453965
Donggala,2021-07,24,31789,6552,38341,-22.580645161290324,-13.34975592117158
Donggala,2021-08,27,44039,6400,50439,-18.181818181818176,9.163510442592804
Donggala,2021-09,16,19067,2417,21484,-52.94117647058824,-58.78606507059545
Donggala,2021-10,27,34327,9257,43584,-28.947368421052634,-36.17339093505162
Donggala,2021-11,29,33539,5109,38648,7.407407407407418,-21.531683349237607
Donggala,2021-12,38,69661,4977,74638,40.74074074074075,162.41254438701964
Donggala,2022-01,37,58102,6706,64808,37.037037037037045,81.65204473470303
Donggala,2022-02,42,49058,15955,65013,75.0,118.89898989898988
Donggala,2022-03,43,47952,7256,55208,48.27586206896552,34.36526479750779
Donggala,2022-04,44,54854,10981,65835,69.23076923076923,100.9124755859375
Donggala,2022-05,39,46990,15728,62718,34.48275862068966,75.13124092482965
Donggala,2022-06,34,50416,6411,56827,17.24137931034482,38.52810686948467
Donggala,2022-07,38,53514,10740,64254,58.33333333333333,67.58561331212019
Donggala,2022-08,38,56775,10460,67235,40.74074074074075,33.29962925513988
Donggala,2022-09,47,62355,14967,77322,193.75,259.90504561534163
Donggala,2022-10,49,51235,19022,70257,81.4814814814815,61.19906387665199
Donggala,2022-11,46,63888,9212,73100,58.62068965517242,89.14303456841233
Donggala,2022-12,33,50115,7271,57386,-13.157894736842103,-23.11423135668158
Donggala,2023-01,25,36158,3995,40153,-32.432432432432435,-38.04314282187384
Donggala,2023-02,24,22892,8416,31308,-42.85714285714286,-51.84347745835448
Donggala,2023-03,27,35916,7564,43480,-37.2093023255814,-21.243298072743077
Donggala,2023-04,26,29117,9386,38503,-40.90909090909091,-41.5159109895952
Donggala,2023-05,43,68380,9450,77830,10.256410256410264,24.095156095538762
Donggala,2023-06,45,71591,13054,84645,32.35294117647059,48.952082636774776
Donggala,2023-07,42,63512,20064,83576,10.526315789473696,30.071279609051583
Donggala,2023-08,44,70224,22739,92963,15.789473684210531,38.2657841897821
Donggala,2023-09,56,70042,22296,92338,19.14893617021276,19.420087426605615
Donggala,2023-10,50,76747,20019,96766,2.0408163265306145,37.731471597136235
Donggala,2023-11,54,61923,17867,79790,17.391304347826097,9.151846785225715
Donggala,2023-12,58,76627,19898,96525,75.75757575757575,68.20304603910361
Donggala,2024-01,52,58787,15251,74038,108.0,84.38970936169153
Donggala,2024-02,48,56139,20599,76738,100.0,145.10668199821134
Donggala,2024-03,59,62711,29289,92000,118.5185185185185,111.59153633854646
Donggala,2024-04,44,52373,22434,74807,69.23076923076923,94.28875672025556
Donggala,2024-05,54,66306,31064,97370,25.581395348837212,25.10600025697032
Donggala,2024-06,54,67834,13915,81749,19.999999999999996,-3.421347982751488
Donggala,2024-07,58,73788,29687,103475,38.095238095238095,23.809466832583514
Donggala,2024-08,54,62193,20814,83007,22.72727272727273,-10.709637167475227
Donggala,2024-09,46,59265,22896,82161,-17.85714285714286,-11.021464619116728
Donggala,2024-10,59,73720,23231,96951,17.999999999999993,0.19118285348158626
Donggala,2024-11,60,84782,25301,110083,11.111111111111116,37.96591051510214
Donggala,2024-12,53,75405,17833,93238,-8.62068965517241,-3.405335405335408
Donggala,2025-01,52,64588,23520,88108,0.0,19.003754828601526
Donggala,2025-02,40,44056,19053,63109,-16.666666666666664,-17.760431598425807
Donggala,2025-03,52,62807,18916,81723,-11.864406779661019,-11.170652173913043
Donggala,2025-04,38,39473,18570,58043,-13.636363636363635,-22.409667544481128
Donggala,2025-05,60,63537,68045,131582,11.111111111111116,35.136078874396624
Donggala,2025-06,49,55632,58350,113982,-9.259259259259256,39.42922849209165
Donggala,2025-07,54,53815,19647,73462,-6.896551724137934,-29.005073689296935
Donggala,2025-08,57,64754,37962,102716,5.555555555555558,23.74378064500584
Donggala,2025-09,55,55729,34629,90358,19.565217391304344,9.976752960650437
Donggala,2025-10,56,62528,36448,98976,-5.0847457627118615,2.088683974378802
Donggala,2025-11,43,49871,21703,71574,-28.333333333333332,-34.981786470208846
Donggala,2025-12,29,34761,45072,79833,-45.28301886792453,-14.377185267809267
Donggala,2026-01,29,31172,8407,39579,-44.230769230769226,-55.07899396195578
Donggala,2026-02,20,29049,7376,36425,-50.0,-42.28240029155905
Donggala,2026-03,24,41213,11098,52311,-53.84615384615385,-35.98986821335487
Donggala,2026-04,24,29495,11644,41139,-36.8421052631579,-29.123236221422044
Donggala,2026-05,49,56476,76086,132562,-18.333333333333336,0.744782721040882
Donggala,2026-06,40,58437,105170,163607,-18.36734693877551,43.53757610850837
Donggala,2026-07,38,48421,11970,60391,-29.629629629629626,-17.792872505513056
Donggala,2026-08,40,46969,17410,64379,-29.824561403508774,-37.323299193893845
Donggi Senoro LNG Terminal,2019-01,8,0,122564,122564,,
Donggi Senoro LNG Terminal,2019-02,12,0,152094,152094,,
Donggi Senoro LNG Terminal,2019-03,6,0,74436,74436,,
Donggi Senoro LNG Terminal,2019-04,8,0,117592,117592,,
Donggi Senoro LNG Terminal,2019-05,6,0,80104,80104,,
Donggi Senoro LNG Terminal,2019-06,20,0,135604,135604,,
Donggi Senoro LNG Terminal,2019-07,10,0,19136,19136,,
Donggi Senoro LNG Terminal,2019-08,8,0,166846,166846,,
Donggi Senoro LNG Terminal,2019-09,6,0,88040,88040,,
Donggi Senoro LNG Terminal,2019-10,6,0,83996,83996,,
Donggi Senoro LNG Terminal,2019-11,14,0,246258,246258,,
Donggi Senoro LNG Terminal,2019-12,14,0,165256,165256,,
Donggi Senoro LNG Terminal,2020-01,12,0,280038,280038,50.0,128.48307822851734
Donggi Senoro LNG Terminal,2020-02,10,0,140734,140734,-16.666666666666664,-7.469065183373436
Donggi Senoro LNG Terminal,2020-03,12,0,292768,292768,100.0,293.3150626041163
Donggi Senoro LNG Terminal,2020-04,8,0,81894,81894,0.0,-30.357507313422683
Donggi Senoro LNG Terminal,2020-05,14,0,261020,261020,133.33333333333334,225.85139318885447
Donggi Senoro LNG Terminal,2020-06,8,0,211256,211256,-60.0,55.788914781274876
Donggi Senoro LNG Terminal,2020-07,12,0,268090,268090,19.999999999999996,1300.9719899665552
Donggi Senoro LNG Terminal,2020-08,10,0,134818,134818,25.0,-19.196144948035908
Donggi Senoro LNG Terminal,2020-09,8,0,0,0,33.33333333333333,-100.0
Donggi Senoro LNG Terminal,2020-10,8,0,162356,162356,33.33333333333333,93.29015667412735
Donggi Senoro LNG Terminal,2020-11,8,0,58842,58842,-42.85714285714286,-76.10554784007017
Donggi Senoro LNG Terminal,2020-12,8,0,58322,58322,-42.85714285714286,-64.70808926756064
Donggi Senoro LNG Terminal,2021-01,8,0,44580,44580,-33.333333333333336,-84.08073190067063
Donggi Senoro LNG Terminal,2021-02,8,0,129300,129300,-19.999999999999996,-8.124547017778216
Donggi Senoro LNG Terminal,2021-03,12,0,58744,58744,0.0,-79.93496557000765
Donggi Senoro LNG Terminal,2021-04,4,0,14960,14960,-50.0,-81.73248345422131
Donggi Senoro LNG Terminal,2021-05,4,0,14576,14576,-71.42857142857143,-94.41575358210099
Donggi Senoro LNG Terminal,2021-06,6,0,53788,53788,-25.0,-74.53894800621048
Donggi Senoro LNG Terminal,2021-07,6,0,11614,11614,-50.0,-95.66787272930732
Donggi Senoro LNG Terminal,2021-08,8,0,186210,186210,-19.999999999999996,38.11953893397024
Donggi Senoro LNG Terminal,2021-09,2,0,49896,49896,-75.0,inf
Donggi Senoro LNG Terminal,2021-10,2,0,15726,15726,-75.0,-90.31387814432482
Donggi Senoro LNG Terminal,2021-11,8,0,117506,117506,0.0,99.69749498657421
Donggi Senoro LNG Terminal,2021-12,10,0,197954,197954,25.0,239.41565789924903
Donggi Senoro LNG Terminal,2022-01,18,0,317104,317104,125.0,611.3144908030507
Donggi Senoro LNG Terminal,2022-02,12,0,248096,248096,50.0,91.87625676720805
Donggi Senoro LNG Terminal,2022-03,14,0,410576,410576,16.666666666666675,598.9241454446412
Donggi Senoro LNG Terminal,2022-04,14,0,370862,370862,250.0,2379.024064171123
Donggi Senoro LNG Terminal,2022-05,14,0,511024,511024,250.0,3405.9275521405048
Donggi Senoro LNG Terminal,2022-06,10,0,149720,149720,66.66666666666667,178.35204878411542
Donggi Senoro LNG Terminal,2022-07,14,0,426804,426804,133.33333333333334,3574.9095918718785
Donggi Senoro LNG Terminal,2022-08,18,0,353608,353608,125.0,89.89742763546533
Donggi Senoro LNG Terminal,2022-09,14,0,385284,385284,600.0,672.1741221741222
Donggi Senoro LNG Terminal,2022-10,16,0,263392,263392,700.0,1574.8823604222305
Donggi Senoro LNG Terminal,2022-11,14,0,417856,417856,75.0,255.6039691590217
Donggi Senoro LNG Terminal,2022-12,16,0,367292,367292,60.00000000000001,85.54411630984977
Donggi Senoro LNG Terminal,2023-01,16,0,231896,231896,-11.111111111111116,-26.870679650840103
Donggi Senoro LNG Terminal,2023-02,8,0,134280,134280,-33.333333333333336,-45.8757900167677
Donggi Senoro LNG Terminal,2023-03,8,0,275880,275880,-42.85714285714286,-32.80659366353611
Donggi Senoro LNG Terminal,2023-04,14,0,291822,291822,0.0,-21.31250977452529
Donggi Senoro LNG Terminal,2023-05,16,0,254282,254282,14.28571428571428,-50.24069319640565
Donggi Senoro LNG Terminal,2023-06,12,0,377238,377238,19.999999999999996,151.9623296820732
Donggi Senoro LNG Terminal,2023-07,12,0,134020,134020,-14.28571428571429,-68.59916964227139
Donggi Senoro LNG Terminal,2023-08,18,0,278568,278568,0.0,-21.221239338476504
Donggi Senoro LNG Terminal,2023-09,12,0,255676,255676,-14.28571428571429,-33.639600917764554
Donggi Senoro LNG Terminal,2023-10,14,0,419046,419046,-12.5,59.09594824444176
Donggi Senoro LNG Terminal,2023-11,12,0,286234,286234,-14.28571428571429,-31.499368203400213
Donggi Senoro LNG Terminal,2023-12,14,0,416846,416846,-12.5,13.491717761345189
Donggi Senoro LNG Terminal,2024-01,14,0,241362,241362,-12.5,4.082002276882735
Donggi Senoro LNG Terminal,2024-02,16,0,432468,432468,100.0,222.06434316353887
Donggi Senoro LNG Terminal,2024-03,10,0,213872,213872,25.0,-22.47643903146296
Donggi Senoro LNG Terminal,2024-04,18,0,473624,473624,28.57142857142858,62.29893565255533
Donggi Senoro LNG Terminal,2024-05,12,0,411978,411978,-25.0,62.01618675328966
Donggi Senoro LNG Terminal,2024-06,14,0,345648,345648,16.666666666666675,-8.374023825807575
Donggi Senoro LNG Terminal,2024-07,10,0,123266,123266,-16.666666666666664,-8.024175496194596
Donggi Senoro LNG Terminal,2024-08,4,0,159588,159588,-77.77777777777779,-42.71129490824502
Donggi Senoro LNG Terminal,2024-09,6,0,94870,94870,-50.0,-62.894444531359994
Donggi Senoro LNG Terminal,2024-10,2,0,47076,47076,-85.71428571428572,-88.76591114102031
Donggi Senoro LNG Terminal,2024-11,6,0,106954,106954,-50.0,-62.63406862916355
Donggi Senoro LNG Terminal,2024-12,8,0,178106,178106,-42.85714285714286,-57.272949722439456
Donggi Senoro LNG Terminal,2025-01,6,0,79198,79198,-57.14285714285714,-67.18704684250214
Donggi Senoro LNG Terminal,2025-02,4,0,78008,78008,-75.0,-81.96213361451021
Donggi Senoro LNG Terminal,2025-03,6,0,124548,124548,-40.0,-41.76516795092392
Donggi Senoro LNG Terminal,2025-04,4,0,90812,90812,-77.77777777777779,-80.826140567201
Donggi Senoro LNG Terminal,2025-05,14,0,155216,155216,16.666666666666675,-62.324201777764834
Donggi Senoro LNG Terminal,2025-06,14,0,447668,447668,0.0,29.515576540295328
Donggi Senoro LNG Terminal,2025-07,14,0,147230,147230,39.99999999999999,19.44088394204404
Donggi Senoro LNG Terminal,2025-08,10,0,114924,114924,150.0,-27.98706669674411
Donggi Senoro LNG Terminal,2025-09,10,0,225140,225140,66.66666666666667,137.31421945820594
Donggi Senoro LNG Terminal,2025-10,12,0,183016,183016,500.0,288.7671000084969
Donggi Senoro LNG Terminal,2025-11,14,0,159588,159588,133.33333333333334,49.21181068496736
Donggi Senoro LNG Terminal,2025-12,10,0,280206,280206,25.0,57.32541295632938
Donggi Senoro LNG Terminal,2026-01,12,0,235932,235932,100.0,197.9014621581353
Donggi Senoro LNG Terminal,2026-02,18,0,253968,253968,350.0,225.56660855296892
Donggi Senoro LNG Terminal,2026-03,12,0,377274,377274,100.0,202.9145389729261
Donggi Senoro LNG Terminal,2026-04,10,0,144382,144382,150.0,58.990001321411256
Donggi Senoro LNG Terminal,2026-05,4,0,80390,80390,-71.42857142857143,-48.207659004226365
Donggi Senoro LNG Terminal,2026-06,2,0,63594,63594,-85.71428571428572,-85.79438333765201
Donggi Senoro LNG Terminal,2026-07,8,0,350054,350054,-42.85714285714286,137.75996739794877
Donggi Senoro LNG Terminal,2026-08,2,0,79198,79198,-80.0,-31.08663116494379
Dumai,2019-01,175,502908,1673144,2176052,,
Dumai,2019-02,209,607573,1748011,2355584,,
Dumai,2019-03,155,286913,1635010,1921923,,
Dumai,2019-04,147,268226,1367341,1635567,,
Dumai,2019-05,174,640057,1265735,1905792,,
Dumai,2019-06,152,268318,1348314,1616632,,
Dumai,2019-07,181,354975,1916419,2271394,,
Dumai,2019-08,162,513110,1589167,2102277,,
Dumai,2019-09,189,561856,1640286,2202142,,
Dumai,2019-10,209,314354,1950779,2265133,,
Dumai,2019-11,190,597592,1711203,2308795,,
Dumai,2019-12,210,482469,2141480,2623949,,
Dumai,2020-01,184,513285,1519761,2033046,5.142857142857138,-6.571809864837785
Dumai,2020-02,201,450664,1656532,2107196,-3.8277511961722466,-10.54464625332826
Dumai,2020-03,181,382322,1536813,1919135,16.774193548387096,-0.14506304362870148
Dumai,2020-04,177,380842,1441948,1822790,20.408163265306122,11.446978326170676
Dumai,2020-05,138,300951,1155437,1456388,-20.68965517241379,-23.58095741822822
Dumai,2020-06,117,193640,937963,1131603,-23.026315789473685,-30.002437165662933
Dumai,2020-07,140,185439,1359888,1545327,-22.651933701657455,-31.96570035845828
Dumai,2020-08,153,194120,1529765,1723885,-5.555555555555558,-17.999150444969903
Dumai,2020-09,123,154870,1260716,1415586,-34.92063492063492,-35.71776933549244
Dumai,2020-10,151,225147,1591674,1816821,-27.751196172248804,-19.791862111408033
Dumai,2020-11,152,231909,1408149,1640058,-19.999999999999996,-28.964763004077888
Dumai,2020-12,167,342172,1606479,1948651,-20.47619047619048,-25.735942276317104
Dumai,2021-01,154,285072,1386556,1671628,-16.30434782608695,-17.77716785552319
Dumai,2021-02,132,278044,941262,1219306,-34.32835820895522,-42.13608985590329
Dumai,2021-03,143,189730,1240566,1430296,-20.994475138121548,-25.471840177996864
Dumai,2021-04,186,452000,1580338,2032338,5.084745762711873,11.496003379434816
Dumai,2021-05,164,272591,1424381,1696972,18.840579710144922,16.51922427265262
Dumai,2021-06,129,242241,1304474,1546715,10.256410256410264,36.68353654064192
Dumai,2021-07,149,215599,1349228,1564827,6.428571428571428,1.2618688471760287
Dumai,2021-08,241,420502,1994184,2414686,57.51633986928104,40.072336611780955
Dumai,2021-09,156,369863,1225138,1595001,26.82926829268293,12.674256456336819
Dumai,2021-10,148,383528,1365657,1749185,-1.9867549668874163,-3.7227663044405612
Dumai,2021-11,252,520427,1832584,2353011,65.78947368421053,43.47120650611136
Dumai,2021-12,272,709582,1889918,2599500,62.874251497005986,33.399977728182215
Dumai,2022-01,236,441564,1956957,2398521,53.24675324675325,43.484136422696906
Dumai,2022-02,254,383842,2000124,2383966,92.42424242424244,95.51827022913034
Dumai,2022-03,285,469261,2203771,2673032,99.30069930069929,86.88663045970904
Dumai,2022-04,250,437393,1597429,2034822,34.408602150537625,0.12222376396051615
Dumai,2022-05,217,470298,1414620,1884918,32.31707317073172,11.075374254849235
Dumai,2022-06,267,402857,1948507,2351364,106.97674418604652,52.02309410589541
Dumai,2022-07,345,637599,2571748,3209347,131.5436241610738,105.09276744330202
Dumai,2022-08,321,412236,2951167,3363403,33.19502074688796,39.28945626884821
Dumai,2022-09,273,378909,2252214,2631123,75.0,64.96058623160738
Dumai,2022-10,314,697250,2646903,3344153,112.16216216216215,91.18349402721839
Dumai,2022-11,280,501953,2115435,2617388,11.111111111111116,11.235689080926514
Dumai,2022-12,262,385278,2430928,2816206,-3.676470588235292,8.336449317176386
Dumai,2023-01,260,390144,2194148,2584292,10.169491525423723,7.745231332141755
Dumai,2023-02,199,323824,1789463,2113287,-21.653543307086608,-11.354146829275248
Dumai,2023-03,187,221711,1675004,1896715,-34.3859649122807,-29.04256290235209
Dumai,2023-04,198,486128,1385933,1872061,-20.799999999999997,-7.998783185949431
Dumai,2023-05,225,353557,1912069,2265626,3.686635944700467,20.19758949726196
Dumai,2023-06,289,316539,2418825,2735364,8.239700374531832,16.330946633528455
Dumai,2023-07,314,397310,2615524,3012834,-8.985507246376812,-6.12314592345421
Dumai,2023-08,306,378012,1829187,2207199,-4.672897196261683,-34.3760173847737
Dumai,2023-09,261,267151,1938038,2205189,-4.395604395604391,-16.18829678430085
Dumai,2023-10,282,347203,2285656,2632859,-10.191082802547768,-21.269780419735586
Dumai,2023-11,284,281161,2316943,2598104,1.4285714285714235,-0.7367650497366096
Dumai,2023-12,285,449566,1979582,2429148,8.778625954198471,-13.743951969422696
Dumai,2024-01,281,369997,2217008,2587005,8.07692307692307,0.10498039695203687
Dumai,2024-02,205,363961,1468829,1832790,3.015075376884413,-13.273019708160794
Dumai,2024-03,253,468984,1747551,2216535,35.29411764705883,16.861784717261163
Dumai,2024-04,239,393938,1749926,2143864,20.707070707070695,14.518917919875474
Dumai,2024-05,271,426938,2211553,2638491,20.444444444444443,16.45748239118019
Dumai,2024-06,262,451719,1921332,2373051,-9.342560553633216,-13.245513211404402
Dumai,2024-07,168,326497,1239504,1566001,-46.496815286624205,-48.0223271511142
Dumai,2024-08,252,323802,1891312,2215114,-17.647058823529417,0.3585992925875692
Dumai,2024-09,263,462623,2202342,2664965,0.766283524904221,20.84973215447745
Dumai,2024-10,274,333207,2100002,2433209,-2.8368794326241176,-7.583011471560008
Dumai,2024-11,237,541813,1627569,2169382,-16.549295774647888,-16.50134097788233
Dumai,2024-12,225,431969,1625902,2057871,-21.052631578947366,-15.284247810343377
Dumai,2025-01,182,284151,1331879,1616030,-35.231316725978644,-37.53278404950899
Dumai,2025-02,232,362729,1769834,2132563,13.170731707317064,16.356101899290152
Dumai,2025-03,243,377545,1744329,2121874,-3.9525691699604737,-4.270674724288137
Dumai,2025-04,186,452086,1196479,1648565,-22.17573221757322,-23.103097957706275
Dumai,2025-05,224,368677,1746675,2115352,-17.343173431734314,-19.827204261829966
Dumai,2025-06,248,474789,1673268,2148057,-5.343511450381677,-9.481212161053431
Dumai,2025-07,228,346491,1721425,2067916,35.71428571428572,32.05074581689284
Dumai,2025-08,212,279085,1609413,1888498,-15.873015873015872,-14.744884461928365
Dumai,2025-09,198,333686,1336870,1670556,-24.714828897338403,-37.314148591069674
Dumai,2025-10,230,307960,1591251,1899211,-16.058394160583944,-21.946244650582834
Dumai,2025-11,196,318639,1287386,1606025,-17.29957805907173,-25.968547724651536
Dumai,2025-12,235,506719,1756531,2263250,4.444444444444451,9.980168824965219
Dumai,2026-01,198,410619,1547440,1958059,8.791208791208781,21.164767980792433
Dumai,2026-02,203,538790,1274969,1813759,-12.5,-14.949335611656023
Dumai,2026-03,169,288964,938427,1227391,-30.452674897119337,-42.15533061812341
Dumai,2026-04,177,483872,1329340,1813212,-4.8387096774193505,9.987291978174962
Dumai,2026-05,196,366944,1436069,1803013,-12.5,-14.765344018395044
Dumai,2026-06,231,283608,1934602,2218210,-6.854838709677424,3.2658816781863775
Dumai,2026-07,257,480923,1900958,2381881,12.719298245614041,15.182676665783323
Dumai,2026-08,220,333115,1596335,1929450,3.7735849056603765,2.168495809897597
Ende,2019-01,6,4238,304,4542,,
Ende,2019-02,6,5683,475,6158,,
Ende,2019-03,8,3659,665,4324,,
Ende,2019-04,9,4849,304,5153,,
Ende,2019-05,11,7133,418,7551,,
Ende,2019-06,4,2217,304,2521,,
Ende,2019-07,6,6603,568,7171,,
Ende,2019-08,12,9072,2676,11748,,
Ende,2019-09,12,10072,872,10944,,
Ende,2019-10,16,10605,2041,12646,,
Ende,2019-11,9,8569,948,9517,,
Ende,2019-12,12,8815,608,9423,,
Ende,2020-01,10,13869,207,14076,66.66666666666667,209.90752972258915
Ende,2020-02,10,5696,418,6114,66.66666666666667,-0.7145177005521308
Ende,2020-03,7,5195,627,5822,-12.5,34.64384828862164
Ende,2020-04,5,3462,418,3880,-44.44444444444444,-24.704055889772945
Ende,2020-05,5,4733,207,4940,-54.54545454545454,-34.57820156270692
Ende,2020-06,8,4849,209,5058,100.0,100.63466878222927
Ende,2020-07,12,6532,803,7335,100.0,2.2869892623065047
Ende,2020-08,11,6876,114,6990,-8.333333333333337,-40.50051072522982
Ende,2020-09,7,6269,57,6326,-41.666666666666664,-42.19663742690059
Ende,2020-10,7,6762,1736,8498,-56.25,-32.800885655543254
Ende,2020-11,7,9048,625,9673,-22.22222222222222,1.639172007985712
Ende,2020-12,9,7098,1550,8648,-25.0,-8.224556935158656
Ende,2021-01,14,10819,2522,13341,39.99999999999999,-5.2216538789428775
Ende,2021-02,11,9906,1097,11003,10.000000000000009,79.96401701014067
Ende,2021-03,9,3293,1024,4317,28.57142857142858,-25.850223290965303
Ende,2021-04,10,5652,991,6643,100.0,71.21134020618555
Ende,2021-05,10,6401,853,7254,100.0,46.84210526315788
Ende,2021-06,8,7152,4887,12039,0.0,138.01897983392647
Ende,2021-07,14,10336,2214,12550,16.666666666666675,71.09747784594411
Ende,2021-08,14,7729,1440,9169,27.27272727272727,31.173104434907017
Ende,2021-09,17,13936,3044,16980,142.85714285714283,168.4160607018653
Ende,2021-10,13,8915,4040,12955,85.71428571428572,52.44763473758531
Ende,2021-11,15,9121,2369,11490,114.28571428571428,18.78424480512768
Ende,2021-12,14,12990,2874,15864,55.55555555555556,83.44125809435707
Ende,2022-01,12,11518,2120,13638,-14.28571428571429,2.2262199235439706
Ende,2022-02,11,6908,1949,8857,0.0,-19.50377169862765
Ende,2022-03,13,12494,3721,16215,44.44444444444444,275.60806115357883
Ende,2022-04,15,15125,1988,17113,50.0,157.6095137738973
Ende,2022-05,12,9136,6661,15797,19.999999999999996,117.76950647918389
Ende,2022-06,13,10034,1303,11337,62.5,-5.83104909045602
Ende,2022-07,13,12464,1098,13562,-7.14285714285714,8.06374501992031
Ende,2022-08,10,6241,1860,8101,-28.57142857142857,-11.647944159668445
Ende,2022-09,11,6913,2545,9458,-35.29411764705882,-44.29917550058893
Ende,2022-10,8,4802,209,5011,-38.46153846153846,-61.319953685835586
Ende,2022-11,9,10956,304,11260,-40.0,-2.0017406440382968
Ende,2022-12,18,18742,2789,21531,28.57142857142858,35.72239031770046
Ende,2023-01,9,9194,929,10123,-25.0,-25.77357383780613
Ende,2023-02,9,13158,1400,14558,-18.181818181818176,64.36716721237438
Ende,2023-03,9,11645,2449,14094,-30.76923076923077,-13.080481036077707
Ende,2023-04,12,12169,1702,13871,-19.999999999999996,-18.9446619529013
Ende,2023-05,8,6874,1381,8255,-33.333333333333336,-47.74324238779515
Ende,2023-06,9,6745,2085,8830,-30.76923076923077,-22.113433889035903
Ende,2023-07,7,5703,661,6364,-46.15384615384615,-53.07476773337265
Ende,2023-08,8,9642,731,10373,-19.999999999999996,28.04592025675843
Ende,2023-09,10,6776,1158,7934,-9.090909090909093,-16.11334320152252
Ende,2023-10,11,8964,875,9839,37.5,96.34803432448614
Ende,2023-11,10,7284,760,8044,11.111111111111116,-28.561278863232687
Ende,2023-12,11,10142,817,10959,-38.888888888888886,-49.1012958060471
Ende,2024-01,10,6285,653,6938,11.111111111111116,-31.4630050380322
Ende,2024-02,12,10061,1476,11537,33.33333333333333,-20.751476851215823
Ende,2024-03,8,2788,1648,4436,-11.111111111111116,-68.52561373634171
Ende,2024-04,12,6505,1009,7514,0.0,-45.829428303655106
Ende,2024-05,9,3184,451,3635,12.5,-55.96608116293156
Ende,2024-06,7,1731,209,1940,-22.22222222222222,-78.02944507361268
Ende,2024-07,8,2769,152,2921,14.28571428571428,-54.10119421747328
Ende,2024-08,10,6820,532,7352,25.0,-29.123686493781932
Ende,2024-09,4,1362,456,1818,-60.0,-77.08595916309554
Ende,2024-10,4,2607,361,2968,-63.63636363636363,-69.83433275739405
Ende,2024-11,5,5507,549,6056,-50.0,-24.71407260069617
Ende,2024-12,5,454,2088,2542,-54.54545454545454,-76.80445296103659
Ende,2025-01,4,1362,456,1818,-60.0,-73.79648313635053
Ende,2025-02,5,1074,3617,4691,-58.33333333333333,-59.339516338736246
Ende,2025-03,7,4662,1181,5843,-12.5,31.717763751127137
Ende,2025-04,8,3570,750,4320,-33.333333333333336,-42.507319669949425
Ende,2025-05,4,9208,100,9308,-55.55555555555556,156.06602475928474
Ende,2025-06,9,8947,514,9461,28.57142857142858,387.6804123711341
Ende,2025-07,13,11259,1857,13116,62.5,349.02430674426563
Ende,2025-08,7,2653,1124,3777,-30.000000000000004,-48.626224156692054
Ende,2025-09,7,4259,361,4620,75.0,154.12541254125412
Ende,2025-10,7,6262,613,6875,75.0,131.63746630727763
Ende,2025-11,13,8039,1405,9444,160.0,55.9445178335535
Ende,2025-12,5,4225,409,4634,0.0,82.29740361919748
Ende,2026-01,10,12675,2149,14824,150.0,715.4015401540154
Ende,2026-02,5,4477,252,4729,0.0,0.8100618205073573
Ende,2026-03,8,6927,504,7431,14.28571428571428,27.177819613212396
Ende,2026-04,7,6206,608,6814,-12.5,57.73148148148148
Ende,2026-05,5,1905,456,2361,25.0,-74.63472281908037
Ende,2026-06,7,2597,556,3153,-22.22222222222222,-66.67371313814607
Ende,2026-07,7,2426,852,3278,-46.15384615384615,-75.00762427569381
Ende,2026-08,10,6624,822,7446,42.85714285714286,97.14058776806989
Futong,2019-01,4,0,66898,66898,,
Futong,2019-02,8,5016,30040,35056,,
Futong,2019-03,6,7442,80466,87908,,
Futong,2019-04,4,80,1754,1834,,
Futong,2019-05,8,0,104832,104832,,
Futong,2019-06,14,29320,26242,55562,,
Futong,2019-07,6,7442,25434,32876,,
Futong,2019-08,6,1810,25826,27636,,
Futong,2019-09,4,0,31904,31904,,
Futong,2019-10,16,27716,64082,91798,,
Futong,2019-11,14,39390,41268,80658,,
Futong,2019-12,16,30052,51650,81702,,
Futong,2020-01,6,534,39144,39678,50.0,-40.68880982989028
Futong,2020-02,10,40286,17168,57454,25.0,63.892058420812425
Futong,2020-03,6,1068,31390,32458,0.0,-63.077308094826414
Futong,2020-04,10,50230,35238,85468,150.0,4560.196292257361
Futong,2020-05,8,18672,36086,54758,0.0,-47.76594932844933
Futong,2020-06,8,0,44624,44624,-42.85714285714286,-19.68611641049638
Futong,2020-07,8,37344,22500,59844,33.33333333333333,82.02944397128604
Futong,2020-08,8,1068,53168,54236,33.33333333333333,96.25126646403241
Futong,2020-09,14,39634,118942,158576,250.0,397.0411233701103
Futong,2020-10,0,0,0,0,-100.0,-100.0
Futong,2020-11,4,25936,0,25936,-71.42857142857143,-67.8444791589179
Futong,2020-12,8,17198,25630,42828,-50.0,-47.580230594110304
Futong,2021-01,20,73526,88070,161596,233.33333333333334,307.2685115177176
Futong,2021-02,10,424,68626,69050,0.0,20.183103004142456
Futong,2021-03,12,33654,51294,84948,100.0,161.71668001725305
Futong,2021-04,24,85522,93376,178898,140.0,109.31576730472226
Futong,2021-05,18,20294,67664,87958,125.0,60.630410168377225
Futong,2021-06,26,43050,247864,290914,225.0,551.9227321620652
Futong,2021-07,12,35226,72650,107876,50.0,80.26201457121851
Futong,2021-08,24,42136,112022,154158,200.0,184.23556309462347
Futong,2021-09,18,8068,79698,87766,28.57142857142858,-44.65366764201393
Futong,2021-10,18,56418,126302,182720,inf,inf
Futong,2021-11,28,29892,151222,181114,600.0,598.3112276372609
Futong,2021-12,32,58960,115026,173986,300.0,306.24357896703094
Futong,2022-01,20,24940,98578,123518,0.0,-23.563702071833458
Futong,2022-02,30,20254,164870,185124,200.0,168.10137581462706
Futong,2022-03,34,126094,138120,264214,183.33333333333334,211.03027734614116
Futong,2022-04,26,11876,144838,156714,8.333333333333325,-12.4003622175765
Futong,2022-05,28,54702,184346,239048,55.55555555555556,171.77516541985946
Futong,2022-06,22,20172,160610,180782,-15.384615384615385,-37.857236159139816
Futong,2022-07,22,29652,91816,121468,83.33333333333333,12.599651451666727
Futong,2022-08,14,1382,79804,81186,-41.666666666666664,-47.33585023158059
Futong,2022-09,24,82202,146066,228268,33.33333333333333,160.0870496547638
Futong,2022-10,22,56868,181808,238676,22.222222222222232,30.623905429071808
Futong,2022-11,20,67670,215310,282980,-28.57142857142857,56.244133529158425
Futong,2022-12,22,133102,82630,215732,-31.25,23.993884565424793
Futong,2023-01,18,40738,173290,214028,-9.999999999999998,73.27676937774253
Futong,2023-02,18,103682,51928,155610,-40.0,-15.942827510209378
Futong,2023-03,32,99566,159240,258806,-5.882352941176472,-2.0468256791842943
Futong,2023-04,34,135080,267568,402648,30.76923076923077,156.93173551820513
Futong,2023-05,28,49460,295470,344930,0.0,44.29319634550384
Futong,2023-06,32,113174,321934,435108,45.45454545454546,140.68104125410716
Futong,2023-07,22,31596,291970,323566,0.0,166.37962261665623
Futong,2023-08,26,94948,223542,318490,85.71428571428572,292.29670140171953
Futong,2023-09,34,170844,302122,472966,41.66666666666667,107.19767992009395
Futong,2023-10,34,143422,365070,508492,54.54545454545454,113.04697581658817
Futong,2023-11,28,112088,128064,240152,39.99999999999999,-15.13463849035267
Futong,2023-12,18,4384,265678,270062,-18.181818181818176,25.18402462314353
Futong,2024-01,20,37344,181454,218798,11.111111111111116,2.228680359579127
Futong,2024-02,24,70526,235806,306332,33.33333333333333,96.85881370091896
Futong,2024-03,30,98736,147246,245982,-6.25,-4.955062865621351
Futong,2024-04,32,104486,233474,337960,-5.882352941176472,-16.06564542727146
Futong,2024-05,26,77974,290028,368002,-7.14285714285714,6.688893398660589
Futong,2024-06,24,58400,332232,390632,-25.0,-10.221829982441143
Futong,2024-07,24,52936,209636,262572,9.090909090909083,-18.850559082227424
Futong,2024-08,24,64396,237908,302304,-7.692307692307687,-5.082106188577351
Futong,2024-09,30,123866,342504,466370,-11.764705882352944,-1.394603417581819
Futong,2024-10,34,51600,335142,386742,0.0,-23.94334620800327
Futong,2024-11,26,78850,175176,254026,-7.14285714285714,5.777174456177758
Futong,2024-12,22,57508,181230,238738,22.222222222222232,-11.598818049188708
Futong,2025-01,16,52246,163156,215402,-19.999999999999996,-1.5521165641367851
Futong,2025-02,18,81318,188834,270152,-25.0,-11.810715171774412
Futong,2025-03,16,60926,160944,221870,-46.666666666666664,-9.802343260889012
Futong,2025-04,24,185596,115278,300874,-25.0,-10.97348798674399
Futong,2025-05,26,82590,167852,250442,0.0,-31.94547855718175
Futong,2025-06,24,97420,165432,262852,0.0,-32.7110938171988
Futong,2025-07,36,277116,210562,487678,50.0,85.73115183644866
Futong,2025-08,12,29306,118074,147380,-50.0,-51.247750608658826
Futong,2025-09,26,130464,108262,238726,-13.33333333333333,-48.81188755708986
Futong,2025-10,24,136918,163088,300006,-29.411764705882348,-22.427354670555566
Futong,2025-11,24,68720,220580,289300,-7.692307692307687,13.88598017525766
Futong,2025-12,12,143298,69756,213054,-45.45454545454546,-10.758237063224119
Futong,2026-01,16,81820,143982,225802,0.0,4.82818172533217
Futong,2026-02,18,145724,267746,413470,0.0,53.05087506292754
Futong,2026-03,20,196542,148188,344730,25.0,55.37476900887908
Futong,2026-04,26,258064,172864,430928,8.333333333333325,43.22540332497988
Futong,2026-05,34,274522,395020,669542,30.76923076923077,167.3441355683152
Futong,2026-06,36,147964,379094,527058,50.0,100.51511877406298
Futong,2026-07,38,313406,217602,531008,5.555555555555558,8.884960978350476
Futong,2026-08,42,208544,332636,541180,250.0,267.2004342515945
Gorontalo,2019-01,15,10097,1894,11991,,
Gorontalo,2019-02,12,5668,2530,8198,,
Gorontalo,2019-03,17,8349,1925,10274,,
Gorontalo,2019-04,11,12174,2839,15013,,
Gorontalo,2019-05,14,9713,6083,15796,,
Gorontalo,2019-06,13,7425,761,8186,,
Gorontalo,2019-07,16,9820,3329,13149,,
Gorontalo,2019-08,15,4068,7531,11599,,
Gorontalo,2019-09,13,7958,1579,9537,,
Gorontalo,2019-10,13,7740,1567,9307,,
Gorontalo,2019-11,19,17526,2002,19528,,
Gorontalo,2019-12,18,13520,2193,15713,,
Gorontalo,2020-01,20,13155,3491,16646,33.33333333333333,38.820782253356676
Gorontalo,2020-02,24,15596,4503,20099,100.0,145.16955354964628
Gorontalo,2020-03,20,12527,3109,15636,17.647058823529417,52.18999416001557
Gorontalo,2020-04,17,10830,2357,13187,54.54545454545454,-12.162792246719512
Gorontalo,2020-05,8,5548,2095,7643,-42.85714285714286,-51.61433274246645
Gorontalo,2020-06,13,7285,1663,8948,0.0,9.308575616906921
Gorontalo,2020-07,9,6668,1523,8191,-43.75,-37.70628945166933
Gorontalo,2020-08,13,6288,2752,9040,-13.33333333333333,-22.062246745409087
Gorontalo,2020-09,14,11126,5004,16130,7.692307692307687,69.13075390584041
Gorontalo,2020-10,15,7393,12128,19521,15.384615384615374,109.74535296013754
Gorontalo,2020-11,10,7816,1867,9683,-47.36842105263158,-50.41478902089307
Gorontalo,2020-12,11,9012,2205,11217,-38.888888888888886,-28.613250175014315
Gorontalo,2021-01,10,6758,1607,8365,-50.0,-49.74768713204374
Gorontalo,2021-02,10,8914,1205,10119,-58.33333333333333,-49.65421165232101
Gorontalo,2021-03,13,11142,4347,15489,-35.0,-0.9401381427475042
Gorontalo,2021-04,10,6443,2466,8909,-41.17647058823529,-32.44104041859407
Gorontalo,2021-05,11,8839,2224,11063,37.5,44.74682716210911
Gorontalo,2021-06,9,4988,2692,7680,-30.76923076923077,-14.17076441662941
Gorontalo,2021-07,11,11674,1675,13349,22.222222222222232,62.971554144793075
Gorontalo,2021-08,9,5924,3363,9287,-30.76923076923077,2.7323008849557517
Gorontalo,2021-09,11,7795,1854,9649,-21.42857142857143,-40.17978921264724
Gorontalo,2021-10,14,9261,2438,11699,-6.666666666666665,-40.069668562061366
Gorontalo,2021-11,20,18051,3154,21205,100.0,118.99204791903335
Gorontalo,2021-12,27,23094,8460,31554,145.45454545454547,181.30516180797005
Gorontalo,2022-01,26,20481,9576,30057,160.0,259.31858936043034
Gorontalo,2022-02,18,12947,2446,15393,80.0,52.11977468129261
Gorontalo,2022-03,31,21635,5771,27406,138.46153846153845,76.93847246432952
Gorontalo,2022-04,22,22559,1858,24417,120.00000000000001,174.0711639914693
Gorontalo,2022-05,17,16038,1579,17617,54.54545454545454,59.24252011208533
Gorontalo,2022-06,23,25727,2707,28434,155.55555555555554,270.234375
Gorontalo,2022-07,23,22741,4695,27436,109.09090909090908,105.52850400779086
Gorontalo,2022-08,25,17501,4836,22337,177.77777777777777,140.5190050608377
Gorontalo,2022-09,22,20019,4561,24580,100.0,154.74142398175977
Gorontalo,2022-10,21,16258,3462,19720,50.0,68.56141550559877
Gorontalo,2022-11,22,17627,4356,21983,10.000000000000009,3.668946003301099
Gorontalo,2022-12,20,17862,2862,20724,-25.92592592592593,-34.32211447043164
Gorontalo,2023-01,24,18557,5613,24170,-7.692307692307687,-19.586119705892134
Gorontalo,2023-02,24,22085,4051,26136,33.33333333333333,69.79146365230949
Gorontalo,2023-03,21,21900,3716,25616,-32.25806451612904,-6.53141647814347
Gorontalo,2023-04,16,20467,1458,21925,-27.27272727272727,-10.20600401359708
Gorontalo,2023-05,17,15504,3453,18957,0.0,7.606289379576547
Gorontalo,2023-06,19,16587,3581,20168,-17.391304347826086,-29.070830695646055
Gorontalo,2023-07,19,15210,3113,18323,-17.391304347826086,-33.21548330660447
Gorontalo,2023-08,16,13484,3199,16683,-36.0,-25.312262165913058
Gorontalo,2023-09,20,15626,4440,20066,-9.090909090909093,-18.36452400325468
Gorontalo,2023-10,20,17296,3752,21048,-4.761904761904767,6.734279918864106
Gorontalo,2023-11,20,19922,1789,21711,-9.090909090909093,-1.2373197470772923
Gorontalo,2023-12,19,18197,1444,19641,-5.000000000000004,-5.225825130283734
Gorontalo,2024-01,18,16354,1554,17908,-25.0,-25.908150599917256
Gorontalo,2024-02,16,9576,1276,10852,-33.333333333333336,-58.478726660544844
Gorontalo,2024-03,21,13380,2765,16145,0.0,-36.97298563397876
Gorontalo,2024-04,15,14809,4736,19545,-6.25,-10.855188141391103
Gorontalo,2024-05,23,22519,8239,30758,35.29411764705883,62.25141108825236
Gorontalo,2024-06,21,12640,16095,28735,10.526315789473696,42.478183260610855
Gorontalo,2024-07,19,16704,3176,19880,0.0,8.49751678218633
Gorontalo,2024-08,18,9223,7296,16519,12.5,-0.9830366241083688
Gorontalo,2024-09,15,7011,4122,11133,-25.0,-44.51809030200339
Gorontalo,2024-10,16,13185,2184,15369,-19.999999999999996,-26.9811858608894
Gorontalo,2024-11,13,7760,4938,12698,-35.0,-41.51351849292985
Gorontalo,2024-12,19,17698,2977,20675,0.0,5.264497734331242
Gorontalo,2025-01,16,11391,2229,13620,-11.111111111111116,-23.944605762787585
Gorontalo,2025-02,10,7343,1479,8822,-37.5,-18.706229266494656
Gorontalo,2025-03,16,9411,4849,14260,-23.809523809523814,-11.675441313100032
Gorontalo,2025-04,14,11689,4324,16013,-6.666666666666665,-18.071117932975188
Gorontalo,2025-05,16,11277,4550,15827,-30.434782608695656,-48.543468365953565
Gorontalo,2025-06,15,10078,6116,16194,-28.57142857142857,-43.64364016008352
Gorontalo,2025-07,16,18561,1343,19904,-15.789473684210531,0.12072434607646176
Gorontalo,2025-08,14,10234,1543,11777,-22.22222222222222,-28.706338156062717
Gorontalo,2025-09,17,16109,1740,17849,13.33333333333333,60.32515943591126
Gorontalo,2025-10,19,10802,1775,12577,18.75,-18.166438935519558
Gorontalo,2025-11,23,16033,4583,20616,76.92307692307692,62.35627657898881
Gorontalo,2025-12,21,17843,2178,20021,10.526315789473696,-3.1632406287787185
Gorontalo,2026-01,24,17610,3373,20983,50.0,54.060205580029375
Gorontalo,2026-02,19,13949,8592,22541,89.99999999999999,155.50895488551348
Gorontalo,2026-03,15,19078,904,19982,-6.25,40.12622720897616
Gorontalo,2026-04,18,14096,3260,17356,28.57142857142858,8.386935614812963
Gorontalo,2026-05,11,18204,663,18867,-31.25,19.207683073229287
Gorontalo,2026-06,6,6755,880,7635,-60.0,-52.85290848462394
Gorontalo,2026-07,16,17681,1434,19115,0.0,-3.9640273311897123
Gorontalo,2026-08,7,8646,1109,9755,-50.0,-17.169058334040933
Gresik,2019-01,306,925335,470724,1396059,,
Gresik,2019-02,317,918841,537800,1456641,,
Gresik,2019-03,341,998185,658174,1656359,,
Gresik,2019-04,341,948702,552446,1501148,,
Gresik,2019-05,365,960141,732093,1692234,,
Gresik,2019-06,277,796433,456131,1252564,,
Gresik,2019-07,306,986009,482120,1468129,,
Gresik,2019-08,281,832654,456615,1289269,,
Gresik,2019-09,303,837979,525438,1363417,,
Gresik,2019-10,282,802765,520021,1322786,,
Gresik,2019-11,311,881712,452277,1333989,,
Gresik,2019-12,349,827924,629372,1457296,,
Gresik,2020-01,356,932727,532326,1465053,16.33986928104576,4.942054741239454
Gresik,2020-02,344,849804,440270,1290074,8.517350157728698,-11.435006978383832
Gresik,2020-03,408,918880,690941,1609821,19.648093841642233,-2.8096566022220992
Gresik,2020-04,368,1199565,612428,1811993,7.917888563049846,20.707152126239393
Gresik,2020-05,358,952690,606825,1559515,-1.9178082191780854,-7.842827883141457
Gresik,2020-06,395,854503,627118,1481621,42.59927797833936,18.287049603852566
Gresik,2020-07,392,891394,637151,1528545,28.104575163398682,4.11516971601269
Gresik,2020-08,394,1073341,691556,1764897,40.21352313167259,36.89129266274145
Gresik,2020-09,394,1094813,573442,1668255,30.03300330033003,22.358383385273918
Gresik,2020-10,418,927456,676335,1603791,48.22695035460993,21.243421082472903
Gresik,2020-11,378,954246,640784,1595030,21.543408360128623,19.568452213623956
Gresik,2020-12,365,1182122,566336,1748458,4.584527220630363,19.97960606493121
Gresik,2021-01,378,975177,615298,1590475,6.17977528089888,8.560918956515561
Gresik,2021-02,361,801216,560444,1361660,4.941860465116288,5.548984011769864
Gresik,2021-03,428,1003829,720160,1723989,4.90196078431373,7.09196861017467
Gresik,2021-04,428,1277288,632884,1910172,16.30434782608696,5.41828803974409
Gresik,2021-05,405,1143829,640609,1784438,13.128491620111738,14.422624982767074
Gresik,2021-06,395,1103628,695882,1799510,0.0,21.45548692951842
Gresik,2021-07,392,1090081,664712,1754793,0.0,14.801526942288245
Gresik,2021-08,424,1010903,659050,1669953,7.614213197969533,-5.379577391768475
Gresik,2021-09,395,986184,540677,1526861,0.2538071065989911,-8.475562788662405
Gresik,2021-10,385,983383,448260,1431643,-7.8947368421052655,-10.733817561016368
Gresik,2021-11,371,893431,638786,1532217,-1.851851851851849,-3.93804505244415
Gresik,2021-12,420,1097661,680481,1778142,15.068493150684926,1.6977245092532955
Gresik,2022-01,334,839573,435143,1274716,-11.64021164021164,-19.853125638567093
Gresik,2022-02,334,981479,475783,1457262,-7.479224376731297,7.020989086849871
Gresik,2022-03,377,974577,658625,1633202,-11.91588785046729,-5.266100885794511
Gresik,2022-04,380,1114240,653931,1768171,-11.214953271028039,-7.433937886221765
Gresik,2022-05,343,1075000,545073,1620073,-15.308641975308646,-9.211023302574816
Gresik,2022-06,349,1027947,390738,1418685,-11.64556962025316,-21.162705403137515
Gresik,2022-07,379,992744,627831,1620575,-3.316326530612246,-7.648651436380249
Gresik,2022-08,411,1006731,709593,1716324,-3.0660377358490587,2.776784735857829
Gresik,2022-09,446,846941,684707,1531648,12.911392405063292,0.31351904331828884
Gresik,2022-10,458,877888,768471,1646359,18.961038961038955,14.997873073105517
Gresik,2022-11,427,981803,620242,1602045,15.094339622641506,4.557317925594084
Gresik,2022-12,460,1084290,596731,1681021,9.523809523809534,-5.461937235608849
Gresik,2023-01,467,1117200,663509,1780709,39.82035928143712,39.694567260472134
Gresik,2023-02,395,596095,662597,1258692,18.26347305389222,-13.626238795769051
Gresik,2023-03,492,915628,693980,1609608,30.503978779840857,-1.444646773638536
Gresik,2023-04,404,1000688,631755,1632443,6.315789473684208,-7.676180640899554
Gresik,2023-05,439,808607,591536,1400143,27.988338192419814,-13.575314198804623
Gresik,2023-06,434,954175,591910,1546085,24.35530085959885,8.980147108061342
Gresik,2023-07,473,1128328,651890,1780218,24.802110817941948,9.851009672492793
Gresik,2023-08,471,974607,789470,1764077,14.598540145985407,2.782283531547658
Gresik,2023-09,467,785042,747861,1532903,4.7085201793722,0.0819378865117848
Gresik,2023-10,482,1075837,743397,1819234,5.240174672489073,10.50044370638481
Gresik,2023-11,458,1151183,777262,1928445,7.259953161592514,20.37395953297192
Gresik,2023-12,452,926034,641614,1567648,-1.7391304347826098,-6.744294092697234
Gresik,2024-01,469,1079765,651763,1731528,0.4282655246252709,-2.7618774319667083
Gresik,2024-02,406,930026,537291,1467317,2.784810126582271,16.574745847276382
Gresik,2024-03,465,1173752,667970,1841722,-5.487804878048785,14.420529719037178
Gresik,2024-04,405,1084776,528291,1613067,0.24752475247524774,-1.186932713730282
Gresik,2024-05,495,1311319,667398,1978717,12.756264236902059,41.322493488165144
Gresik,2024-06,467,1161629,560449,1722078,7.603686635944706,11.383138701947182
Gresik,2024-07,500,1300036,665059,1965095,5.708245243128962,10.38507643445914
Gresik,2024-08,452,761743,695214,1456957,-4.033970276008492,-17.40967089305059
Gresik,2024-09,405,945745,586345,1532090,-13.276231263383298,-0.053036623974245245
Gresik,2024-10,480,1271082,618975,1890057,-0.4149377593360981,3.8930121138896823
Gresik,2024-11,458,1125566,626297,1751863,0.0,-9.156703976519943
Gresik,2024-12,425,992710,597227,1589937,-5.973451327433632,1.4218115291187772
Gresik,2025-01,422,882739,699434,1582173,-10.021321961620465,-8.625618528836954
Gresik,2025-02,423,891791,612051,1503842,4.187192118226601,2.489237158705304
Gresik,2025-03,452,1149310,706980,1856290,-2.7956989247311825,0.7909988586768169
Gresik,2025-04,432,1140099,652593,1792692,6.666666666666665,11.13561928921738
Gresik,2025-05,444,1093868,545666,1639534,-10.303030303030303,-17.14156193129184
Gresik,2025-06,457,1110834,764303,1875137,-2.1413276231263434,8.888041075955911
Gresik,2025-07,491,1254663,717626,1972289,-1.8000000000000016,0.36608917126144114
Gresik,2025-08,451,1157499,702625,1860124,-0.22123893805309214,27.67185304713866
Gresik,2025-09,461,1064625,718705,1783330,13.82716049382715,16.398514447584667
Gresik,2025-10,477,1065902,754106,1820008,-0.6249999999999978,-3.7061845224773626
Gresik,2025-11,429,1056186,671470,1727656,-6.33187772925764,-1.3817861328197512
Gresik,2025-12,418,1146965,629952,1776917,-1.6470588235294126,11.760214398432133
Gresik,2026-01,409,1203321,606061,1809382,-3.080568720379151,14.360566132780672
Gresik,2026-02,358,1121683,533681,1655364,-15.36643026004728,10.075659544021253
Gresik,2026-03,405,1018674,536937,1555611,-10.398230088495575,-16.197846241697146
Gresik,2026-04,440,1059026,706788,1765814,1.85185185185186,-1.49930941846117
Gresik,2026-05,416,1136275,555811,1692086,-6.3063063063063085,3.205301018460127
Gresik,2026-06,411,1148832,506340,1655172,-10.065645514223199,-11.730609550128868
Gresik,2026-07,494,1398375,712802,2111177,0.6109979633401208,7.041970015550469
Gresik,2026-08,402,884408,593929,1478337,-10.864745011086473,-20.524814474733944
Indonesia - Offshore Oil Terminal 1,2019-01,0,0,0,0,,
Indonesia - Offshore Oil Terminal 1,2019-02,0,0,0,0,,
Indonesia - Offshore Oil Terminal 1,2019-03,0,0,0,0,,
Indonesia - Offshore Oil Terminal 1,2019-04,0,0,0,0,,
Indonesia - Offshore Oil Terminal 1,2019-05,0,0,0,0,,
Indonesia - Offshore Oil Terminal 1,2019-06,0,0,0,0,,
Indonesia - Offshore Oil Terminal 1,2019-07,0,0,0,0,,
Indonesia - Offshore Oil Terminal 1,2019-08,0,0,0,0,,
Indonesia - Offshore Oil Terminal 1,2019-09,0,0,0,0,,
Indonesia - Offshore Oil Terminal 1,2019-10,0,0,0,0,,
Indonesia - Offshore Oil Terminal 1,2019-11,0,0,0,0,,
Indonesia - Offshore Oil Terminal 1,2019-12,0,0,0,0,,
Indonesia - Offshore Oil Terminal 1,2020-01,0,0,0,0,,
Indonesia - Offshore Oil Terminal 1,2020-02,0,0,0,0,,
Indonesia - Offshore Oil Terminal 1,2020-03,0,0,0,0,,
Indonesia - Offshore Oil Terminal 1,2020-04,0,0,0,0,,
Indonesia - Offshore Oil Terminal 1,2020-05,0,0,0,0,,
Indonesia - Offshore Oil Terminal 1,2020-06,0,0,0,0,,
Indonesia - Offshore Oil Terminal 1,2020-07,0,0,0,0,,
Indonesia - Offshore Oil Terminal 1,2020-08,0,0,0,0,,
Indonesia - Offshore Oil Terminal 1,2020-09,0,0,0,0,,
Indonesia - Offshore Oil Terminal 1,2020-10,0,0,0,0,,
Indonesia - Offshore Oil Terminal 1,2020-11,0,0,0,0,,
Indonesia - Offshore Oil Terminal 1,2020-12,0,0,0,0,,
Indonesia - Offshore Oil Terminal 1,2021-01,0,0,0,0,,
Indonesia - Offshore Oil Terminal 1,2021-02,0,0,0,0,,
Indonesia - Offshore Oil Terminal 1,2021-03,0,0,0,0,,
Indonesia - Offshore Oil Terminal 1,2021-04,4,1316,0,1316,inf,inf
Indonesia - Offshore Oil Terminal 1,2021-05,0,0,0,0,,
Indonesia - Offshore Oil Terminal 1,2021-06,2,0,0,0,inf,
Indonesia - Offshore Oil Terminal 1,2021-07,0,0,0,0,,
Indonesia - Offshore Oil Terminal 1,2021-08,0,0,0,0,,
Indonesia - Offshore Oil Terminal 1,2021-09,0,0,0,0,,
Indonesia - Offshore Oil Terminal 1,2021-10,4,658,0,658,inf,inf
Indonesia - Offshore Oil Terminal 1,2021-11,2,0,0,0,inf,
Indonesia - Offshore Oil Terminal 1,2021-12,2,0,0,0,inf,
Indonesia - Offshore Oil Terminal 1,2022-01,0,0,0,0,,
Indonesia - Offshore Oil Terminal 1,2022-02,0,0,0,0,,
Indonesia - Offshore Oil Terminal 1,2022-03,2,0,0,0,inf,
Indonesia - Offshore Oil Terminal 1,2022-04,0,0,0,0,-100.0,-100.0
Indonesia - Offshore Oil Terminal 1,2022-05,0,0,0,0,,
Indonesia - Offshore Oil Terminal 1,2022-06,2,0,19218,19218,0.0,inf
Indonesia - Offshore Oil Terminal 1,2022-07,6,0,19218,19218,inf,inf
Indonesia - Offshore Oil Terminal 1,2022-08,4,2138,25794,27932,inf,inf
Indonesia - Offshore Oil Terminal 1,2022-09,4,2138,25794,27932,inf,inf
Indonesia - Offshore Oil Terminal 1,2022-10,4,0,19218,19218,0.0,2820.668693009118
Indonesia - Offshore Oil Terminal 1,2022-11,8,2138,45774,47912,300.0,inf
Indonesia - Offshore Oil Terminal 1,2022-12,2,0,19218,19218,0.0,inf
Indonesia - Offshore Oil Terminal 1,2023-01,2,0,19218,19218,inf,inf
Indonesia - Offshore Oil Terminal 1,2023-02,8,0,38436,38436,inf,inf
Indonesia - Offshore Oil Terminal 1,2023-03,4,0,19218,19218,100.0,inf
Indonesia - Offshore Oil Terminal 1,2023-04,6,2138,45012,47150,inf,inf
Indonesia - Offshore Oil Terminal 1,2023-05,4,0,19218,19218,inf,inf
Indonesia - Offshore Oil Terminal 1,2023-06,4,0,0,0,100.0,-100.0
Indonesia - Offshore Oil Terminal 1,2023-07,6,0,18456,18456,0.0,-3.965032781767097
Indonesia - Offshore Oil Terminal 1,2023-08,6,2138,25794,27932,50.0,0.0
Indonesia - Offshore Oil Terminal 1,2023-09,2,2138,7338,9476,-50.0,-66.07475297150222
Indonesia - Offshore Oil Terminal 1,2023-10,4,0,18456,18456,0.0,-3.965032781767097
Indonesia - Offshore Oil Terminal 1,2023-11,6,4276,33132,37408,-25.0,-21.92352646518617
Indonesia - Offshore Oil Terminal 1,2023-12,2,0,0,0,0.0,-100.0
Indonesia - Offshore Oil Terminal 1,2024-01,4,130742,0,130742,100.0,580.3101259236133
Indonesia - Offshore Oil Terminal 1,2024-02,2,0,0,0,-75.0,-100.0
Indonesia - Offshore Oil Terminal 1,2024-03,2,0,0,0,-50.0,-100.0
Indonesia - Offshore Oil Terminal 1,2024-04,2,0,0,0,-66.66666666666667,-100.0
Indonesia - Offshore Oil Terminal 1,2024-05,0,0,0,0,-100.0,-100.0
Indonesia - Offshore Oil Terminal 1,2024-06,0,0,0,0,-100.0,
Indonesia - Offshore Oil Terminal 1,2024-07,2,0,0,0,-66.66666666666667,-100.0
Indonesia - Offshore Oil Terminal 1,2024-08,2,2138,7338,9476,-66.66666666666667,-66.07475297150222
Indonesia - Offshore Oil Terminal 1,2024-09,2,0,0,0,0.0,-100.0
Indonesia - Offshore Oil Terminal 1,2024-10,2,0,0,0,-50.0,-100.0
Indonesia - Offshore Oil Terminal 1,2024-11,4,1926,18456,20382,-33.333333333333336,-45.51432848588537
Indonesia - Offshore Oil Terminal 1,2024-12,4,0,18456,18456,100.0,inf
Indonesia - Offshore Oil Terminal 1,2025-01,0,0,0,0,-100.0,-100.0
Indonesia - Offshore Oil Terminal 1,2025-02,2,2138,7338,9476,0.0,inf
Indonesia - Offshore Oil Terminal 1,2025-03,0,0,0,0,-100.0,
Indonesia - Offshore Oil Terminal 1,2025-04,0,0,0,0,-100.0,
Indonesia - Offshore Oil Terminal 1,2025-05,2,2138,7338,9476,inf,inf
Indonesia - Offshore Oil Terminal 1,2025-06,6,0,17914,17914,inf,inf
Indonesia - Offshore Oil Terminal 1,2025-07,2,39538,0,39538,0.0,inf
Indonesia - Offshore Oil Terminal 1,2025-08,0,0,0,0,-100.0,-100.0
Indonesia - Offshore Oil Terminal 1,2025-09,10,0,40362,40362,400.0,inf
Indonesia - Offshore Oil Terminal 1,2025-10,2,0,0,0,0.0,
Indonesia - Offshore Oil Terminal 1,2025-11,2,0,0,0,-50.0,-100.0
Indonesia - Offshore Oil Terminal 1,2025-12,0,0,0,0,-100.0,-100.0
Indonesia - Offshore Oil Terminal 1,2026-01,2,0,0,0,inf,
Indonesia - Offshore Oil Terminal 1,2026-02,2,0,0,0,0.0,-100.0
Indonesia - Offshore Oil Terminal 1,2026-03,0,0,0,0,,
Indonesia - Offshore Oil Terminal 1,2026-04,0,0,0,0,,
Indonesia - Offshore Oil Terminal 1,2026-05,0,0,0,0,-100.0,-100.0
Indonesia - Offshore Oil Terminal 1,2026-06,0,0,0,0,-100.0,-100.0
Indonesia - Offshore Oil Terminal 1,2026-07,2,41708,0,41708,0.0,5.488390915069052
Indonesia - Offshore Oil Terminal 1,2026-08,2,2138,7338,9476,inf,inf
Indonesia - Offshore Oil Terminal 10,2019-01,4,22542,106938,129480,,
Indonesia - Offshore Oil Terminal 10,2019-02,0,0,0,0,,
Indonesia - Offshore Oil Terminal 10,2019-03,4,18342,0,18342,,
Indonesia - Offshore Oil Terminal 10,2019-04,2,1752,41640,43392,,
Indonesia - Offshore Oil Terminal 10,2019-05,2,22542,53886,76428,,
Indonesia - Offshore Oil Terminal 10,2019-06,0,0,0,0,,
Indonesia - Offshore Oil Terminal 10,2019-07,0,0,0,0,,
Indonesia - Offshore Oil Terminal 10,2019-08,0,0,0,0,,
Indonesia - Offshore Oil Terminal 10,2019-09,2,1752,41640,43392,,
Indonesia - Offshore Oil Terminal 10,2019-10,0,0,0,0,,
Indonesia - Offshore Oil Terminal 10,2019-11,0,0,0,0,,
Indonesia - Offshore Oil Terminal 10,2019-12,2,22542,53886,76428,,
Indonesia - Offshore Oil Terminal 10,2020-01,6,94884,258412,353296,50.0,172.8575841828854
Indonesia - Offshore Oil Terminal 10,2020-02,0,0,0,0,,
Indonesia - Offshore Oil Terminal 10,2020-03,0,0,0,0,-100.0,-100.0
Indonesia - Offshore Oil Terminal 10,2020-04,2,22542,53886,76428,0.0,76.13384955752211
Indonesia - Offshore Oil Terminal 10,2020-05,0,0,0,0,-100.0,-100.0
Indonesia - Offshore Oil Terminal 10,2020-06,0,0,0,0,,
Indonesia - Offshore Oil Terminal 10,2020-07,2,22542,53886,76428,inf,inf
Indonesia - Offshore Oil Terminal 10,2020-08,0,0,0,0,,
Indonesia - Offshore Oil Terminal 10,2020-09,0,0,0,0,-100.0,-100.0
Indonesia - Offshore Oil Terminal 10,2020-10,2,22542,53886,76428,inf,inf
Indonesia - Offshore Oil Terminal 10,2020-11,10,144684,118570,263254,inf,inf
Indonesia - Offshore Oil Terminal 10,2020-12,10,193148,53886,247034,400.0,223.224472706338
Indonesia - Offshore Oil Terminal 10,2021-01,0,0,0,0,-100.0,-100.0
Indonesia - Offshore Oil Terminal 10,2021-02,4,94884,108100,202984,inf,inf
Indonesia - Offshore Oil Terminal 10,2021-03,4,176452,53886,230338,inf,inf
Indonesia - Offshore Oil Terminal 10,2021-04,12,239568,236444,476012,500.0,522.8240958810907
Indonesia - Offshore Oil Terminal 10,2021-05,0,0,0,0,,
Indonesia - Offshore Oil Terminal 10,2021-06,2,0,0,0,inf,
Indonesia - Offshore Oil Terminal 10,2021-07,10,144684,438946,583630,400.0,663.6337467943686
Indonesia - Offshore Oil Terminal 10,2021-08,8,144684,282694,427378,inf,inf
Indonesia - Offshore Oil Terminal 10,2021-09,4,0,0,0,inf,
Indonesia - Offshore Oil Terminal 10,2021-10,6,0,1562,1562,200.0,-97.95624640184226
Indonesia - Offshore Oil Terminal 10,2021-11,10,144684,384962,529646,0.0,101.19200467989091
Indonesia - Offshore Oil Terminal 10,2021-12,14,51068,311348,362416,39.99999999999999,46.7069310297368
Indonesia - Offshore Oil Terminal 10,2022-01,14,393900,331828,725728,inf,inf
Indonesia - Offshore Oil Terminal 10,2022-02,6,167226,162314,329540,50.0,62.347771252906625
Indonesia - Offshore Oil Terminal 10,2022-03,4,72342,211504,283846,0.0,23.230209518186307
Indonesia - Offshore Oil Terminal 10,2022-04,8,72342,434738,507080,-33.333333333333336,6.526726216986134
Indonesia - Offshore Oil Terminal 10,2022-05,10,511374,520438,1031812,inf,inf
Indonesia - Offshore Oil Terminal 10,2022-06,24,695982,448738,1144720,1100.0,inf
Indonesia - Offshore Oil Terminal 10,2022-07,14,45084,523314,568398,39.99999999999999,-2.6098726933159733
Indonesia - Offshore Oil Terminal 10,2022-08,18,715358,534966,1250324,125.0,192.55694022621662
Indonesia - Offshore Oil Terminal 10,2022-09,12,72342,662118,734460,200.0,inf
Indonesia - Offshore Oil Terminal 10,2022-10,20,1418362,652518,2070880,233.33333333333334,132478.7451984635
Indonesia - Offshore Oil Terminal 10,2022-11,20,627016,931862,1558878,100.0,194.32451108853837
Indonesia - Offshore Oil Terminal 10,2022-12,12,485768,561942,1047710,-14.28571428571429,189.09043750827777
Indonesia - Offshore Oil Terminal 10,2023-01,16,718186,318572,1036758,14.28571428571428,42.857654658494646
Indonesia - Offshore Oil Terminal 10,2023-02,14,971866,118030,1089896,133.33333333333334,230.73253626266919
Indonesia - Offshore Oil Terminal 10,2023-03,16,448940,256822,705762,300.0,148.6425737900129
Indonesia - Offshore Oil Terminal 10,2023-04,28,1269086,518288,1787374,250.0,252.48363177407902
Indonesia - Offshore Oil Terminal 10,2023-05,12,72342,431430,503772,19.999999999999996,-51.17598942443002
Indonesia - Offshore Oil Terminal 10,2023-06,10,546220,194648,740868,-58.33333333333333,-35.27954434272137
Indonesia - Offshore Oil Terminal 10,2023-07,20,1099422,804456,1903878,42.85714285714286,234.9550842895295
Indonesia - Offshore Oil Terminal 10,2023-08,0,0,0,0,-100.0,-100.0
Indonesia - Offshore Oil Terminal 10,2023-09,2,72342,54214,126556,-83.33333333333334,-82.76883696865724
Indonesia - Offshore Oil Terminal 10,2023-10,0,0,0,0,-100.0,-100.0
Indonesia - Offshore Oil Terminal 10,2023-11,0,0,0,0,-100.0,-100.0
Indonesia - Offshore Oil Terminal 10,2023-12,0,0,0,0,-100.0,-100.0
Indonesia - Offshore Oil Terminal 10,2024-01,14,289368,605240,894608,-12.5,-13.711010669799506
Indonesia - Offshore Oil Terminal 10,2024-02,20,681066,285072,966138,42.85714285714286,-11.35502836967931
Indonesia - Offshore Oil Terminal 10,2024-03,16,167226,617084,784310,0.0,11.129530918354913
Indonesia - Offshore Oil Terminal 10,2024-04,22,94884,564512,659396,-21.42857142857143,-63.10811279564321
Indonesia - Offshore Oil Terminal 10,2024-05,14,219402,481288,700690,16.666666666666675,39.08871473603137
Indonesia - Offshore Oil Terminal 10,2024-06,22,171734,796842,968576,120.00000000000001,30.735299675515737
Indonesia - Offshore Oil Terminal 10,2024-07,22,392184,461098,853282,10.000000000000009,-55.1818971593768
Indonesia - Offshore Oil Terminal 10,2024-08,24,258062,528866,786928,inf,inf
Indonesia - Offshore Oil Terminal 10,2024-09,28,271728,448172,719900,1300.0,468.8390909952906
Indonesia - Offshore Oil Terminal 10,2024-10,26,527476,568970,1096446,inf,inf
Indonesia - Offshore Oil Terminal 10,2024-11,18,429080,364084,793164,inf,inf
Indonesia - Offshore Oil Terminal 10,2024-12,26,277166,508800,785966,inf,inf
Indonesia - Offshore Oil Terminal 10,2025-01,30,554132,612542,1166674,114.28571428571428,30.41175576341817
Indonesia - Offshore Oil Terminal 10,2025-02,12,282726,243436,526162,-40.0,-45.53966410595588
Indonesia - Offshore Oil Terminal 10,2025-03,18,311910,638034,949944,12.5,21.11843531256774
Indonesia - Offshore Oil Terminal 10,2025-04,26,460328,601684,1062012,18.181818181818187,61.05830183986558
Indonesia - Offshore Oil Terminal 10,2025-05,22,509330,594292,1103622,57.14285714285714,57.50503075539826
Indonesia - Offshore Oil Terminal 10,2025-06,18,331984,240948,572932,-18.181818181818176,-40.84800779701335
Indonesia - Offshore Oil Terminal 10,2025-07,20,284652,425246,709898,-9.090909090909093,-16.803823354998705
Indonesia - Offshore Oil Terminal 10,2025-08,30,334454,819050,1153504,25.0,46.58316898115202
Indonesia - Offshore Oil Terminal 10,2025-09,36,701682,521728,1223410,28.57142857142858,69.94165856368939
Indonesia - Offshore Oil Terminal 10,2025-10,14,239568,326004,565572,-46.15384615384615,-48.41770593353435
Indonesia - Offshore Oil Terminal 10,2025-11,2,0,0,0,-88.88888888888889,-100.0
Indonesia - Offshore Oil Terminal 10,2025-12,2,1752,41640,43392,-92.3076923076923,-94.47915049760422
Indonesia - Offshore Oil Terminal 10,2026-01,2,72342,54214,126556,-93.33333333333333,-89.15241104198773
Indonesia - Offshore Oil Terminal 10,2026-02,2,72342,54214,126556,-83.33333333333334,-75.94733181035498
Indonesia - Offshore Oil Terminal 10,2026-03,2,1752,41640,43392,-88.88888888888889,-95.43215179000025
Indonesia - Offshore Oil Terminal 10,2026-04,0,0,0,0,-100.0,-100.0
Indonesia - Offshore Oil Terminal 10,2026-05,4,72342,54214,126556,-81.81818181818181,-88.53266788809937
Indonesia - Offshore Oil Terminal 10,2026-06,0,0,0,0,-100.0,-100.0
Indonesia - Offshore Oil Terminal 10,2026-07,2,72342,54214,126556,-90.0,-82.17265015537444
Indonesia - Offshore Oil Terminal 10,2026-08,0,0,0,0,-100.0,-100.0
Indonesia - Offshore Oil Terminal 11,2019-01,4,0,64144,64144,,
Indonesia - Offshore Oil Terminal 11,2019-02,2,0,0,0,,
Indonesia - Offshore Oil Terminal 11,2019-03,0,0,0,0,,
Indonesia - Offshore Oil Terminal 11,2019-04,4,0,0,0,,
Indonesia - Offshore Oil Terminal 11,2019-05,6,0,0,0,,
Indonesia - Offshore Oil Terminal 11,2019-06,2,0,0,0,,
Indonesia - Offshore Oil Terminal 11,2019-07,2,0,32486,32486,,
Indonesia - Offshore Oil Terminal 11,2019-08,2,0,124388,124388,,
Indonesia - Offshore Oil Terminal 11,2019-09,2,0,51872,51872,,
Indonesia - Offshore Oil Terminal 11,2019-10,2,0,58834,58834,,
Indonesia - Offshore Oil Terminal 11,2019-11,2,0,0,0,,
Indonesia - Offshore Oil Terminal 11,2019-12,4,0,24030,24030,,
Indonesia - Offshore Oil Terminal 11,2020-01,2,0,32486,32486,-50.0,-49.354577201297076
Indonesia - Offshore Oil Terminal 11,2020-02,4,0,60964,60964,100.0,inf
Indonesia - Offshore Oil Terminal 11,2020-03,2,0,32486,32486,inf,inf
Indonesia - Offshore Oil Terminal 11,2020-04,2,0,24030,24030,-50.0,inf
Indonesia - Offshore Oil Terminal 11,2020-05,2,0,0,0,-66.66666666666667,
Indonesia - Offshore Oil Terminal 11,2020-06,4,0,55524,55524,100.0,inf
Indonesia - Offshore Oil Terminal 11,2020-07,4,0,0,0,100.0,-100.0
Indonesia - Offshore Oil Terminal 11,2020-08,2,0,0,0,0.0,-100.0
Indonesia - Offshore Oil Terminal 11,2020-09,4,0,0,0,100.0,-100.0
Indonesia - Offshore Oil Terminal 11,2020-10,2,0,0,0,0.0,-100.0
Indonesia - Offshore Oil Terminal 11,2020-11,2,0,0,0,0.0,
Indonesia - Offshore Oil Terminal 11,2020-12,2,0,0,0,-50.0,-100.0
Indonesia - Offshore Oil Terminal 11,2021-01,2,0,0,0,0.0,-100.0
Indonesia - Offshore Oil Terminal 11,2021-02,2,0,0,0,-50.0,-100.0
Indonesia - Offshore Oil Terminal 11,2021-03,2,0,0,0,0.0,-100.0
Indonesia - Offshore Oil Terminal 11,2021-04,2,0,0,0,0.0,-100.0
Indonesia - Offshore Oil Terminal 11,2021-05,2,0,0,0,0.0,
Indonesia - Offshore Oil Terminal 11,2021-06,0,0,0,0,-100.0,-100.0
Indonesia - Offshore Oil Terminal 11,2021-07,0,0,0,0,-100.0,
Indonesia - Offshore Oil Terminal 11,2021-08,2,0,0,0,0.0,
Indonesia - Offshore Oil Terminal 11,2021-09,2,0,0,0,-50.0,
Indonesia - Offshore Oil Terminal 11,2021-10,4,0,24030,24030,100.0,inf
Indonesia - Offshore Oil Terminal 11,2021-11,0,0,0,0,-100.0,
Indonesia - Offshore Oil Terminal 11,2021-12,0,0,0,0,-100.0,
Indonesia - Offshore Oil Terminal 11,2022-01,0,0,0,0,-100.0,
Indonesia - Offshore Oil Terminal 11,2022-02,2,0,62608,62608,0.0,inf
Indonesia - Offshore Oil Terminal 11,2022-03,2,0,24030,24030,0.0,inf
Indonesia - Offshore Oil Terminal 11,2022-04,2,0,42740,42740,0.0,inf
Indonesia - Offshore Oil Terminal 11,2022-05,4,0,24030,24030,100.0,inf
Indonesia - Offshore Oil Terminal 11,2022-06,2,0,55442,55442,inf,inf
Indonesia - Offshore Oil Terminal 11,2022-07,2,0,56650,56650,inf,inf
Indonesia - Offshore Oil Terminal 11,2022-08,2,0,57934,57934,0.0,inf
Indonesia - Offshore Oil Terminal 11,2022-09,4,0,61418,61418,100.0,inf
Indonesia - Offshore Oil Terminal 11,2022-10,4,0,28154,28154,0.0,17.161880982105693
Indonesia - Offshore Oil Terminal 11,2022-11,0,0,0,0,,
Indonesia - Offshore Oil Terminal 11,2022-12,4,0,24030,24030,inf,inf
Indonesia - Offshore Oil Terminal 11,2023-01,2,0,0,0,inf,
Indonesia - Offshore Oil Terminal 11,2023-02,0,0,0,0,-100.0,-100.0
Indonesia - Offshore Oil Terminal 11,2023-03,4,0,32486,32486,100.0,35.1893466500208
Indonesia - Offshore Oil Terminal 11,2023-04,2,0,0,0,0.0,-100.0
Indonesia - Offshore Oil Terminal 11,2023-05,2,0,0,0,-50.0,-100.0
Indonesia - Offshore Oil Terminal 11,2023-06,4,0,160752,160752,100.0,189.94625013527647
Indonesia - Offshore Oil Terminal 11,2023-07,2,0,0,0,0.0,-100.0
Indonesia - Offshore Oil Terminal 11,2023-08,2,0,17398,17398,0.0,-69.96927538233162
Indonesia - Offshore Oil Terminal 11,2023-09,4,0,85066,85066,0.0,38.503370347455146
Indonesia - Offshore Oil Terminal 11,2023-10,2,0,19754,19754,-50.0,-29.835902536051716
Indonesia - Offshore Oil Terminal 11,2023-11,2,0,32486,32486,inf,inf
Indonesia - Offshore Oil Terminal 11,2023-12,2,0,32486,32486,-50.0,35.1893466500208
Indonesia - Offshore Oil Terminal 11,2024-01,2,0,0,0,0.0,
Indonesia - Offshore Oil Terminal 11,2024-02,0,0,0,0,,
Indonesia - Offshore Oil Terminal 11,2024-03,4,0,0,0,0.0,-100.0
Indonesia - Offshore Oil Terminal 11,2024-04,0,0,0,0,-100.0,
Indonesia - Offshore Oil Terminal 11,2024-05,2,0,0,0,0.0,
Indonesia - Offshore Oil Terminal 11,2024-06,0,0,0,0,-100.0,-100.0
Indonesia - Offshore Oil Terminal 11,2024-07,2,0,57814,57814,0.0,inf
Indonesia - Offshore Oil Terminal 11,2024-08,2,0,0,0,0.0,-100.0
Indonesia - Offshore Oil Terminal 11,2024-09,2,0,62340,62340,-50.0,-26.715726612277525
Indonesia - Offshore Oil Terminal 11,2024-10,4,0,55744,55744,100.0,182.1909486686241
Indonesia - Offshore Oil Terminal 11,2024-11,4,0,0,0,100.0,-100.0
Indonesia - Offshore Oil Terminal 11,2024-12,4,0,17366,17366,100.0,-46.543126269777744
Indonesia - Offshore Oil Terminal 11,2025-01,2,0,0,0,0.0,
Indonesia - Offshore Oil Terminal 11,2025-02,4,0,81708,81708,inf,inf
Indonesia - Offshore Oil Terminal 11,2025-03,2,0,0,0,-50.0,
Indonesia - Offshore Oil Terminal 11,2025-04,2,0,0,0,inf,
Indonesia - Offshore Oil Terminal 11,2025-05,2,0,0,0,0.0,
Indonesia - Offshore Oil Terminal 11,2025-06,0,0,0,0,,
Indonesia - Offshore Oil Terminal 11,2025-07,2,0,0,0,0.0,-100.0
Indonesia - Offshore Oil Terminal 11,2025-08,2,0,15886,15886,0.0,inf
Indonesia - Offshore Oil Terminal 11,2025-09,4,0,16848,16848,100.0,-72.9740134744947
Indonesia - Offshore Oil Terminal 11,2025-10,0,0,0,0,-100.0,-100.0
Indonesia - Offshore Oil Terminal 11,2025-11,4,0,152628,152628,0.0,inf
Indonesia - Offshore Oil Terminal 11,2025-12,2,0,0,0,-50.0,-100.0
Indonesia - Offshore Oil Terminal 11,2026-01,0,0,0,0,-100.0,
Indonesia - Offshore Oil Terminal 11,2026-02,0,0,0,0,-100.0,-100.0
Indonesia - Offshore Oil Terminal 11,2026-03,6,0,193880,193880,200.0,inf
Indonesia - Offshore Oil Terminal 11,2026-04,2,0,32486,32486,0.0,inf
Indonesia - Offshore Oil Terminal 11,2026-05,2,0,0,0,0.0,
Indonesia - Offshore Oil Terminal 11,2026-06,0,0,0,0,,
Indonesia - Offshore Oil Terminal 11,2026-07,6,0,49412,49412,200.0,inf
Indonesia - Offshore Oil Terminal 11,2026-08,2,0,0,0,0.0,-100.0
Indonesia - Offshore Oil Terminal 12,2019-01,20,184866,909508,1094374,,
Indonesia - Offshore Oil Terminal 12,2019-02,18,45702,1107950,1153652,,
Indonesia - Offshore Oil Terminal 12,2019-03,14,213162,578632,791794,,
Indonesia - Offshore Oil Terminal 12,2019-04,18,6922,1079212,1086134,,
Indonesia - Offshore Oil Terminal 12,2019-05,22,172038,914842,1086880,,
Indonesia - Offshore Oil Terminal 12,2019-06,14,38780,758154,796934,,
Indonesia - Offshore Oil Terminal 12,2019-07,20,141446,612028,753474,,
Indonesia - Offshore Oil Terminal 12,2019-08,16,0,894148,894148,,
Indonesia - Offshore Oil Terminal 12,2019-09,10,6922,777884,784806,,
Indonesia - Offshore Oil Terminal 12,2019-10,24,329502,735748,1065250,,
Indonesia - Offshore Oil Terminal 12,2019-11,14,45702,1018946,1064648,,
Indonesia - Offshore Oil Terminal 12,2019-12,18,45702,814448,860150,,
Indonesia - Offshore Oil Terminal 12,2020-01,20,13844,973220,987064,0.0,-9.805605761832792
Indonesia - Offshore Oil Terminal 12,2020-02,16,84482,827180,911662,-11.111111111111116,-20.9759962276319
Indonesia - Offshore Oil Terminal 12,2020-03,16,66468,899444,965912,14.28571428571428,21.99031566291232
Indonesia - Offshore Oil Terminal 12,2020-04,16,45510,865382,910892,-11.111111111111116,-16.1344732786194
Indonesia - Offshore Oil Terminal 12,2020-05,12,0,566946,566946,-45.45454545454546,-47.83729574562049
Indonesia - Offshore Oil Terminal 12,2020-06,12,6922,261194,268116,-14.28571428571429,-66.3565615220332
Indonesia - Offshore Oil Terminal 12,2020-07,16,326950,625444,952394,-19.999999999999996,26.400380106015596
Indonesia - Offshore Oil Terminal 12,2020-08,20,211328,602708,814036,25.0,-8.95959058231971
Indonesia - Offshore Oil Terminal 12,2020-09,8,6922,276414,283336,-19.999999999999996,-63.897319847197906
Indonesia - Offshore Oil Terminal 12,2020-10,16,166480,851594,1018074,-33.333333333333336,-4.428631776578273
Indonesia - Offshore Oil Terminal 12,2020-11,14,13844,1096718,1110562,0.0,4.312599093784986
Indonesia - Offshore Oil Terminal 12,2020-12,12,356256,1047922,1404178,-33.333333333333336,63.2480381328838
Indonesia - Offshore Oil Terminal 12,2021-01,18,49742,1130136,1179878,-9.999999999999998,19.534093027402477
Indonesia - Offshore Oil Terminal 12,2021-02,4,425882,0,425882,-75.0,-53.2850990827741
Indonesia - Offshore Oil Terminal 12,2021-03,8,13844,487270,501114,-50.0,-48.12011860293691
Indonesia - Offshore Oil Terminal 12,2021-04,16,59546,933080,992626,0.0,8.972962766167658
Indonesia - Offshore Oil Terminal 12,2021-05,8,38780,759548,798328,-33.333333333333336,40.81199973189686
Indonesia - Offshore Oil Terminal 12,2021-06,8,0,805442,805442,-33.333333333333336,200.40803234420923
Indonesia - Offshore Oil Terminal 12,2021-07,6,6922,263166,270088,-62.5,-71.64114851626533
Indonesia - Offshore Oil Terminal 12,2021-08,10,84482,501568,586050,-50.0,-28.00686947506007
Indonesia - Offshore Oil Terminal 12,2021-09,8,6922,596412,603334,0.0,112.93940762910468
Indonesia - Offshore Oil Terminal 12,2021-10,10,77560,496838,574398,-37.5,-43.57993623253319
Indonesia - Offshore Oil Terminal 12,2021-11,16,377672,805998,1183670,14.28571428571428,6.582973305407536
Indonesia - Offshore Oil Terminal 12,2021-12,16,45702,1050600,1096302,33.33333333333333,-21.925710273198984
Indonesia - Offshore Oil Terminal 12,2022-01,10,38780,589844,628624,-44.44444444444444,-46.72127118227478
Indonesia - Offshore Oil Terminal 12,2022-02,14,113492,301444,414936,250.0,-2.5701955001620203
Indonesia - Offshore Oil Terminal 12,2022-03,10,52624,632956,685580,25.0,36.811184680531774
Indonesia - Offshore Oil Terminal 12,2022-04,4,6922,98986,105908,-75.0,-89.33052327865681
Indonesia - Offshore Oil Terminal 12,2022-05,10,14126,154060,168186,25.0,-78.93271938351154
Indonesia - Offshore Oil Terminal 12,2022-06,8,0,543740,543740,0.0,-32.49172504041259
Indonesia - Offshore Oil Terminal 12,2022-07,12,377672,535976,913648,100.0,238.2778946121264
Indonesia - Offshore Oil Terminal 12,2022-08,12,38780,683586,722366,19.999999999999996,23.260131388106807
Indonesia - Offshore Oil Terminal 12,2022-09,14,0,1157612,1157612,75.0,91.86918025504944
Indonesia - Offshore Oil Terminal 12,2022-10,8,0,363200,363200,-19.999999999999996,-36.76858206330802
Indonesia - Offshore Oil Terminal 12,2022-11,10,150348,569542,719890,-37.5,-39.181528635514965
Indonesia - Offshore Oil Terminal 12,2022-12,10,6922,624266,631188,-37.5,-42.425718460789085
Indonesia - Offshore Oil Terminal 12,2023-01,16,23244,806524,829768,60.00000000000001,31.997505663162706
Indonesia - Offshore Oil Terminal 12,2023-02,14,151058,1353534,1504592,0.0,262.6082094588081
Indonesia - Offshore Oil Terminal 12,2023-03,6,0,271752,271752,-40.0,-60.361737506928435
Indonesia - Offshore Oil Terminal 12,2023-04,4,6922,98986,105908,0.0,0.0
Indonesia - Offshore Oil Terminal 12,2023-05,6,187874,580094,767968,-40.0,356.61826787009613
Indonesia - Offshore Oil Terminal 12,2023-06,4,0,166388,166388,-50.0,-69.39934527531541
Indonesia - Offshore Oil Terminal 12,2023-07,4,0,283980,283980,-66.66666666666667,-68.91800781044779
Indonesia - Offshore Oil Terminal 12,2023-08,4,0,138540,138540,-66.66666666666667,-80.82135648687785
Indonesia - Offshore Oil Terminal 12,2023-09,2,0,86104,86104,-85.71428571428572,-92.5619292128969
Indonesia - Offshore Oil Terminal 12,2023-10,8,0,233504,233504,0.0,-35.709251101321584
Indonesia - Offshore Oil Terminal 12,2023-11,6,6922,368534,375456,-40.0,-47.84536526413758
Indonesia - Offshore Oil Terminal 12,2023-12,4,13844,197972,211816,-60.0,-66.44169407529927
Indonesia - Offshore Oil Terminal 12,2024-01,4,0,75834,75834,-75.0,-90.86081892770027
Indonesia - Offshore Oil Terminal 12,2024-02,8,43996,461244,505240,-42.85714285714286,-66.42013250103682
Indonesia - Offshore Oil Terminal 12,2024-03,10,77560,554198,631758,66.66666666666667,132.47593393976862
Indonesia - Offshore Oil Terminal 12,2024-04,12,360338,748612,1108950,200.0,947.0880386750764
Indonesia - Offshore Oil Terminal 12,2024-05,14,128962,370370,499332,133.33333333333334,-34.980103337639065
Indonesia - Offshore Oil Terminal 12,2024-06,18,20766,1281316,1302082,350.0,682.5576363680074
Indonesia - Offshore Oil Terminal 12,2024-07,14,20766,575056,595822,250.0,109.81125431368409
Indonesia - Offshore Oil Terminal 12,2024-08,6,13844,352906,366750,50.0,164.72498917280208
Indonesia - Offshore Oil Terminal 12,2024-09,12,52624,624486,677110,500.0,686.38623060485
Indonesia - Offshore Oil Terminal 12,2024-10,14,14126,590574,604700,75.0,158.96772646293
Indonesia - Offshore Oil Terminal 12,2024-11,10,13844,500074,513918,66.66666666666667,36.87835591920226
Indonesia - Offshore Oil Terminal 12,2024-12,12,6922,359998,366920,200.0,73.22581863504173
Indonesia - Offshore Oil Terminal 12,2025-01,14,65574,777054,842628,250.0,1011.1480338634385
Indonesia - Offshore Oil Terminal 12,2025-02,10,66560,313216,379776,25.0,-24.832554825429497
Indonesia - Offshore Oil Terminal 12,2025-03,14,84482,341990,426472,39.99999999999999,-32.49440450299007
Indonesia - Offshore Oil Terminal 12,2025-04,14,6922,968218,975140,16.666666666666675,-12.066369087875916
Indonesia - Offshore Oil Terminal 12,2025-05,12,45702,525952,571654,-14.28571428571429,14.483750290387952
Indonesia - Offshore Oil Terminal 12,2025-06,16,20766,751554,772320,-11.111111111111116,-40.685763262221585
Indonesia - Offshore Oil Terminal 12,2025-07,12,130218,519614,649832,-14.28571428571429,9.06478780575406
Indonesia - Offshore Oil Terminal 12,2025-08,10,59546,418460,478006,66.66666666666667,30.335650988411732
Indonesia - Offshore Oil Terminal 12,2025-09,6,84482,341990,426472,-50.0,-37.01584676049682
Indonesia - Offshore Oil Terminal 12,2025-10,8,138194,248546,386740,-42.85714285714286,-36.044319497271374
Indonesia - Offshore Oil Terminal 12,2025-11,14,13048,582348,595396,39.99999999999999,15.854280254826648
Indonesia - Offshore Oil Terminal 12,2025-12,6,0,156990,156990,-50.0,-57.214106617246266
Indonesia - Offshore Oil Terminal 12,2026-01,10,49726,289808,339534,-28.57142857142857,-59.70535040373688
Indonesia - Offshore Oil Terminal 12,2026-02,10,161486,349388,510874,0.0,34.51982221098753
Indonesia - Offshore Oil Terminal 12,2026-03,16,121886,411492,533378,14.28571428571428,25.067530810932492
Indonesia - Offshore Oil Terminal 12,2026-04,10,0,316788,316788,-28.57142857142857,-67.5135877925221
Indonesia - Offshore Oil Terminal 12,2026-05,16,31512,629558,661070,33.33333333333333,15.641629377210698
Indonesia - Offshore Oil Terminal 12,2026-06,6,6922,407262,414184,-62.5,-46.37145224777295
Indonesia - Offshore Oil Terminal 12,2026-07,12,6922,771504,778426,0.0,19.788806953181748
Indonesia - Offshore Oil Terminal 12,2026-08,10,0,545860,545860,0.0,14.195219306870621
Indonesia - Offshore Oil Terminal 13,2019-01,8,5338,135470,140808,,
Indonesia - Offshore Oil Terminal 13,2019-02,4,11618,0,11618,,
Indonesia - Offshore Oil Terminal 13,2019-03,2,0,1832,1832,,
Indonesia - Offshore Oil Terminal 13,2019-04,20,10060,127422,137482,,
Indonesia - Offshore Oil Terminal 13,2019-05,14,132496,0,132496,,
Indonesia - Offshore Oil Terminal 13,2019-06,10,0,0,0,,
Indonesia - Offshore Oil Terminal 13,2019-07,16,5338,28944,34282,,
Indonesia - Offshore Oil Terminal 13,2019-08,28,119292,111624,230916,,
Indonesia - Offshore Oil Terminal 13,2019-09,16,5338,28944,34282,,
Indonesia - Offshore Oil Terminal 13,2019-10,24,9084,151296,160380,,
Indonesia - Offshore Oil Terminal 13,2019-11,14,0,84620,84620,,
Indonesia - Offshore Oil Terminal 13,2019-12,22,96176,57888,154064,,
Indonesia - Offshore Oil Terminal 13,2020-01,8,10676,173808,184484,0.0,31.018123970228963
Indonesia - Offshore Oil Terminal 13,2020-02,14,6166,76504,82670,250.0,611.5682561542434
Indonesia - Offshore Oil Terminal 13,2020-03,10,6166,21962,28128,400.0,1435.3711790393013
Indonesia - Offshore Oil Terminal 13,2020-04,16,0,0,0,-19.999999999999996,-100.0
Indonesia - Offshore Oil Terminal 13,2020-05,18,0,0,0,28.57142857142858,-100.0
Indonesia - Offshore Oil Terminal 13,2020-06,14,5338,132052,137390,39.99999999999999,inf
Indonesia - Offshore Oil Terminal 13,2020-07,12,5338,94082,99420,-25.0,190.00641736188086
Indonesia - Offshore Oil Terminal 13,2020-08,20,5338,88986,94324,-28.57142857142857,-59.1522458383135
Indonesia - Offshore Oil Terminal 13,2020-09,12,4220,126852,131072,-25.0,282.33475293156755
Indonesia - Offshore Oil Terminal 13,2020-10,22,9084,24792,33876,-8.333333333333337,-78.8776655443322
Indonesia - Offshore Oil Terminal 13,2020-11,12,0,202644,202644,-14.28571428571429,139.47530134719926
Indonesia - Offshore Oil Terminal 13,2020-12,18,16842,211122,227964,-18.181818181818176,47.96707861667879
Indonesia - Offshore Oil Terminal 13,2021-01,14,5338,28944,34282,75.0,-81.4173586869322
Indonesia - Offshore Oil Terminal 13,2021-02,10,0,94868,94868,-28.57142857142857,14.755050199588737
Indonesia - Offshore Oil Terminal 13,2021-03,12,0,43892,43892,19.999999999999996,56.04379977246872
Indonesia - Offshore Oil Terminal 13,2021-04,14,104526,28944,133470,-12.5,inf
Indonesia - Offshore Oil Terminal 13,2021-05,0,0,0,0,-100.0,
Indonesia - Offshore Oil Terminal 13,2021-06,14,0,181242,181242,0.0,31.917897954727415
Indonesia - Offshore Oil Terminal 13,2021-07,12,10202,39226,49428,0.0,-50.283645141822575
Indonesia - Offshore Oil Terminal 13,2021-08,14,44042,30846,74888,-30.000000000000004,-20.605572282770023
Indonesia - Offshore Oil Terminal 13,2021-09,8,0,48648,48648,-33.333333333333336,-62.884521484375
Indonesia - Offshore Oil Terminal 13,2021-10,10,6166,21962,28128,-54.54545454545454,-16.96776478923131
Indonesia - Offshore Oil Terminal 13,2021-11,12,5338,150264,155602,0.0,-23.214109472769984
Indonesia - Offshore Oil Terminal 13,2021-12,10,8440,29020,37460,-44.44444444444444,-83.56758084609851
Indonesia - Offshore Oil Terminal 13,2022-01,18,28962,116626,145588,28.57142857142858,324.67767341461996
Indonesia - Offshore Oil Terminal 13,2022-02,20,23002,115776,138778,100.0,46.28536492811064
Indonesia - Offshore Oil Terminal 13,2022-03,12,4220,14510,18730,0.0,-57.327075549075005
Indonesia - Offshore Oil Terminal 13,2022-04,16,27644,78452,106096,14.28571428571428,-20.509477785270104
Indonesia - Offshore Oil Terminal 13,2022-05,0,0,0,0,,
Indonesia - Offshore Oil Terminal 13,2022-06,4,9558,43454,53012,-71.42857142857143,-70.7507089968109
Indonesia - Offshore Oil Terminal 13,2022-07,6,9558,43454,53012,-50.0,7.250950878044837
Indonesia - Offshore Oil Terminal 13,2022-08,4,9558,43454,53012,-71.42857142857143,-29.211622689883555
Indonesia - Offshore Oil Terminal 13,2022-09,6,6668,123168,129836,-25.0,166.88866962670613
Indonesia - Offshore Oil Terminal 13,2022-10,2,4220,14510,18730,-80.0,-33.41154721274175
Indonesia - Offshore Oil Terminal 13,2022-11,4,0,0,0,-66.66666666666667,-100.0
Indonesia - Offshore Oil Terminal 13,2022-12,2,0,0,0,-80.0,-100.0
Indonesia - Offshore Oil Terminal 13,2023-01,4,10202,39226,49428,-77.77777777777779,-66.04939967579746
Indonesia - Offshore Oil Terminal 13,2023-02,6,0,0,0,-70.0,-100.0
Indonesia - Offshore Oil Terminal 13,2023-03,10,243466,139898,383364,-16.666666666666664,1946.7912439935933
Indonesia - Offshore Oil Terminal 13,2023-04,6,34046,14510,48556,-62.5,-54.23390137234203
Indonesia - Offshore Oil Terminal 13,2023-05,12,11954,21962,33916,inf,inf
Indonesia - Offshore Oil Terminal 13,2023-06,16,18642,206744,225386,300.0,325.16034105485556
Indonesia - Offshore Oil Terminal 13,2023-07,20,19812,45356,65168,233.33333333333334,22.930657209688366
Indonesia - Offshore Oil Terminal 13,2023-08,10,32580,47326,79906,150.0,50.73190975628159
Indonesia - Offshore Oil Terminal 13,2023-09,20,31028,61204,92232,233.33333333333334,-28.96269139529869
Indonesia - Offshore Oil Terminal 13,2023-10,6,9728,20564,30292,200.0,61.72984516817939
Indonesia - Offshore Oil Terminal 13,2023-11,8,4864,14250,19114,100.0,inf
Indonesia - Offshore Oil Terminal 13,2023-12,8,0,25030,25030,300.0,inf
Indonesia - Offshore Oil Terminal 13,2024-01,8,29092,29092,58184,100.0,17.714655660759092
Indonesia - Offshore Oil Terminal 13,2024-02,8,4864,10282,15146,33.33333333333333,inf
Indonesia - Offshore Oil Terminal 13,2024-03,10,4864,10282,15146,0.0,-96.04918563036696
Indonesia - Offshore Oil Terminal 13,2024-04,10,29218,52418,81636,66.66666666666667,68.12752286020265
Indonesia - Offshore Oil Terminal 13,2024-05,6,6166,21962,28128,-50.0,-17.065691708927943
Indonesia - Offshore Oil Terminal 13,2024-06,14,4220,22918,27138,-12.5,-87.95932311678631
Indonesia - Offshore Oil Terminal 13,2024-07,14,4864,131668,136532,-30.000000000000004,109.50773385710777
Indonesia - Offshore Oil Terminal 13,2024-08,8,2198,0,2198,-19.999999999999996,-97.24926788977048
Indonesia - Offshore Oil Terminal 13,2024-09,18,6418,75028,81446,-9.999999999999998,-11.694422759996526
Indonesia - Offshore Oil Terminal 13,2024-10,8,798,0,798,33.33333333333333,-97.36564109335798
Indonesia - Offshore Oil Terminal 13,2024-11,18,0,119526,119526,125.0,525.332217222978
Indonesia - Offshore Oil Terminal 13,2024-12,18,0,6312,6312,125.0,-74.78226128645625
Indonesia - Offshore Oil Terminal 13,2025-01,20,4220,86294,90514,150.0,55.56510380860718
Indonesia - Offshore Oil Terminal 13,2025-02,18,6222,14510,20732,125.0,36.88102469298824
Indonesia - Offshore Oil Terminal 13,2025-03,16,0,23848,23848,60.00000000000001,57.4541132972402
Indonesia - Offshore Oil Terminal 13,2025-04,18,10952,95782,106734,80.0,30.743789504630303
Indonesia - Offshore Oil Terminal 13,2025-05,10,0,162202,162202,66.66666666666667,476.65671217292373
Indonesia - Offshore Oil Terminal 13,2025-06,12,0,0,0,-14.28571428571429,-100.0
Indonesia - Offshore Oil Terminal 13,2025-07,10,0,56720,56720,-28.57142857142857,-58.45662555298392
Indonesia - Offshore Oil Terminal 13,2025-08,12,0,27628,27628,50.0,1156.960873521383
Indonesia - Offshore Oil Terminal 13,2025-09,14,1594,102962,104556,-22.22222222222222,28.374628588267072
Indonesia - Offshore Oil Terminal 13,2025-10,4,0,61120,61120,-50.0,7559.147869674186
Indonesia - Offshore Oil Terminal 13,2025-11,8,12332,102842,115174,-55.55555555555556,-3.6410488094640536
Indonesia - Offshore Oil Terminal 13,2025-12,6,4220,14510,18730,-66.66666666666667,196.7363751584284
Indonesia - Offshore Oil Terminal 13,2026-01,8,4864,10282,15146,-60.0,-83.26667697814702
Indonesia - Offshore Oil Terminal 13,2026-02,8,9558,47666,57224,-55.55555555555556,176.0177503376423
Indonesia - Offshore Oil Terminal 13,2026-03,8,14422,53736,68158,-50.0,185.80174438108017
Indonesia - Offshore Oil Terminal 13,2026-04,8,13304,39302,52606,-55.55555555555556,-50.71298742668691
Indonesia - Offshore Oil Terminal 13,2026-05,16,9612,41030,50642,60.00000000000001,-68.77843676403496
Indonesia - Offshore Oil Terminal 13,2026-06,12,14592,94390,108982,0.0,inf
Indonesia - Offshore Oil Terminal 13,2026-07,12,113224,25618,138842,19.999999999999996,144.7849083215797
Indonesia - Offshore Oil Terminal 13,2026-08,12,9558,72928,82486,0.0,198.55943245982334
Indonesia - Offshore Oil Terminal 14,2019-01,0,0,0,0,,
Indonesia - Offshore Oil Terminal 14,2019-02,0,0,0,0,,
Indonesia - Offshore Oil Terminal 14,2019-03,0,0,0,0,,
Indonesia - Offshore Oil Terminal 14,2019-04,0,0,0,0,,
Indonesia - Offshore Oil Terminal 14,2019-05,0,0,0,0,,
Indonesia - Offshore Oil Terminal 14,2019-06,0,0,0,0,,
Indonesia - Offshore Oil Terminal 14,2019-07,0,0,0,0,,
Indonesia - Offshore Oil Terminal 14,2019-08,0,0,0,0,,
Indonesia - Offshore Oil Terminal 14,2019-09,0,0,0,0,,
Indonesia - Offshore Oil Terminal 14,2019-10,0,0,0,0,,
Indonesia - Offshore Oil Terminal 14,2019-11,0,0,0,0,,
Indonesia - Offshore Oil Terminal 14,2019-12,0,0,0,0,,
Indonesia - Offshore Oil Terminal 14,2020-01,0,0,0,0,,
Indonesia - Offshore Oil Terminal 14,2020-02,0,0,0,0,,
Indonesia - Offshore Oil Terminal 14,2020-03,0,0,0,0,,
Indonesia - Offshore Oil Terminal 14,2020-04,0,0,0,0,,
Indonesia - Offshore Oil Terminal 14,2020-05,0,0,0,0,,
Indonesia - Offshore Oil Terminal 14,2020-06,0,0,0,0,,
Indonesia - Offshore Oil Terminal 14,2020-07,0,0,0,0,,
Indonesia - Offshore Oil Terminal 14,2020-08,0,0,0,0,,
Indonesia - Offshore Oil Terminal 14,2020-09,0,0,0,0,,
Indonesia - Offshore Oil Terminal 14,2020-10,0,0,0,0,,
Indonesia - Offshore Oil Terminal 14,2020-11,0,0,0,0,,
Indonesia - Offshore Oil Terminal 14,2020-12,0,0,0,0,,
Indonesia - Offshore Oil Terminal 14,2021-01,0,0,0,0,,
Indonesia - Offshore Oil Terminal 14,2021-02,0,0,0,0,,
Indonesia - Offshore Oil Terminal 14,2021-03,0,0,0,0,,
Indonesia - Offshore Oil Terminal 14,2021-04,0,0,0,0,,
Indonesia - Offshore Oil Terminal 14,2021-05,0,0,0,0,,
Indonesia - Offshore Oil Terminal 14,2021-06,0,0,0,0,,
Indonesia - Offshore Oil Terminal 14,2021-07,0,0,0,0,,
Indonesia - Offshore Oil Terminal 14,2021-08,0,0,0,0,,
Indonesia - Offshore Oil Terminal 14,2021-09,0,0,0,0,,
Indonesia - Offshore Oil Terminal 14,2021-10,0,0,0,0,,
Indonesia - Offshore Oil Terminal 14,2021-11,0,0,0,0,,
Indonesia - Offshore Oil Terminal 14,2021-12,0,0,0,0,,
Indonesia - Offshore Oil Terminal 14,2022-01,0,0,0,0,,
Indonesia - Offshore Oil Terminal 14,2022-02,0,0,0,0,,
Indonesia - Offshore Oil Terminal 14,2022-03,0,0,0,0,,
Indonesia - Offshore Oil Terminal 14,2022-04,0,0,0,0,,
Indonesia - Offshore Oil Terminal 14,2022-05,0,0,0,0,,
Indonesia - Offshore Oil Terminal 14,2022-06,0,0,0,0,,
Indonesia - Offshore Oil Terminal 14,2022-07,0,0,0,0,,
Indonesia - Offshore Oil Terminal 14,2022-08,0,0,0,0,,
Indonesia - Offshore Oil Terminal 14,2022-09,0,0,0,0,,
Indonesia - Offshore Oil Terminal 14,2022-10,0,0,0,0,,
Indonesia - Offshore Oil Terminal 14,2022-11,0,0,0,0,,
Indonesia - Offshore Oil Terminal 14,2022-12,0,0,0,0,,
Indonesia - Offshore Oil Terminal 14,2023-01,0,0,0,0,,
Indonesia - Offshore Oil Terminal 14,2023-02,0,0,0,0,,
Indonesia - Offshore Oil Terminal 14,2023-03,0,0,0,0,,
Indonesia - Offshore Oil Terminal 14,2023-04,0,0,0,0,,
Indonesia - Offshore Oil Terminal 14,2023-05,0,0,0,0,,
Indonesia - Offshore Oil Terminal 14,2023-06,0,0,0,0,,
Indonesia - Offshore Oil Terminal 14,2023-07,0,0,0,0,,
Indonesia - Offshore Oil Terminal 14,2023-08,0,0,0,0,,
Indonesia - Offshore Oil Terminal 14,2023-09,0,0,0,0,,
Indonesia - Offshore Oil Terminal 14,2023-10,0,0,0,0,,
Indonesia - Offshore Oil Terminal 14,2023-11,0,0,0,0,,
Indonesia - Offshore Oil Terminal 14,2023-12,0,0,0,0,,
Indonesia - Offshore Oil Terminal 14,2024-01,0,0,0,0,,
Indonesia - Offshore Oil Terminal 14,2024-02,0,0,0,0,,
Indonesia - Offshore Oil Terminal 14,2024-03,0,0,0,0,,
Indonesia - Offshore Oil Terminal 14,2024-04,0,0,0,0,,
Indonesia - Offshore Oil Terminal 14,2024-05,0,0,0,0,,
Indonesia - Offshore Oil Terminal 14,2024-06,0,0,0,0,,
Indonesia - Offshore Oil Terminal 14,2024-07,0,0,0,0,,
Indonesia - Offshore Oil Terminal 14,2024-08,0,0,0,0,,
Indonesia - Offshore Oil Terminal 14,2024-09,0,0,0,0,,
Indonesia - Offshore Oil Terminal 14,2024-10,0,0,0,0,,
Indonesia - Offshore Oil Terminal 14,2024-11,0,0,0,0,,
Indonesia - Offshore Oil Terminal 14,2024-12,0,0,0,0,,
Indonesia - Offshore Oil Terminal 14,2025-01,0,0,0,0,,
Indonesia - Offshore Oil Terminal 14,2025-02,0,0,0,0,,
Indonesia - Offshore Oil Terminal 14,2025-03,0,0,0,0,,
Indonesia - Offshore Oil Terminal 14,2025-04,0,0,0,0,,
Indonesia - Offshore Oil Terminal 14,2025-05,0,0,0,0,,
Indonesia - Offshore Oil Terminal 14,2025-06,0,0,0,0,,
Indonesia - Offshore Oil Terminal 14,2025-07,0,0,0,0,,
Indonesia - Offshore Oil Terminal 14,2025-08,0,0,0,0,,
Indonesia - Offshore Oil Terminal 14,2025-09,0,0,0,0,,
Indonesia - Offshore Oil Terminal 14,2025-10,0,0,0,0,,
Indonesia - Offshore Oil Terminal 14,2025-11,0,0,0,0,,
Indonesia - Offshore Oil Terminal 14,2025-12,0,0,0,0,,
Indonesia - Offshore Oil Terminal 14,2026-01,0,0,0,0,,
Indonesia - Offshore Oil Terminal 14,2026-02,0,0,0,0,,
Indonesia - Offshore Oil Terminal 14,2026-03,0,0,0,0,,
Indonesia - Offshore Oil Terminal 14,2026-04,0,0,0,0,,
Indonesia - Offshore Oil Terminal 14,2026-05,0,0,0,0,,
Indonesia - Offshore Oil Terminal 14,2026-06,0,0,0,0,,
Indonesia - Offshore Oil Terminal 14,2026-07,0,0,0,0,,
Indonesia - Offshore Oil Terminal 14,2026-08,0,0,0,0,,
Indonesia - Offshore Oil Terminal 15,2019-01,0,0,0,0,,
Indonesia - Offshore Oil Terminal 15,2019-02,2,0,134722,134722,,
Indonesia - Offshore Oil Terminal 15,2019-03,0,0,0,0,,
Indonesia - Offshore Oil Terminal 15,2019-04,4,0,137332,137332,,
Indonesia - Offshore Oil Terminal 15,2019-05,2,0,68666,68666,,
Indonesia - Offshore Oil Terminal 15,2019-06,2,0,68666,68666,,
Indonesia - Offshore Oil Terminal 15,2019-07,0,0,0,0,,
Indonesia - Offshore Oil Terminal 15,2019-08,2,0,68666,68666,,
Indonesia - Offshore Oil Terminal 15,2019-09,4,0,137332,137332,,
Indonesia - Offshore Oil Terminal 15,2019-10,4,0,137332,137332,,
Indonesia - Offshore Oil Terminal 15,2019-11,2,0,68666,68666,,
Indonesia - Offshore Oil Terminal 15,2019-12,4,0,137332,137332,,
Indonesia - Offshore Oil Terminal 15,2020-01,2,0,68666,68666,inf,inf
Indonesia - Offshore Oil Terminal 15,2020-02,2,0,68666,68666,0.0,-49.03133860839358
Indonesia - Offshore Oil Terminal 15,2020-03,2,0,68666,68666,inf,inf
Indonesia - Offshore Oil Terminal 15,2020-04,2,0,68666,68666,-50.0,-50.0
Indonesia - Offshore Oil Terminal 15,2020-05,2,0,68666,68666,0.0,0.0
Indonesia - Offshore Oil Terminal 15,2020-06,2,0,68666,68666,0.0,0.0
Indonesia - Offshore Oil Terminal 15,2020-07,16,0,549328,549328,inf,inf
Indonesia - Offshore Oil Terminal 15,2020-08,6,0,256178,256178,200.0,273.07837940174176
Indonesia - Offshore Oil Terminal 15,2020-09,0,0,0,0,-100.0,-100.0
Indonesia - Offshore Oil Terminal 15,2020-10,0,0,0,0,-100.0,-100.0
Indonesia - Offshore Oil Terminal 15,2020-11,0,0,0,0,-100.0,-100.0
Indonesia - Offshore Oil Terminal 15,2020-12,0,0,0,0,-100.0,-100.0
Indonesia - Offshore Oil Terminal 15,2021-01,2,0,133088,133088,0.0,93.81935746949
Indonesia - Offshore Oil Terminal 15,2021-02,0,0,0,0,-100.0,-100.0
Indonesia - Offshore Oil Terminal 15,2021-03,2,0,0,0,0.0,-100.0
Indonesia - Offshore Oil Terminal 15,2021-04,2,0,0,0,0.0,-100.0
Indonesia - Offshore Oil Terminal 15,2021-05,0,0,0,0,-100.0,-100.0
Indonesia - Offshore Oil Terminal 15,2021-06,0,0,0,0,-100.0,-100.0
Indonesia - Offshore Oil Terminal 15,2021-07,0,0,0,0,-100.0,-100.0
Indonesia - Offshore Oil Terminal 15,2021-08,0,0,0,0,-100.0,-100.0
Indonesia - Offshore Oil Terminal 15,2021-09,0,0,0,0,,
Indonesia - Offshore Oil Terminal 15,2021-10,2,0,0,0,inf,
Indonesia - Offshore Oil Terminal 15,2021-11,0,0,0,0,,
Indonesia - Offshore Oil Terminal 15,2021-12,2,0,13952,13952,inf,inf
Indonesia - Offshore Oil Terminal 15,2022-01,0,0,0,0,-100.0,-100.0
Indonesia - Offshore Oil Terminal 15,2022-02,0,0,0,0,,
Indonesia - Offshore Oil Terminal 15,2022-03,2,0,68666,68666,0.0,inf
Indonesia - Offshore Oil Terminal 15,2022-04,0,0,0,0,-100.0,
Indonesia - Offshore Oil Terminal 15,2022-05,0,0,0,0,,
Indonesia - Offshore Oil Terminal 15,2022-06,0,0,0,0,,
Indonesia - Offshore Oil Terminal 15,2022-07,0,0,0,0,,
Indonesia - Offshore Oil Terminal 15,2022-08,0,0,0,0,,
Indonesia - Offshore Oil Terminal 15,2022-09,0,0,0,0,,
Indonesia - Offshore Oil Terminal 15,2022-10,0,0,0,0,-100.0,
Indonesia - Offshore Oil Terminal 15,2022-11,0,0,0,0,,
Indonesia - Offshore Oil Terminal 15,2022-12,0,0,0,0,-100.0,-100.0
Indonesia - Offshore Oil Terminal 15,2023-01,0,0,0,0,,
Indonesia - Offshore Oil Terminal 15,2023-02,0,0,0,0,,
Indonesia - Offshore Oil Terminal 15,2023-03,0,0,0,0,-100.0,-100.0
Indonesia - Offshore Oil Terminal 15,2023-04,0,0,0,0,,
Indonesia - Offshore Oil Terminal 15,2023-05,0,0,0,0,,
Indonesia - Offshore Oil Terminal 15,2023-06,0,0,0,0,,
Indonesia - Offshore Oil Terminal 15,2023-07,0,0,0,0,,
Indonesia - Offshore Oil Terminal 15,2023-08,4,0,68666,68666,inf,inf
Indonesia - Offshore Oil Terminal 15,2023-09,0,0,0,0,,
Indonesia - Offshore Oil Terminal 15,2023-10,0,0,0,0,,
Indonesia - Offshore Oil Terminal 15,2023-11,0,0,0,0,,
Indonesia - Offshore Oil Terminal 15,2023-12,0,0,0,0,,
Indonesia - Offshore Oil Terminal 15,2024-01,4,0,137332,137332,inf,inf
Indonesia - Offshore Oil Terminal 15,2024-02,10,0,274664,274664,inf,inf
Indonesia - Offshore Oil Terminal 15,2024-03,16,0,569304,569304,inf,inf
Indonesia - Offshore Oil Terminal 15,2024-04,12,0,411996,411996,inf,inf
Indonesia - Offshore Oil Terminal 15,2024-05,6,0,260996,260996,inf,inf
Indonesia - Offshore Oil Terminal 15,2024-06,10,0,343330,343330,inf,inf
Indonesia - Offshore Oil Terminal 15,2024-07,6,0,178948,178948,inf,inf
Indonesia - Offshore Oil Terminal 15,2024-08,2,0,0,0,-50.0,-100.0
Indonesia - Offshore Oil Terminal 15,2024-09,2,0,6602,6602,inf,inf
Indonesia - Offshore Oil Terminal 15,2024-10,0,0,0,0,,
Indonesia - Offshore Oil Terminal 15,2024-11,2,0,68666,68666,inf,inf
Indonesia - Offshore Oil Terminal 15,2024-12,0,0,0,0,,
Indonesia - Offshore Oil Terminal 15,2025-01,0,0,0,0,-100.0,-100.0
Indonesia - Offshore Oil Terminal 15,2025-02,6,0,154200,154200,-40.0,-43.85867823959456
Indonesia - Offshore Oil Terminal 15,2025-03,2,0,68666,68666,-87.5,-87.93860573612692
Indonesia - Offshore Oil Terminal 15,2025-04,0,0,0,0,-100.0,-100.0
Indonesia - Offshore Oil Terminal 15,2025-05,2,0,68666,68666,-66.66666666666667,-73.69078453309629
Indonesia - Offshore Oil Terminal 15,2025-06,4,0,137332,137332,-60.0,-60.0
Indonesia - Offshore Oil Terminal 15,2025-07,4,0,212456,212456,-33.333333333333336,18.724992735319756
Indonesia - Offshore Oil Terminal 15,2025-08,4,0,208738,208738,100.0,inf
Indonesia - Offshore Oil Terminal 15,2025-09,2,0,0,0,0.0,-100.0
Indonesia - Offshore Oil Terminal 15,2025-10,2,0,68666,68666,inf,inf
Indonesia - Offshore Oil Terminal 15,2025-11,2,0,124852,124852,0.0,81.82506626277926
Indonesia - Offshore Oil Terminal 15,2025-12,4,0,260170,260170,inf,inf
Indonesia - Offshore Oil Terminal 15,2026-01,0,0,0,0,,
Indonesia - Offshore Oil Terminal 15,2026-02,4,0,25588,25588,-33.333333333333336,-83.4059662775616
Indonesia - Offshore Oil Terminal 15,2026-03,2,0,109552,109552,0.0,59.54329653685959
Indonesia - Offshore Oil Terminal 15,2026-04,4,0,68666,68666,inf,inf
Indonesia - Offshore Oil Terminal 15,2026-05,2,0,25588,25588,0.0,-62.73556053942271
Indonesia - Offshore Oil Terminal 15,2026-06,2,0,68666,68666,-50.0,-50.0
Indonesia - Offshore Oil Terminal 15,2026-07,6,0,262302,262302,50.0,23.461799149000264
Indonesia - Offshore Oil Terminal 15,2026-08,2,0,68666,68666,-50.0,-67.10421676934722
Indonesia - Offshore Oil Terminal 2,2019-01,2,0,0,0,,
Indonesia - Offshore Oil Terminal 2,2019-02,0,0,0,0,,
Indonesia - Offshore Oil Terminal 2,2019-03,0,0,0,0,,
Indonesia - Offshore Oil Terminal 2,2019-04,0,0,0,0,,
Indonesia - Offshore Oil Terminal 2,2019-05,0,0,0,0,,
Indonesia - Offshore Oil Terminal 2,2019-06,0,0,0,0,,
Indonesia - Offshore Oil Terminal 2,2019-07,0,0,0,0,,
Indonesia - Offshore Oil Terminal 2,2019-08,0,0,0,0,,
Indonesia - Offshore Oil Terminal 2,2019-09,0,0,0,0,,
Indonesia - Offshore Oil Terminal 2,2019-10,0,0,0,0,,
Indonesia - Offshore Oil Terminal 2,2019-11,0,0,0,0,,
Indonesia - Offshore Oil Terminal 2,2019-12,0,0,0,0,,
Indonesia - Offshore Oil Terminal 2,2020-01,2,0,0,0,0.0,
Indonesia - Offshore Oil Terminal 2,2020-02,0,0,0,0,,
Indonesia - Offshore Oil Terminal 2,2020-03,0,0,0,0,,
Indonesia - Offshore Oil Terminal 2,2020-04,0,0,0,0,,
Indonesia - Offshore Oil Terminal 2,2020-05,0,0,0,0,,
Indonesia - Offshore Oil Terminal 2,2020-06,0,0,0,0,,
Indonesia - Offshore Oil Terminal 2,2020-07,0,0,0,0,,
Indonesia - Offshore Oil Terminal 2,2020-08,0,0,0,0,,
Indonesia - Offshore Oil Terminal 2,2020-09,0,0,0,0,,
Indonesia - Offshore Oil Terminal 2,2020-10,0,0,0,0,,
Indonesia - Offshore Oil Terminal 2,2020-11,0,0,0,0,,
Indonesia - Offshore Oil Terminal 2,2020-12,0,0,0,0,,
Indonesia - Offshore Oil Terminal 2,2021-01,0,0,0,0,-100.0,
Indonesia - Offshore Oil Terminal 2,2021-02,0,0,0,0,,
Indonesia - Offshore Oil Terminal 2,2021-03,0,0,0,0,,
Indonesia - Offshore Oil Terminal 2,2021-04,0,0,0,0,,
Indonesia - Offshore Oil Terminal 2,2021-05,0,0,0,0,,
Indonesia - Offshore Oil Terminal 2,2021-06,0,0,0,0,,
Indonesia - Offshore Oil Terminal 2,2021-07,0,0,0,0,,
Indonesia - Offshore Oil Terminal 2,2021-08,0,0,0,0,,
Indonesia - Offshore Oil Terminal 2,2021-09,0,0,0,0,,
Indonesia - Offshore Oil Terminal 2,2021-10,0,0,0,0,,
Indonesia - Offshore Oil Terminal 2,2021-11,0,0,0,0,,
Indonesia - Offshore Oil Terminal 2,2021-12,0,0,0,0,,
Indonesia - Offshore Oil Terminal 2,2022-01,0,0,0,0,,
Indonesia - Offshore Oil Terminal 2,2022-02,0,0,0,0,,
Indonesia - Offshore Oil Terminal 2,2022-03,0,0,0,0,,
Indonesia - Offshore Oil Terminal 2,2022-04,0,0,0,0,,
Indonesia - Offshore Oil Terminal 2,2022-05,0,0,0,0,,
Indonesia - Offshore Oil Terminal 2,2022-06,0,0,0,0,,
Indonesia - Offshore Oil Terminal 2,2022-07,0,0,0,0,,
Indonesia - Offshore Oil Terminal 2,2022-08,0,0,0,0,,
Indonesia - Offshore Oil Terminal 2,2022-09,0,0,0,0,,
Indonesia - Offshore Oil Terminal 2,2022-10,0,0,0,0,,
Indonesia - Offshore Oil Terminal 2,2022-11,0,0,0,0,,
Indonesia - Offshore Oil Terminal 2,2022-12,0,0,0,0,,
Indonesia - Offshore Oil Terminal 2,2023-01,0,0,0,0,,
Indonesia - Offshore Oil Terminal 2,2023-02,0,0,0,0,,
Indonesia - Offshore Oil Terminal 2,2023-03,0,0,0,0,,
Indonesia - Offshore Oil Terminal 2,2023-04,0,0,0,0,,
Indonesia - Offshore Oil Terminal 2,2023-05,0,0,0,0,,
Indonesia - Offshore Oil Terminal 2,2023-06,0,0,0,0,,
Indonesia - Offshore Oil Terminal 2,2023-07,0,0,0,0,,
Indonesia - Offshore Oil Terminal 2,2023-08,0,0,0,0,,
Indonesia - Offshore Oil Terminal 2,2023-09,0,0,0,0,,
Indonesia - Offshore Oil Terminal 2,2023-10,0,0,0,0,,
Indonesia - Offshore Oil Terminal 2,2023-11,0,0,0,0,,
Indonesia - Offshore Oil Terminal 2,2023-12,0,0,0,0,,
Indonesia - Offshore Oil Terminal 2,2024-01,0,0,0,0,,
Indonesia - Offshore Oil Terminal 2,2024-02,0,0,0,0,,
Indonesia - Offshore Oil Terminal 2,2024-03,0,0,0,0,,
Indonesia - Offshore Oil Terminal 2,2024-04,0,0,0,0,,
Indonesia - Offshore Oil Terminal 2,2024-05,0,0,0,0,,
Indonesia - Offshore Oil Terminal 2,2024-06,0,0,0,0,,
Indonesia - Offshore Oil Terminal 2,2024-07,0,0,0,0,,
Indonesia - Offshore Oil Terminal 2,2024-08,0,0,0,0,,
Indonesia - Offshore Oil Terminal 2,2024-09,0,0,0,0,,
Indonesia - Offshore Oil Terminal 2,2024-10,0,0,0,0,,
Indonesia - Offshore Oil Terminal 2,2024-11,0,0,0,0,,
Indonesia - Offshore Oil Terminal 2,2024-12,0,0,0,0,,
Indonesia - Offshore Oil Terminal 2,2025-01,0,0,0,0,,
Indonesia - Offshore Oil Terminal 2,2025-02,0,0,0,0,,
Indonesia - Offshore Oil Terminal 2,2025-03,0,0,0,0,,
Indonesia - Offshore Oil Terminal 2,2025-04,0,0,0,0,,
Indonesia - Offshore Oil Terminal 2,2025-05,0,0,0,0,,
Indonesia - Offshore Oil Terminal 2,2025-06,0,0,0,0,,
Indonesia - Offshore Oil Terminal 2,2025-07,0,0,0,0,,
Indonesia - Offshore Oil Terminal 2,2025-08,0,0,0,0,,
Indonesia - Offshore Oil Terminal 2,2025-09,0,0,0,0,,
Indonesia - Offshore Oil Terminal 2,2025-10,0,0,0,0,,
Indonesia - Offshore Oil Terminal 2,2025-11,0,0,0,0,,
Indonesia - Offshore Oil Terminal 2,2025-12,0,0,0,0,,
Indonesia - Offshore Oil Terminal 2,2026-01,0,0,0,0,,
Indonesia - Offshore Oil Terminal 2,2026-02,0,0,0,0,,
Indonesia - Offshore Oil Terminal 2,2026-03,0,0,0,0,,
Indonesia - Offshore Oil Terminal 2,2026-04,0,0,0,0,,
Indonesia - Offshore Oil Terminal 2,2026-05,0,0,0,0,,
Indonesia - Offshore Oil Terminal 2,2026-06,0,0,0,0,,
Indonesia - Offshore Oil Terminal 2,2026-07,0,0,0,0,,
Indonesia - Offshore Oil Terminal 2,2026-08,0,0,0,0,,
Indonesia - Offshore Oil Terminal 3,2019-01,0,0,0,0,,
Indonesia - Offshore Oil Terminal 3,2019-02,0,0,0,0,,
Indonesia - Offshore Oil Terminal 3,2019-03,0,0,0,0,,
Indonesia - Offshore Oil Terminal 3,2019-04,0,0,0,0,,
Indonesia - Offshore Oil Terminal 3,2019-05,0,0,0,0,,
Indonesia - Offshore Oil Terminal 3,2019-06,0,0,0,0,,
Indonesia - Offshore Oil Terminal 3,2019-07,0,0,0,0,,
Indonesia - Offshore Oil Terminal 3,2019-08,0,0,0,0,,
Indonesia - Offshore Oil Terminal 3,2019-09,0,0,0,0,,
Indonesia - Offshore Oil Terminal 3,2019-10,0,0,0,0,,
Indonesia - Offshore Oil Terminal 3,2019-11,0,0,0,0,,
Indonesia - Offshore Oil Terminal 3,2019-12,2,0,86706,86706,,
Indonesia - Offshore Oil Terminal 3,2020-01,0,0,0,0,,
Indonesia - Offshore Oil Terminal 3,2020-02,0,0,0,0,,
Indonesia - Offshore Oil Terminal 3,2020-03,0,0,0,0,,
Indonesia - Offshore Oil Terminal 3,2020-04,0,0,0,0,,
Indonesia - Offshore Oil Terminal 3,2020-05,0,0,0,0,,
Indonesia - Offshore Oil Terminal 3,2020-06,0,0,0,0,,
Indonesia - Offshore Oil Terminal 3,2020-07,0,0,0,0,,
Indonesia - Offshore Oil Terminal 3,2020-08,0,0,0,0,,
Indonesia - Offshore Oil Terminal 3,2020-09,0,0,0,0,,
Indonesia - Offshore Oil Terminal 3,2020-10,0,0,0,0,,
Indonesia - Offshore Oil Terminal 3,2020-11,0,0,0,0,,
Indonesia - Offshore Oil Terminal 3,2020-12,0,0,0,0,-100.0,-100.0
Indonesia - Offshore Oil Terminal 3,2021-01,0,0,0,0,,
Indonesia - Offshore Oil Terminal 3,2021-02,0,0,0,0,,
Indonesia - Offshore Oil Terminal 3,2021-03,0,0,0,0,,
Indonesia - Offshore Oil Terminal 3,2021-04,0,0,0,0,,
Indonesia - Offshore Oil Terminal 3,2021-05,0,0,0,0,,
Indonesia - Offshore Oil Terminal 3,2021-06,0,0,0,0,,
Indonesia - Offshore Oil Terminal 3,2021-07,0,0,0,0,,
Indonesia - Offshore Oil Terminal 3,2021-08,0,0,0,0,,
Indonesia - Offshore Oil Terminal 3,2021-09,0,0,0,0,,
Indonesia - Offshore Oil Terminal 3,2021-10,0,0,0,0,,
Indonesia - Offshore Oil Terminal 3,2021-11,0,0,0,0,,
Indonesia - Offshore Oil Terminal 3,2021-12,0,0,0,0,,
Indonesia - Offshore Oil Terminal 3,2022-01,0,0,0,0,,
Indonesia - Offshore Oil Terminal 3,2022-02,0,0,0,0,,
Indonesia - Offshore Oil Terminal 3,2022-03,0,0,0,0,,
Indonesia - Offshore Oil Terminal 3,2022-04,0,0,0,0,,
Indonesia - Offshore Oil Terminal 3,2022-05,0,0,0,0,,
Indonesia - Offshore Oil Terminal 3,2022-06,0,0,0,0,,
Indonesia - Offshore Oil Terminal 3,2022-07,0,0,0,0,,
Indonesia - Offshore Oil Terminal 3,2022-08,0,0,0,0,,
Indonesia - Offshore Oil Terminal 3,2022-09,0,0,0,0,,
Indonesia - Offshore Oil Terminal 3,2022-10,0,0,0,0,,
Indonesia - Offshore Oil Terminal 3,2022-11,0,0,0,0,,
Indonesia - Offshore Oil Terminal 3,2022-12,2,0,0,0,inf,
Indonesia - Offshore Oil Terminal 3,2023-01,0,0,0,0,,
Indonesia - Offshore Oil Terminal 3,2023-02,0,0,0,0,,
Indonesia - Offshore Oil Terminal 3,2023-03,2,0,0,0,inf,
Indonesia - Offshore Oil Terminal 3,2023-04,0,0,0,0,,
Indonesia - Offshore Oil Terminal 3,2023-05,0,0,0,0,,
Indonesia - Offshore Oil Terminal 3,2023-06,0,0,0,0,,
Indonesia - Offshore Oil Terminal 3,2023-07,0,0,0,0,,
Indonesia - Offshore Oil Terminal 3,2023-08,0,0,0,0,,
Indonesia - Offshore Oil Terminal 3,2023-09,0,0,0,0,,
Indonesia - Offshore Oil Terminal 3,2023-10,2,0,154448,154448,inf,inf
Indonesia - Offshore Oil Terminal 3,2023-11,0,0,0,0,,
Indonesia - Offshore Oil Terminal 3,2023-12,0,0,0,0,-100.0,
Indonesia - Offshore Oil Terminal 3,2024-01,0,0,0,0,,
Indonesia - Offshore Oil Terminal 3,2024-02,0,0,0,0,,
Indonesia - Offshore Oil Terminal 3,2024-03,2,0,116372,116372,0.0,inf
Indonesia - Offshore Oil Terminal 3,2024-04,0,0,0,0,,
Indonesia - Offshore Oil Terminal 3,2024-05,0,0,0,0,,
Indonesia - Offshore Oil Terminal 3,2024-06,0,0,0,0,,
Indonesia - Offshore Oil Terminal 3,2024-07,2,0,123582,123582,inf,inf
Indonesia - Offshore Oil Terminal 3,2024-08,0,0,0,0,,
Indonesia - Offshore Oil Terminal 3,2024-09,0,0,0,0,,
Indonesia - Offshore Oil Terminal 3,2024-10,0,0,0,0,-100.0,-100.0
Indonesia - Offshore Oil Terminal 3,2024-11,0,0,0,0,,
Indonesia - Offshore Oil Terminal 3,2024-12,0,0,0,0,,
Indonesia - Offshore Oil Terminal 3,2025-01,0,0,0,0,,
Indonesia - Offshore Oil Terminal 3,2025-02,0,0,0,0,,
Indonesia - Offshore Oil Terminal 3,2025-03,0,0,0,0,-100.0,-100.0
Indonesia - Offshore Oil Terminal 3,2025-04,0,0,0,0,,
Indonesia - Offshore Oil Terminal 3,2025-05,0,0,0,0,,
Indonesia - Offshore Oil Terminal 3,2025-06,0,0,0,0,,
Indonesia - Offshore Oil Terminal 3,2025-07,0,0,0,0,-100.0,-100.0
Indonesia - Offshore Oil Terminal 3,2025-08,0,0,0,0,,
Indonesia - Offshore Oil Terminal 3,2025-09,2,0,125828,125828,inf,inf
Indonesia - Offshore Oil Terminal 3,2025-10,0,0,0,0,,
Indonesia - Offshore Oil Terminal 3,2025-11,0,0,0,0,,
Indonesia - Offshore Oil Terminal 3,2025-12,0,0,0,0,,
Indonesia - Offshore Oil Terminal 3,2026-01,0,0,0,0,,
Indonesia - Offshore Oil Terminal 3,2026-02,0,0,0,0,,
Indonesia - Offshore Oil Terminal 3,2026-03,0,0,0,0,,
Indonesia - Offshore Oil Terminal 3,2026-04,0,0,0,0,,
Indonesia - Offshore Oil Terminal 3,2026-05,0,0,0,0,,
Indonesia - Offshore Oil Terminal 3,2026-06,0,0,0,0,,
Indonesia - Offshore Oil Terminal 3,2026-07,2,0,0,0,inf,
Indonesia - Offshore Oil Terminal 3,2026-08,0,0,0,0,,
Indonesia - Offshore Oil Terminal 4,2019-01,0,0,0,0,,
Indonesia - Offshore Oil Terminal 4,2019-02,0,0,0,0,,
Indonesia - Offshore Oil Terminal 4,2019-03,0,0,0,0,,
Indonesia - Offshore Oil Terminal 4,2019-04,2,0,5760,5760,,
Indonesia - Offshore Oil Terminal 4,2019-05,0,0,0,0,,
Indonesia - Offshore Oil Terminal 4,2019-06,0,0,0,0,,
Indonesia - Offshore Oil Terminal 4,2019-07,0,0,0,0,,
Indonesia - Offshore Oil Terminal 4,2019-08,2,0,0,0,,
Indonesia - Offshore Oil Terminal 4,2019-09,2,0,0,0,,
Indonesia - Offshore Oil Terminal 4,2019-10,0,0,0,0,,
Indonesia - Offshore Oil Terminal 4,2019-11,2,0,0,0,,
Indonesia - Offshore Oil Terminal 4,2019-12,2,0,0,0,,
Indonesia - Offshore Oil Terminal 4,2020-01,0,0,0,0,,
Indonesia - Offshore Oil Terminal 4,2020-02,4,0,0,0,inf,
Indonesia - Offshore Oil Terminal 4,2020-03,0,0,0,0,,
Indonesia - Offshore Oil Terminal 4,2020-04,0,0,0,0,-100.0,-100.0
Indonesia - Offshore Oil Terminal 4,2020-05,0,0,0,0,,
Indonesia - Offshore Oil Terminal 4,2020-06,0,0,0,0,,
Indonesia - Offshore Oil Terminal 4,2020-07,0,0,0,0,,
Indonesia - Offshore Oil Terminal 4,2020-08,0,0,0,0,-100.0,
Indonesia - Offshore Oil Terminal 4,2020-09,0,0,0,0,-100.0,
Indonesia - Offshore Oil Terminal 4,2020-10,0,0,0,0,,
Indonesia - Offshore Oil Terminal 4,2020-11,0,0,0,0,-100.0,
Indonesia - Offshore Oil Terminal 4,2020-12,0,0,0,0,-100.0,
Indonesia - Offshore Oil Terminal 4,2021-01,0,0,0,0,,
Indonesia - Offshore Oil Terminal 4,2021-02,0,0,0,0,-100.0,
Indonesia - Offshore Oil Terminal 4,2021-03,0,0,0,0,,
Indonesia - Offshore Oil Terminal 4,2021-04,0,0,0,0,,
Indonesia - Offshore Oil Terminal 4,2021-05,0,0,0,0,,
Indonesia - Offshore Oil Terminal 4,2021-06,0,0,0,0,,
Indonesia - Offshore Oil Terminal 4,2021-07,0,0,0,0,,
Indonesia - Offshore Oil Terminal 4,2021-08,0,0,0,0,,
Indonesia - Offshore Oil Terminal 4,2021-09,0,0,0,0,,
Indonesia - Offshore Oil Terminal 4,2021-10,0,0,0,0,,
Indonesia - Offshore Oil Terminal 4,2021-11,2,0,0,0,inf,
Indonesia - Offshore Oil Terminal 4,2021-12,0,0,0,0,,
Indonesia - Offshore Oil Terminal 4,2022-01,0,0,0,0,,
Indonesia - Offshore Oil Terminal 4,2022-02,0,0,0,0,,
Indonesia - Offshore Oil Terminal 4,2022-03,0,0,0,0,,
Indonesia - Offshore Oil Terminal 4,2022-04,0,0,0,0,,
Indonesia - Offshore Oil Terminal 4,2022-05,0,0,0,0,,
Indonesia - Offshore Oil Terminal 4,2022-06,0,0,0,0,,
Indonesia - Offshore Oil Terminal 4,2022-07,0,0,0,0,,
Indonesia - Offshore Oil Terminal 4,2022-08,0,0,0,0,,
Indonesia - Offshore Oil Terminal 4,2022-09,0,0,0,0,,
Indonesia - Offshore Oil Terminal 4,2022-10,0,0,0,0,,
Indonesia - Offshore Oil Terminal 4,2022-11,0,0,0,0,-100.0,
Indonesia - Offshore Oil Terminal 4,2022-12,0,0,0,0,,
Indonesia - Offshore Oil Terminal 4,2023-01,0,0,0,0,,
Indonesia - Offshore Oil Terminal 4,2023-02,0,0,0,0,,
Indonesia - Offshore Oil Terminal 4,2023-03,0,0,0,0,,
Indonesia - Offshore Oil Terminal 4,2023-04,0,0,0,0,,
Indonesia - Offshore Oil Terminal 4,2023-05,0,0,0,0,,
Indonesia - Offshore Oil Terminal 4,2023-06,0,0,0,0,,
Indonesia - Offshore Oil Terminal 4,2023-07,4,0,0,0,inf,
Indonesia - Offshore Oil Terminal 4,2023-08,0,0,0,0,,
Indonesia - Offshore Oil Terminal 4,2023-09,0,0,0,0,,
Indonesia - Offshore Oil Terminal 4,2023-10,0,0,0,0,,
Indonesia - Offshore Oil Terminal 4,2023-11,0,0,0,0,,
Indonesia - Offshore Oil Terminal 4,2023-12,0,0,0,0,,
Indonesia - Offshore Oil Terminal 4,2024-01,0,0,0,0,,
Indonesia - Offshore Oil Terminal 4,2024-02,0,0,0,0,,
Indonesia - Offshore Oil Terminal 4,2024-03,0,0,0,0,,
Indonesia - Offshore Oil Terminal 4,2024-04,0,0,0,0,,
Indonesia - Offshore Oil Terminal 4,2024-05,0,0,0,0,,
Indonesia - Offshore Oil Terminal 4,2024-06,0,0,0,0,,
Indonesia - Offshore Oil Terminal 4,2024-07,0,0,0,0,-100.0,
Indonesia - Offshore Oil Terminal 4,2024-08,0,0,0,0,,
Indonesia - Offshore Oil Terminal 4,2024-09,0,0,0,0,,
Indonesia - Offshore Oil Terminal 4,2024-10,0,0,0,0,,
Indonesia - Offshore Oil Terminal 4,2024-11,0,0,0,0,,
Indonesia - Offshore Oil Terminal 4,2024-12,0,0,0,0,,
Indonesia - Offshore Oil Terminal 4,2025-01,0,0,0,0,,
Indonesia - Offshore Oil Terminal 4,2025-02,2,0,0,0,inf,
Indonesia - Offshore Oil Terminal 4,2025-03,0,0,0,0,,
Indonesia - Offshore Oil Terminal 4,2025-04,0,0,0,0,,
Indonesia - Offshore Oil Terminal 4,2025-05,0,0,0,0,,
Indonesia - Offshore Oil Terminal 4,2025-06,0,0,0,0,,
Indonesia - Offshore Oil Terminal 4,2025-07,0,0,0,0,,
Indonesia - Offshore Oil Terminal 4,2025-08,0,0,0,0,,
Indonesia - Offshore Oil Terminal 4,2025-09,0,0,0,0,,
Indonesia - Offshore Oil Terminal 4,2025-10,0,0,0,0,,
Indonesia - Offshore Oil Terminal 4,2025-11,0,0,0,0,,
Indonesia - Offshore Oil Terminal 4,2025-12,0,0,0,0,,
Indonesia - Offshore Oil Terminal 4,2026-01,0,0,0,0,,
Indonesia - Offshore Oil Terminal 4,2026-02,0,0,0,0,-100.0,
Indonesia - Offshore Oil Terminal 4,2026-03,0,0,0,0,,
Indonesia - Offshore Oil Terminal 4,2026-04,0,0,0,0,,
Indonesia - Offshore Oil Terminal 4,2026-05,0,0,0,0,,
Indonesia - Offshore Oil Terminal 4,2026-06,0,0,0,0,,
Indonesia - Offshore Oil Terminal 4,2026-07,0,0,0,0,,
Indonesia - Offshore Oil Terminal 4,2026-08,0,0,0,0,,
Indonesia - Offshore Oil Terminal 5,2019-01,6,133170,0,133170,,
Indonesia - Offshore Oil Terminal 5,2019-02,6,258228,0,258228,,
Indonesia - Offshore Oil Terminal 5,2019-03,6,255944,0,255944,,
Indonesia - Offshore Oil Terminal 5,2019-04,2,0,0,0,,
Indonesia - Offshore Oil Terminal 5,2019-05,8,0,0,0,,
Indonesia - Offshore Oil Terminal 5,2019-06,4,0,0,0,,
Indonesia - Offshore Oil Terminal 5,2019-07,6,127972,0,127972,,
Indonesia - Offshore Oil Terminal 5,2019-08,6,0,0,0,,
Indonesia - Offshore Oil Terminal 5,2019-09,4,5198,0,5198,,
Indonesia - Offshore Oil Terminal 5,2019-10,10,5198,0,5198,,
Indonesia - Offshore Oil Terminal 5,2019-11,4,5198,0,5198,,
Indonesia - Offshore Oil Terminal 5,2019-12,6,127972,0,127972,,
Indonesia - Offshore Oil Terminal 5,2020-01,8,143566,0,143566,33.33333333333333,7.8065630397236685
Indonesia - Offshore Oil Terminal 5,2020-02,6,5198,0,5198,0.0,-97.98705020369596
Indonesia - Offshore Oil Terminal 5,2020-03,6,0,0,0,0.0,-100.0
Indonesia - Offshore Oil Terminal 5,2020-04,4,0,0,0,100.0,
Indonesia - Offshore Oil Terminal 5,2020-05,4,5198,0,5198,-50.0,inf
Indonesia - Offshore Oil Terminal 5,2020-06,2,0,0,0,-50.0,
Indonesia - Offshore Oil Terminal 5,2020-07,4,0,0,0,-33.333333333333336,-100.0
Indonesia - Offshore Oil Terminal 5,2020-08,0,0,0,0,-100.0,
Indonesia - Offshore Oil Terminal 5,2020-09,2,0,0,0,-50.0,-100.0
Indonesia - Offshore Oil Terminal 5,2020-10,2,5198,0,5198,-80.0,0.0
Indonesia - Offshore Oil Terminal 5,2020-11,4,0,0,0,0.0,-100.0
Indonesia - Offshore Oil Terminal 5,2020-12,4,127972,0,127972,-33.333333333333336,0.0
Indonesia - Offshore Oil Terminal 5,2021-01,6,0,0,0,-25.0,-100.0
Indonesia - Offshore Oil Terminal 5,2021-02,4,0,0,0,-33.333333333333336,-100.0
Indonesia - Offshore Oil Terminal 5,2021-03,6,0,0,0,0.0,
Indonesia - Offshore Oil Terminal 5,2021-04,4,5198,0,5198,0.0,inf
Indonesia - Offshore Oil Terminal 5,2021-05,4,0,0,0,0.0,-100.0
Indonesia - Offshore Oil Terminal 5,2021-06,4,0,0,0,100.0,
Indonesia - Offshore Oil Terminal 5,2021-07,6,0,0,0,50.0,
Indonesia - Offshore Oil Terminal 5,2021-08,8,0,0,0,inf,
Indonesia - Offshore Oil Terminal 5,2021-09,6,0,0,0,200.0,
Indonesia - Offshore Oil Terminal 5,2021-10,4,0,0,0,100.0,-100.0
Indonesia - Offshore Oil Terminal 5,2021-11,6,0,0,0,50.0,
Indonesia - Offshore Oil Terminal 5,2021-12,4,0,0,0,0.0,-100.0
Indonesia - Offshore Oil Terminal 5,2022-01,8,0,0,0,33.33333333333333,
Indonesia - Offshore Oil Terminal 5,2022-02,6,0,0,0,50.0,
Indonesia - Offshore Oil Terminal 5,2022-03,8,0,0,0,33.33333333333333,
Indonesia - Offshore Oil Terminal 5,2022-04,4,0,0,0,0.0,-100.0
Indonesia - Offshore Oil Terminal 5,2022-05,4,0,0,0,0.0,
Indonesia - Offshore Oil Terminal 5,2022-06,4,0,0,0,0.0,
Indonesia - Offshore Oil Terminal 5,2022-07,6,0,0,0,0.0,
Indonesia - Offshore Oil Terminal 5,2022-08,4,5198,0,5198,-50.0,inf
Indonesia - Offshore Oil Terminal 5,2022-09,6,0,0,0,0.0,
Indonesia - Offshore Oil Terminal 5,2022-10,6,0,0,0,50.0,
Indonesia - Offshore Oil Terminal 5,2022-11,4,0,0,0,-33.333333333333336,
Indonesia - Offshore Oil Terminal 5,2022-12,4,0,0,0,0.0,
Indonesia - Offshore Oil Terminal 5,2023-01,6,0,0,0,-25.0,
Indonesia - Offshore Oil Terminal 5,2023-02,4,0,0,0,-33.333333333333336,
Indonesia - Offshore Oil Terminal 5,2023-03,6,5198,0,5198,-25.0,inf
Indonesia - Offshore Oil Terminal 5,2023-04,4,0,0,0,0.0,
Indonesia - Offshore Oil Terminal 5,2023-05,6,0,0,0,50.0,
Indonesia - Offshore Oil Terminal 5,2023-06,4,0,0,0,0.0,
Indonesia - Offshore Oil Terminal 5,2023-07,6,0,0,0,0.0,
Indonesia - Offshore Oil Terminal 5,2023-08,6,0,0,0,50.0,-100.0
Indonesia - Offshore Oil Terminal 5,2023-09,6,0,0,0,0.0,
Indonesia - Offshore Oil Terminal 5,2023-10,10,948,0,948,66.66666666666667,inf
Indonesia - Offshore Oil Terminal 5,2023-11,8,948,0,948,100.0,inf
Indonesia - Offshore Oil Terminal 5,2023-12,2,0,0,0,-50.0,
Indonesia - Offshore Oil Terminal 5,2024-01,8,0,0,0,33.33333333333333,
Indonesia - Offshore Oil Terminal 5,2024-02,6,0,0,0,50.0,
Indonesia - Offshore Oil Terminal 5,2024-03,12,948,0,948,100.0,-81.76221623701424
Indonesia - Offshore Oil Terminal 5,2024-04,4,0,0,0,0.0,
Indonesia - Offshore Oil Terminal 5,2024-05,8,0,0,0,33.33333333333333,
Indonesia - Offshore Oil Terminal 5,2024-06,6,5198,0,5198,50.0,inf
Indonesia - Offshore Oil Terminal 5,2024-07,10,5198,0,5198,66.66666666666667,inf
Indonesia - Offshore Oil Terminal 5,2024-08,6,0,0,0,0.0,
Indonesia - Offshore Oil Terminal 5,2024-09,10,0,0,0,66.66666666666667,
Indonesia - Offshore Oil Terminal 5,2024-10,8,0,0,0,-19.999999999999996,-100.0
Indonesia - Offshore Oil Terminal 5,2024-11,8,0,0,0,0.0,-100.0
Indonesia - Offshore Oil Terminal 5,2024-12,6,0,0,0,200.0,
Indonesia - Offshore Oil Terminal 5,2025-01,6,0,0,0,-25.0,
Indonesia - Offshore Oil Terminal 5,2025-02,4,0,0,0,-33.333333333333336,
Indonesia - Offshore Oil Terminal 5,2025-03,6,0,0,0,-50.0,-100.0
Indonesia - Offshore Oil Terminal 5,2025-04,6,5198,0,5198,50.0,inf
Indonesia - Offshore Oil Terminal 5,2025-05,6,5198,0,5198,-25.0,inf
Indonesia - Offshore Oil Terminal 5,2025-06,6,44720,0,44720,0.0,760.3308964986534
Indonesia - Offshore Oil Terminal 5,2025-07,8,0,0,0,-19.999999999999996,-100.0
Indonesia - Offshore Oil Terminal 5,2025-08,6,46940,0,46940,0.0,inf
Indonesia - Offshore Oil Terminal 5,2025-09,10,7402,0,7402,0.0,inf
Indonesia - Offshore Oil Terminal 5,2025-10,8,41726,0,41726,0.0,inf
Indonesia - Offshore Oil Terminal 5,2025-11,6,5198,0,5198,-25.0,inf
Indonesia - Offshore Oil Terminal 5,2025-12,8,0,0,0,33.33333333333333,
Indonesia - Offshore Oil Terminal 5,2026-01,6,186378,0,186378,0.0,inf
Indonesia - Offshore Oil Terminal 5,2026-02,8,41708,0,41708,100.0,inf
Indonesia - Offshore Oil Terminal 5,2026-03,6,0,0,0,0.0,
Indonesia - Offshore Oil Terminal 5,2026-04,10,43894,0,43894,66.66666666666667,744.440169295883
Indonesia - Offshore Oil Terminal 5,2026-05,6,43894,0,43894,0.0,744.440169295883
Indonesia - Offshore Oil Terminal 5,2026-06,14,80196,0,80196,133.33333333333334,79.32915921288016
Indonesia - Offshore Oil Terminal 5,2026-07,8,80196,0,80196,0.0,inf
Indonesia - Offshore Oil Terminal 5,2026-08,8,0,0,0,33.33333333333333,-100.0
Indonesia - Offshore Oil Terminal 6,2019-01,4,0,0,0,,
Indonesia - Offshore Oil Terminal 6,2019-02,0,0,0,0,,
Indonesia - Offshore Oil Terminal 6,2019-03,0,0,0,0,,
Indonesia - Offshore Oil Terminal 6,2019-04,0,0,0,0,,
Indonesia - Offshore Oil Terminal 6,2019-05,2,0,0,0,,
Indonesia - Offshore Oil Terminal 6,2019-06,0,0,0,0,,
Indonesia - Offshore Oil Terminal 6,2019-07,0,0,0,0,,
Indonesia - Offshore Oil Terminal 6,2019-08,0,0,0,0,,
Indonesia - Offshore Oil Terminal 6,2019-09,4,0,0,0,,
Indonesia - Offshore Oil Terminal 6,2019-10,2,0,0,0,,
Indonesia - Offshore Oil Terminal 6,2019-11,0,0,0,0,,
Indonesia - Offshore Oil Terminal 6,2019-12,0,0,0,0,,
Indonesia - Offshore Oil Terminal 6,2020-01,0,0,0,0,-100.0,
Indonesia - Offshore Oil Terminal 6,2020-02,0,0,0,0,,
Indonesia - Offshore Oil Terminal 6,2020-03,0,0,0,0,,
Indonesia - Offshore Oil Terminal 6,2020-04,0,0,0,0,,
Indonesia - Offshore Oil Terminal 6,2020-05,0,0,0,0,-100.0,
Indonesia - Offshore Oil Terminal 6,2020-06,0,0,0,0,,
Indonesia - Offshore Oil Terminal 6,2020-07,0,0,0,0,,
Indonesia - Offshore Oil Terminal 6,2020-08,0,0,0,0,,
Indonesia - Offshore Oil Terminal 6,2020-09,0,0,0,0,-100.0,
Indonesia - Offshore Oil Terminal 6,2020-10,0,0,0,0,-100.0,
Indonesia - Offshore Oil Terminal 6,2020-11,0,0,0,0,,
Indonesia - Offshore Oil Terminal 6,2020-12,0,0,0,0,,
Indonesia - Offshore Oil Terminal 6,2021-01,0,0,0,0,,
Indonesia - Offshore Oil Terminal 6,2021-02,0,0,0,0,,
Indonesia - Offshore Oil Terminal 6,2021-03,0,0,0,0,,
Indonesia - Offshore Oil Terminal 6,2021-04,2,0,0,0,inf,
Indonesia - Offshore Oil Terminal 6,2021-05,2,0,0,0,inf,
Indonesia - Offshore Oil Terminal 6,2021-06,2,0,0,0,inf,
Indonesia - Offshore Oil Terminal 6,2021-07,0,0,0,0,,
Indonesia - Offshore Oil Terminal 6,2021-08,0,0,0,0,,
Indonesia - Offshore Oil Terminal 6,2021-09,0,0,0,0,,
Indonesia - Offshore Oil Terminal 6,2021-10,0,0,0,0,,
Indonesia - Offshore Oil Terminal 6,2021-11,0,0,0,0,,
Indonesia - Offshore Oil Terminal 6,2021-12,0,0,0,0,,
Indonesia - Offshore Oil Terminal 6,2022-01,0,0,0,0,,
Indonesia - Offshore Oil Terminal 6,2022-02,0,0,0,0,,
Indonesia - Offshore Oil Terminal 6,2022-03,2,0,0,0,inf,
Indonesia - Offshore Oil Terminal 6,2022-04,0,0,0,0,-100.0,
Indonesia - Offshore Oil Terminal 6,2022-05,0,0,0,0,-100.0,
Indonesia - Offshore Oil Terminal 6,2022-06,0,0,0,0,-100.0,
Indonesia - Offshore Oil Terminal 6,2022-07,2,0,0,0,inf,
Indonesia - Offshore Oil Terminal 6,2022-08,0,0,0,0,,
Indonesia - Offshore Oil Terminal 6,2022-09,2,0,0,0,inf,
Indonesia - Offshore Oil Terminal 6,2022-10,4,0,0,0,inf,
Indonesia - Offshore Oil Terminal 6,2022-11,0,0,0,0,,
Indonesia - Offshore Oil Terminal 6,2022-12,0,0,0,0,,
Indonesia - Offshore Oil Terminal 6,2023-01,2,0,0,0,inf,
Indonesia - Offshore Oil Terminal 6,2023-02,0,0,0,0,,
Indonesia - Offshore Oil Terminal 6,2023-03,2,0,0,0,0.0,
Indonesia - Offshore Oil Terminal 6,2023-04,0,0,0,0,,
Indonesia - Offshore Oil Terminal 6,2023-05,2,0,0,0,inf,
Indonesia - Offshore Oil Terminal 6,2023-06,2,0,0,0,inf,
Indonesia - Offshore Oil Terminal 6,2023-07,0,0,0,0,-100.0,
Indonesia - Offshore Oil Terminal 6,2023-08,0,0,0,0,,
Indonesia - Offshore Oil Terminal 6,2023-09,2,0,0,0,0.0,
Indonesia - Offshore Oil Terminal 6,2023-10,2,0,0,0,-50.0,
Indonesia - Offshore Oil Terminal 6,2023-11,4,0,0,0,inf,
Indonesia - Offshore Oil Terminal 6,2023-12,2,0,0,0,inf,
Indonesia - Offshore Oil Terminal 6,2024-01,0,0,0,0,-100.0,
Indonesia - Offshore Oil Terminal 6,2024-02,2,0,0,0,inf,
Indonesia - Offshore Oil Terminal 6,2024-03,0,0,0,0,-100.0,
Indonesia - Offshore Oil Terminal 6,2024-04,0,0,0,0,,
Indonesia - Offshore Oil Terminal 6,2024-05,0,0,0,0,-100.0,
Indonesia - Offshore Oil Terminal 6,2024-06,4,0,0,0,100.0,
Indonesia - Offshore Oil Terminal 6,2024-07,2,0,0,0,inf,
Indonesia - Offshore Oil Terminal 6,2024-08,2,0,0,0,inf,
Indonesia - Offshore Oil Terminal 6,2024-09,2,0,0,0,0.0,
Indonesia - Offshore Oil Terminal 6,2024-10,6,0,0,0,200.0,
Indonesia - Offshore Oil Terminal 6,2024-11,2,0,0,0,-50.0,
Indonesia - Offshore Oil Terminal 6,2024-12,0,0,0,0,-100.0,
Indonesia - Offshore Oil Terminal 6,2025-01,0,0,0,0,,
Indonesia - Offshore Oil Terminal 6,2025-02,2,0,0,0,0.0,
Indonesia - Offshore Oil Terminal 6,2025-03,2,0,0,0,inf,
Indonesia - Offshore Oil Terminal 6,2025-04,2,0,0,0,inf,
Indonesia - Offshore Oil Terminal 6,2025-05,0,0,0,0,,
Indonesia - Offshore Oil Terminal 6,2025-06,2,0,0,0,-50.0,
Indonesia - Offshore Oil Terminal 6,2025-07,0,0,0,0,-100.0,
Indonesia - Offshore Oil Terminal 6,2025-08,0,0,0,0,-100.0,
Indonesia - Offshore Oil Terminal 6,2025-09,0,0,0,0,-100.0,
Indonesia - Offshore Oil Terminal 6,2025-10,0,0,0,0,-100.0,
Indonesia - Offshore Oil Terminal 6,2025-11,2,0,0,0,0.0,
Indonesia - Offshore Oil Terminal 6,2025-12,4,81096,0,81096,inf,inf
Indonesia - Offshore Oil Terminal 6,2026-01,2,149074,0,149074,inf,inf
Indonesia - Offshore Oil Terminal 6,2026-02,4,0,0,0,100.0,
Indonesia - Offshore Oil Terminal 6,2026-03,4,0,0,0,100.0,
Indonesia - Offshore Oil Terminal 6,2026-04,4,81096,0,81096,100.0,inf
Indonesia - Offshore Oil Terminal 6,2026-05,6,0,0,0,inf,
Indonesia - Offshore Oil Terminal 6,2026-06,4,0,0,0,100.0,
Indonesia - Offshore Oil Terminal 6,2026-07,6,13118,0,13118,inf,inf
Indonesia - Offshore Oil Terminal 6,2026-08,4,162192,0,162192,inf,inf
Indonesia - Offshore Oil Terminal 7,2019-01,0,0,0,0,,
Indonesia - Offshore Oil Terminal 7,2019-02,2,0,135742,135742,,
Indonesia - Offshore Oil Terminal 7,2019-03,0,0,0,0,,
Indonesia - Offshore Oil Terminal 7,2019-04,0,0,0,0,,
Indonesia - Offshore Oil Terminal 7,2019-05,0,0,0,0,,
Indonesia - Offshore Oil Terminal 7,2019-06,2,0,31922,31922,,
Indonesia - Offshore Oil Terminal 7,2019-07,2,0,0,0,,
Indonesia - Offshore Oil Terminal 7,2019-08,2,0,0,0,,
Indonesia - Offshore Oil Terminal 7,2019-09,0,0,0,0,,
Indonesia - Offshore Oil Terminal 7,2019-10,4,0,0,0,,
Indonesia - Offshore Oil Terminal 7,2019-11,0,0,0,0,,
Indonesia - Offshore Oil Terminal 7,2019-12,2,0,31922,31922,,
Indonesia - Offshore Oil Terminal 7,2020-01,0,0,0,0,,
Indonesia - Offshore Oil Terminal 7,2020-02,0,0,0,0,-100.0,-100.0
Indonesia - Offshore Oil Terminal 7,2020-03,0,0,0,0,,
Indonesia - Offshore Oil Terminal 7,2020-04,0,0,0,0,,
Indonesia - Offshore Oil Terminal 7,2020-05,0,0,0,0,,
Indonesia - Offshore Oil Terminal 7,2020-06,2,0,0,0,0.0,-100.0
Indonesia - Offshore Oil Terminal 7,2020-07,0,0,0,0,-100.0,
Indonesia - Offshore Oil Terminal 7,2020-08,0,0,0,0,-100.0,
Indonesia - Offshore Oil Terminal 7,2020-09,0,0,0,0,,
Indonesia - Offshore Oil Terminal 7,2020-10,0,0,0,0,-100.0,
Indonesia - Offshore Oil Terminal 7,2020-11,0,0,0,0,,
Indonesia - Offshore Oil Terminal 7,2020-12,0,0,0,0,-100.0,-100.0
Indonesia - Offshore Oil Terminal 7,2021-01,0,0,0,0,,
Indonesia - Offshore Oil Terminal 7,2021-02,0,0,0,0,,
Indonesia - Offshore Oil Terminal 7,2021-03,0,0,0,0,,
Indonesia - Offshore Oil Terminal 7,2021-04,0,0,0,0,,
Indonesia - Offshore Oil Terminal 7,2021-05,0,0,0,0,,
Indonesia - Offshore Oil Terminal 7,2021-06,0,0,0,0,-100.0,
Indonesia - Offshore Oil Terminal 7,2021-07,0,0,0,0,,
Indonesia - Offshore Oil Terminal 7,2021-08,0,0,0,0,,
Indonesia - Offshore Oil Terminal 7,2021-09,0,0,0,0,,
Indonesia - Offshore Oil Terminal 7,2021-10,0,0,0,0,,
Indonesia - Offshore Oil Terminal 7,2021-11,0,0,0,0,,
Indonesia - Offshore Oil Terminal 7,2021-12,0,0,0,0,,
Indonesia - Offshore Oil Terminal 7,2022-01,0,0,0,0,,
Indonesia - Offshore Oil Terminal 7,2022-02,0,0,0,0,,
Indonesia - Offshore Oil Terminal 7,2022-03,0,0,0,0,,
Indonesia - Offshore Oil Terminal 7,2022-04,0,0,0,0,,
Indonesia - Offshore Oil Terminal 7,2022-05,0,0,0,0,,
Indonesia - Offshore Oil Terminal 7,2022-06,2,0,0,0,inf,
Indonesia - Offshore Oil Terminal 7,2022-07,2,0,0,0,inf,
Indonesia - Offshore Oil Terminal 7,2022-08,0,0,0,0,,
Indonesia - Offshore Oil Terminal 7,2022-09,0,0,0,0,,
Indonesia - Offshore Oil Terminal 7,2022-10,0,0,0,0,,
Indonesia - Offshore Oil Terminal 7,2022-11,0,0,0,0,,
Indonesia - Offshore Oil Terminal 7,2022-12,0,0,0,0,,
Indonesia - Offshore Oil Terminal 7,2023-01,0,0,0,0,,
Indonesia - Offshore Oil Terminal 7,2023-02,0,0,0,0,,
Indonesia - Offshore Oil Terminal 7,2023-03,0,0,0,0,,
Indonesia - Offshore Oil Terminal 7,2023-04,0,0,0,0,,
Indonesia - Offshore Oil Terminal 7,2023-05,0,0,0,0,,
Indonesia - Offshore Oil Terminal 7,2023-06,0,0,0,0,-100.0,
Indonesia - Offshore Oil Terminal 7,2023-07,0,0,0,0,-100.0,
Indonesia - Offshore Oil Terminal 7,2023-08,0,0,0,0,,
Indonesia - Offshore Oil Terminal 7,2023-09,0,0,0,0,,
Indonesia - Offshore Oil Terminal 7,2023-10,0,0,0,0,,
Indonesia - Offshore Oil Terminal 7,2023-11,0,0,0,0,,
Indonesia - Offshore Oil Terminal 7,2023-12,4,0,23874,23874,inf,inf
Indonesia - Offshore Oil Terminal 7,2024-01,0,0,0,0,,
Indonesia - Offshore Oil Terminal 7,2024-02,0,0,0,0,,
Indonesia - Offshore Oil Terminal 7,2024-03,0,0,0,0,,
Indonesia - Offshore Oil Terminal 7,2024-04,0,0,0,0,,
Indonesia - Offshore Oil Terminal 7,2024-05,0,0,0,0,,
Indonesia - Offshore Oil Terminal 7,2024-06,2,0,31922,31922,inf,inf
Indonesia - Offshore Oil Terminal 7,2024-07,0,0,0,0,,
Indonesia - Offshore Oil Terminal 7,2024-08,0,0,0,0,,
Indonesia - Offshore Oil Terminal 7,2024-09,0,0,0,0,,
Indonesia - Offshore Oil Terminal 7,2024-10,0,0,0,0,,
Indonesia - Offshore Oil Terminal 7,2024-11,0,0,0,0,,
Indonesia - Offshore Oil Terminal 7,2024-12,0,0,0,0,-100.0,-100.0
Indonesia - Offshore Oil Terminal 7,2025-01,0,0,0,0,,
Indonesia - Offshore Oil Terminal 7,2025-02,2,0,31922,31922,inf,inf
Indonesia - Offshore Oil Terminal 7,2025-03,0,0,0,0,,
Indonesia - Offshore Oil Terminal 7,2025-04,0,0,0,0,,
Indonesia - Offshore Oil Terminal 7,2025-05,0,0,0,0,,
Indonesia - Offshore Oil Terminal 7,2025-06,0,0,0,0,-100.0,-100.0
Indonesia - Offshore Oil Terminal 7,2025-07,0,0,0,0,,
Indonesia - Offshore Oil Terminal 7,2025-08,0,0,0,0,,
Indonesia - Offshore Oil Terminal 7,2025-09,2,0,31922,31922,inf,inf
Indonesia - Offshore Oil Terminal 7,2025-10,0,0,0,0,,
Indonesia - Offshore Oil Terminal 7,2025-11,2,0,0,0,inf,
Indonesia - Offshore Oil Terminal 7,2025-12,0,0,0,0,,
Indonesia - Offshore Oil Terminal 7,2026-01,0,0,0,0,,
Indonesia - Offshore Oil Terminal 7,2026-02,0,0,0,0,-100.0,-100.0
Indonesia - Offshore Oil Terminal 7,2026-03,0,0,0,0,,
Indonesia - Offshore Oil Terminal 7,2026-04,2,0,31922,31922,inf,inf
Indonesia - Offshore Oil Terminal 7,2026-05,0,0,0,0,,
Indonesia - Offshore Oil Terminal 7,2026-06,0,0,0,0,,
Indonesia - Offshore Oil Terminal 7,2026-07,0,0,0,0,,
Indonesia - Offshore Oil Terminal 7,2026-08,0,0,0,0,,
Indonesia - Offshore Oil Terminal 8,2019-01,0,0,0,0,,
Indonesia - Offshore Oil Terminal 8,2019-02,0,0,0,0,,
Indonesia - Offshore Oil Terminal 8,2019-03,0,0,0,0,,
Indonesia - Offshore Oil Terminal 8,2019-04,0,0,0,0,,
Indonesia - Offshore Oil Terminal 8,2019-05,0,0,0,0,,
Indonesia - Offshore Oil Terminal 8,2019-06,0,0,0,0,,
Indonesia - Offshore Oil Terminal 8,2019-07,0,0,0,0,,
Indonesia - Offshore Oil Terminal 8,2019-08,0,0,0,0,,
Indonesia - Offshore Oil Terminal 8,2019-09,0,0,0,0,,
Indonesia - Offshore Oil Terminal 8,2019-10,0,0,0,0,,
Indonesia - Offshore Oil Terminal 8,2019-11,0,0,0,0,,
Indonesia - Offshore Oil Terminal 8,2019-12,0,0,0,0,,
Indonesia - Offshore Oil Terminal 8,2020-01,0,0,0,0,,
Indonesia - Offshore Oil Terminal 8,2020-02,0,0,0,0,,
Indonesia - Offshore Oil Terminal 8,2020-03,0,0,0,0,,
Indonesia - Offshore Oil Terminal 8,2020-04,0,0,0,0,,
Indonesia - Offshore Oil Terminal 8,2020-05,0,0,0,0,,
Indonesia - Offshore Oil Terminal 8,2020-06,0,0,0,0,,
Indonesia - Offshore Oil Terminal 8,2020-07,0,0,0,0,,
Indonesia - Offshore Oil Terminal 8,2020-08,0,0,0,0,,
Indonesia - Offshore Oil Terminal 8,2020-09,0,0,0,0,,
Indonesia - Offshore Oil Terminal 8,2020-10,0,0,0,0,,
Indonesia - Offshore Oil Terminal 8,2020-11,0,0,0,0,,
Indonesia - Offshore Oil Terminal 8,2020-12,0,0,0,0,,
Indonesia - Offshore Oil Terminal 8,2021-01,0,0,0,0,,
Indonesia - Offshore Oil Terminal 8,2021-02,0,0,0,0,,
Indonesia - Offshore Oil Terminal 8,2021-03,0,0,0,0,,
Indonesia - Offshore Oil Terminal 8,2021-04,0,0,0,0,,
Indonesia - Offshore Oil Terminal 8,2021-05,0,0,0,0,,
Indonesia - Offshore Oil Terminal 8,2021-06,0,0,0,0,,
Indonesia - Offshore Oil Terminal 8,2021-07,0,0,0,0,,
Indonesia - Offshore Oil Terminal 8,2021-08,0,0,0,0,,
Indonesia - Offshore Oil Terminal 8,2021-09,0,0,0,0,,
Indonesia - Offshore Oil Terminal 8,2021-10,0,0,0,0,,
Indonesia - Offshore Oil Terminal 8,2021-11,0,0,0,0,,
Indonesia - Offshore Oil Terminal 8,2021-12,0,0,0,0,,
Indonesia - Offshore Oil Terminal 8,2022-01,0,0,0,0,,
Indonesia - Offshore Oil Terminal 8,2022-02,0,0,0,0,,
Indonesia - Offshore Oil Terminal 8,2022-03,0,0,0,0,,
Indonesia - Offshore Oil Terminal 8,2022-04,0,0,0,0,,
Indonesia - Offshore Oil Terminal 8,2022-05,0,0,0,0,,
Indonesia - Offshore Oil Terminal 8,2022-06,0,0,0,0,,
Indonesia - Offshore Oil Terminal 8,2022-07,0,0,0,0,,
Indonesia - Offshore Oil Terminal 8,2022-08,0,0,0,0,,
Indonesia - Offshore Oil Terminal 8,2022-09,0,0,0,0,,
Indonesia - Offshore Oil Terminal 8,2022-10,0,0,0,0,,
Indonesia - Offshore Oil Terminal 8,2022-11,0,0,0,0,,
Indonesia - Offshore Oil Terminal 8,2022-12,0,0,0,0,,
Indonesia - Offshore Oil Terminal 8,2023-01,0,0,0,0,,
Indonesia - Offshore Oil Terminal 8,2023-02,0,0,0,0,,
Indonesia - Offshore Oil Terminal 8,2023-03,0,0,0,0,,
Indonesia - Offshore Oil Terminal 8,2023-04,0,0,0,0,,
Indonesia - Offshore Oil Terminal 8,2023-05,0,0,0,0,,
Indonesia - Offshore Oil Terminal 8,2023-06,0,0,0,0,,
Indonesia - Offshore Oil Terminal 8,2023-07,0,0,0,0,,
Indonesia - Offshore Oil Terminal 8,2023-08,0,0,0,0,,
Indonesia - Offshore Oil Terminal 8,2023-09,0,0,0,0,,
Indonesia - Offshore Oil Terminal 8,2023-10,0,0,0,0,,
Indonesia - Offshore Oil Terminal 8,2023-11,0,0,0,0,,
Indonesia - Offshore Oil Terminal 8,2023-12,0,0,0,0,,
Indonesia - Offshore Oil Terminal 8,2024-01,0,0,0,0,,
Indonesia - Offshore Oil Terminal 8,2024-02,0,0,0,0,,
Indonesia - Offshore Oil Terminal 8,2024-03,0,0,0,0,,
Indonesia - Offshore Oil Terminal 8,2024-04,0,0,0,0,,
Indonesia - Offshore Oil Terminal 8,2024-05,0,0,0,0,,
Indonesia - Offshore Oil Terminal 8,2024-06,0,0,0,0,,
Indonesia - Offshore Oil Terminal 8,2024-07,0,0,0,0,,
Indonesia - Offshore Oil Terminal 8,2024-08,0,0,0,0,,
Indonesia - Offshore Oil Terminal 8,2024-09,2,0,0,0,inf,
Indonesia - Offshore Oil Terminal 8,2024-10,0,0,0,0,,
Indonesia - Offshore Oil Terminal 8,2024-11,0,0,0,0,,
Indonesia - Offshore Oil Terminal 8,2024-12,0,0,0,0,,
Indonesia - Offshore Oil Terminal 8,2025-01,0,0,0,0,,
Indonesia - Offshore Oil Terminal 8,2025-02,0,0,0,0,,
Indonesia - Offshore Oil Terminal 8,2025-03,0,0,0,0,,
Indonesia - Offshore Oil Terminal 8,2025-04,0,0,0,0,,
Indonesia - Offshore Oil Terminal 8,2025-05,0,0,0,0,,
Indonesia - Offshore Oil Terminal 8,2025-06,0,0,0,0,,
Indonesia - Offshore Oil Terminal 8,2025-07,0,0,0,0,,
Indonesia - Offshore Oil Terminal 8,2025-08,0,0,0,0,,
Indonesia - Offshore Oil Terminal 8,2025-09,0,0,0,0,-100.0,
Indonesia - Offshore Oil Terminal 8,2025-10,0,0,0,0,,
Indonesia - Offshore Oil Terminal 8,2025-11,0,0,0,0,,
Indonesia - Offshore Oil Terminal 8,2025-12,0,0,0,0,,
Indonesia - Offshore Oil Terminal 8,2026-01,0,0,0,0,,
Indonesia - Offshore Oil Terminal 8,2026-02,0,0,0,0,,
Indonesia - Offshore Oil Terminal 8,2026-03,0,0,0,0,,
Indonesia - Offshore Oil Terminal 8,2026-04,0,0,0,0,,
Indonesia - Offshore Oil Terminal 8,2026-05,0,0,0,0,,
Indonesia - Offshore Oil Terminal 8,2026-06,0,0,0,0,,
Indonesia - Offshore Oil Terminal 8,2026-07,0,0,0,0,,
Indonesia - Offshore Oil Terminal 8,2026-08,0,0,0,0,,
Indonesia - Offshore Oil Terminal 9,2019-01,0,0,0,0,,
Indonesia - Offshore Oil Terminal 9,2019-02,2,0,25968,25968,,
Indonesia - Offshore Oil Terminal 9,2019-03,0,0,0,0,,
Indonesia - Offshore Oil Terminal 9,2019-04,2,0,0,0,,
Indonesia - Offshore Oil Terminal 9,2019-05,0,0,0,0,,
Indonesia - Offshore Oil Terminal 9,2019-06,2,0,31552,31552,,
Indonesia - Offshore Oil Terminal 9,2019-07,4,0,36092,36092,,
Indonesia - Offshore Oil Terminal 9,2019-08,6,0,36092,36092,,
Indonesia - Offshore Oil Terminal 9,2019-09,4,0,0,0,,
Indonesia - Offshore Oil Terminal 9,2019-10,12,0,108276,108276,,
Indonesia - Offshore Oil Terminal 9,2019-11,14,0,126322,126322,,
Indonesia - Offshore Oil Terminal 9,2019-12,20,0,175920,175920,,
Indonesia - Offshore Oil Terminal 9,2020-01,14,0,126324,126324,inf,inf
Indonesia - Offshore Oil Terminal 9,2020-02,14,0,126322,126322,600.0,386.45255699322246
Indonesia - Offshore Oil Terminal 9,2020-03,18,0,162414,162414,inf,inf
Indonesia - Offshore Oil Terminal 9,2020-04,10,0,72184,72184,400.0,inf
Indonesia - Offshore Oil Terminal 9,2020-05,8,0,72184,72184,inf,inf
Indonesia - Offshore Oil Terminal 9,2020-06,14,0,126322,126322,600.0,300.36130831643
Indonesia - Offshore Oil Terminal 9,2020-07,14,0,126322,126322,250.0,250.0
Indonesia - Offshore Oil Terminal 9,2020-08,14,0,139828,139828,133.33333333333334,287.42103513243933
Indonesia - Offshore Oil Terminal 9,2020-09,14,0,108276,108276,250.0,inf
Indonesia - Offshore Oil Terminal 9,2020-10,6,0,54138,54138,-50.0,-50.0
Indonesia - Offshore Oil Terminal 9,2020-11,4,0,36092,36092,-71.42857142857143,-71.42857142857143
Indonesia - Offshore Oil Terminal 9,2020-12,14,0,126322,126322,-30.000000000000004,-28.19349704411096
Indonesia - Offshore Oil Terminal 9,2021-01,10,0,103736,103736,-28.57142857142857,-17.881004401380572
Indonesia - Offshore Oil Terminal 9,2021-02,8,0,72184,72184,-42.85714285714286,-42.85714285714286
Indonesia - Offshore Oil Terminal 9,2021-03,18,0,162416,162416,0.0,0.001231420936620431
Indonesia - Offshore Oil Terminal 9,2021-04,10,0,218394,218394,0.0,202.55181203590823
Indonesia - Offshore Oil Terminal 9,2021-05,4,0,36092,36092,-50.0,-50.0
Indonesia - Offshore Oil Terminal 9,2021-06,10,0,85690,85690,-28.57142857142857,-32.16541853358876
Indonesia - Offshore Oil Terminal 9,2021-07,6,0,54138,54138,-57.14285714285714,-57.14285714285714
Indonesia - Offshore Oil Terminal 9,2021-08,12,0,72184,72184,-14.28571428571429,-48.376576937380214
Indonesia - Offshore Oil Terminal 9,2021-09,14,0,92534,92534,0.0,-14.538771288189444
Indonesia - Offshore Oil Terminal 9,2021-10,10,0,72184,72184,66.66666666666667,33.33333333333333
Indonesia - Offshore Oil Terminal 9,2021-11,2,0,18046,18046,-50.0,-50.0
Indonesia - Offshore Oil Terminal 9,2021-12,6,0,36092,36092,-57.14285714285714,-71.42857142857143
Indonesia - Offshore Oil Terminal 9,2022-01,12,0,111434,111434,19.999999999999996,7.420760391763714
Indonesia - Offshore Oil Terminal 9,2022-02,8,0,87926,87926,0.0,21.808156932284174
Indonesia - Offshore Oil Terminal 9,2022-03,6,0,67644,67644,-66.66666666666667,-58.35139395133484
Indonesia - Offshore Oil Terminal 9,2022-04,6,0,54138,54138,-40.0,-75.21085744113849
Indonesia - Offshore Oil Terminal 9,2022-05,12,0,90230,90230,200.0,150.0
Indonesia - Offshore Oil Terminal 9,2022-06,2,0,18046,18046,-80.0,-78.9403664371572
Indonesia - Offshore Oil Terminal 9,2022-07,6,0,51132,51132,0.0,-5.5524770032140065
Indonesia - Offshore Oil Terminal 9,2022-08,0,0,0,0,-100.0,-100.0
Indonesia - Offshore Oil Terminal 9,2022-09,2,0,31552,31552,-85.71428571428572,-65.90226295199602
Indonesia - Offshore Oil Terminal 9,2022-10,2,0,0,0,-80.0,-100.0
Indonesia - Offshore Oil Terminal 9,2022-11,0,0,0,0,-100.0,-100.0
Indonesia - Offshore Oil Terminal 9,2022-12,2,0,0,0,-66.66666666666667,-100.0
Indonesia - Offshore Oil Terminal 9,2023-01,4,0,39962,39962,-66.66666666666667,-64.13841376958558
Indonesia - Offshore Oil Terminal 9,2023-02,4,0,55934,55934,-50.0,-36.38514205127039
Indonesia - Offshore Oil Terminal 9,2023-03,2,0,0,0,-66.66666666666667,-100.0
Indonesia - Offshore Oil Terminal 9,2023-04,4,0,22022,22022,-33.333333333333336,-59.32247220067235
Indonesia - Offshore Oil Terminal 9,2023-05,2,0,0,0,-83.33333333333334,-100.0
Indonesia - Offshore Oil Terminal 9,2023-06,0,0,0,0,-100.0,-100.0
Indonesia - Offshore Oil Terminal 9,2023-07,4,0,31552,31552,-33.333333333333336,-38.293045450989595
Indonesia - Offshore Oil Terminal 9,2023-08,2,0,0,0,inf,
Indonesia - Offshore Oil Terminal 9,2023-09,2,0,31552,31552,0.0,0.0
Indonesia - Offshore Oil Terminal 9,2023-10,6,0,21118,21118,200.0,inf
Indonesia - Offshore Oil Terminal 9,2023-11,4,0,142400,142400,inf,inf
Indonesia - Offshore Oil Terminal 9,2023-12,6,0,66874,66874,200.0,inf
Indonesia - Offshore Oil Terminal 9,2024-01,4,0,18046,18046,0.0,-54.84209999499525
Indonesia - Offshore Oil Terminal 9,2024-02,6,0,58074,58074,50.0,3.825937712303795
Indonesia - Offshore Oil Terminal 9,2024-03,2,0,21982,21982,0.0,inf
Indonesia - Offshore Oil Terminal 9,2024-04,2,0,20118,20118,-50.0,-8.645899554990466
Indonesia - Offshore Oil Terminal 9,2024-05,4,0,87710,87710,100.0,inf
Indonesia - Offshore Oil Terminal 9,2024-06,4,0,49598,49598,inf,inf
Indonesia - Offshore Oil Terminal 9,2024-07,4,0,18046,18046,0.0,-42.805527383367135
Indonesia - Offshore Oil Terminal 9,2024-08,6,0,51900,51900,200.0,inf
Indonesia - Offshore Oil Terminal 9,2024-09,4,0,49598,49598,100.0,57.194472616632865
Indonesia - Offshore Oil Terminal 9,2024-10,8,0,40454,40454,33.33333333333333,91.56170091864759
Indonesia - Offshore Oil Terminal 9,2024-11,6,0,36536,36536,50.0,-74.34269662921349
Indonesia - Offshore Oil Terminal 9,2024-12,16,0,230856,230856,166.66666666666666,245.21039566946797
Indonesia - Offshore Oil Terminal 9,2025-01,8,0,54138,54138,100.0,200.0
Indonesia - Offshore Oil Terminal 9,2025-02,4,0,18046,18046,-33.333333333333336,-68.92585322175155
Indonesia - Offshore Oil Terminal 9,2025-03,12,0,135288,135288,500.0,515.4490037303249
Indonesia - Offshore Oil Terminal 9,2025-04,16,0,187702,187702,700.0,833.0052689134109
Indonesia - Offshore Oil Terminal 9,2025-05,8,0,69880,69880,100.0,-20.328354805609393
Indonesia - Offshore Oil Terminal 9,2025-06,12,0,142188,142188,200.0,186.68091455300618
Indonesia - Offshore Oil Terminal 9,2025-07,10,0,107816,107816,150.0,497.45095866119914
Indonesia - Offshore Oil Terminal 9,2025-08,14,0,170814,170814,133.33333333333334,229.121387283237
Indonesia - Offshore Oil Terminal 9,2025-09,2,0,2334,2334,-50.0,-95.2941650873019
Indonesia - Offshore Oil Terminal 9,2025-10,10,0,91610,91610,25.0,126.4547387155782
Indonesia - Offshore Oil Terminal 9,2025-11,12,0,180318,180318,100.0,393.5351434201883
Indonesia - Offshore Oil Terminal 9,2025-12,2,0,34354,34354,-87.5,-85.11886197456423
Indonesia - Offshore Oil Terminal 9,2026-01,10,0,141968,141968,25.0,162.2335512948391
Indonesia - Offshore Oil Terminal 9,2026-02,4,0,102440,102440,0.0,467.660423362518
Indonesia - Offshore Oil Terminal 9,2026-03,8,0,134810,134810,-33.333333333333336,-0.35332032404943314
Indonesia - Offshore Oil Terminal 9,2026-04,8,0,67644,67644,-50.0,-63.96202491182832
Indonesia - Offshore Oil Terminal 9,2026-05,14,0,112136,112136,75.0,60.46937607326846
Indonesia - Offshore Oil Terminal 9,2026-06,14,0,156322,156322,16.666666666666675,9.940360649281232
Indonesia - Offshore Oil Terminal 9,2026-07,12,0,126004,126004,19.999999999999996,16.86948133857684
Indonesia - Offshore Oil Terminal 9,2026-08,10,0,120192,120192,-28.57142857142857,-29.63574414275176
Indonesia Morowali Industrial Park,2019-01,42,584298,236557,820855,,
Indonesia Morowali Industrial Park,2019-02,37,548467,122333,670800,,
Indonesia Morowali Industrial Park,2019-03,49,493815,181964,675779,,
Indonesia Morowali Industrial Park,2019-04,42,469409,169501,638910,,
Indonesia Morowali Industrial Park,2019-05,47,560080,204252,764332,,
Indonesia Morowali Industrial Park,2019-06,41,686194,114792,800986,,
Indonesia Morowali Industrial Park,2019-07,48,537878,196762,734640,,
Indonesia Morowali Industrial Park,2019-08,53,570237,176540,746777,,
Indonesia Morowali Industrial Park,2019-09,54,725259,186775,912034,,
Indonesia Morowali Industrial Park,2019-10,54,640397,233016,873413,,
Indonesia Morowali Industrial Park,2019-11,49,562628,228524,791152,,
Indonesia Morowali Industrial Park,2019-12,60,986430,302864,1289294,,
Indonesia Morowali Industrial Park,2020-01,47,750652,215538,966190,11.904761904761907,17.70531945349665
Indonesia Morowali Industrial Park,2020-02,49,617092,308515,925607,32.432432432432435,37.985539654144304
Indonesia Morowali Industrial Park,2020-03,59,571679,278626,850305,20.408163265306122,25.82589870357026
Indonesia Morowali Industrial Park,2020-04,63,1373992,323571,1697563,50.0,165.69673349924088
Indonesia Morowali Industrial Park,2020-05,69,1416122,277040,1693162,46.808510638297875,121.52179942747394
Indonesia Morowali Industrial Park,2020-06,54,760167,261609,1021776,31.70731707317074,27.56477641307089
Indonesia Morowali Industrial Park,2020-07,59,976219,319023,1295242,22.916666666666675,76.30975715996951
Indonesia Morowali Industrial Park,2020-08,64,1238667,281314,1519981,20.75471698113207,103.53880743515131
Indonesia Morowali Industrial Park,2020-09,63,1025752,419492,1445244,16.666666666666675,58.46382919935002
Indonesia Morowali Industrial Park,2020-10,64,1096748,414370,1511118,18.518518518518512,73.01299614271828
Indonesia Morowali Industrial Park,2020-11,67,1217782,404055,1621837,36.73469387755102,104.99689061014826
Indonesia Morowali Industrial Park,2020-12,69,1559719,358139,1917858,14.999999999999991,48.75257311365755
Indonesia Morowali Industrial Park,2021-01,77,1545633,420774,1966407,63.829787234042556,103.52177108022231
Indonesia Morowali Industrial Park,2021-02,67,1080648,304420,1385068,36.73469387755102,49.63888561776217
Indonesia Morowali Industrial Park,2021-03,75,1302112,422911,1725023,27.118644067796605,102.87108743333273
Indonesia Morowali Industrial Park,2021-04,93,1720516,434941,2155457,47.61904761904763,26.9736086377943
Indonesia Morowali Industrial Park,2021-05,84,1897798,332117,2229915,21.739130434782616,31.701219375346245
Indonesia Morowali Industrial Park,2021-06,91,1338578,610168,1948746,68.5185185185185,90.72144971109128
Indonesia Morowali Industrial Park,2021-07,85,1852642,559221,2411863,44.06779661016949,86.20944966268851
Indonesia Morowali Industrial Park,2021-08,70,1450013,418969,1868982,9.375,22.96087911625211
Indonesia Morowali Industrial Park,2021-09,89,1236471,661781,1898252,41.26984126984128,31.344741787545914
Indonesia Morowali Industrial Park,2021-10,72,1276672,438733,1715405,12.5,13.518931016638014
Indonesia Morowali Industrial Park,2021-11,74,1540499,391809,1932308,10.447761194029859,19.143169134752757
Indonesia Morowali Industrial Park,2021-12,86,1536081,471625,2007706,24.63768115942029,4.6848098242935565
Indonesia Morowali Industrial Park,2022-01,107,2251158,488445,2739603,38.96103896103895,39.320242452350904
Indonesia Morowali Industrial Park,2022-02,72,1549993,394550,1944543,7.462686567164178,40.393323649091606
Indonesia Morowali Industrial Park,2022-03,94,2016247,651607,2667854,25.333333333333343,54.65614081667316
Indonesia Morowali Industrial Park,2022-04,84,2029063,477611,2506674,-9.677419354838712,16.2943171680066
Indonesia Morowali Industrial Park,2022-05,89,1875430,444848,2320278,5.952380952380953,4.052306926497207
Indonesia Morowali Industrial Park,2022-06,81,1682779,377259,2060038,-10.989010989010994,5.710954634416177
Indonesia Morowali Industrial Park,2022-07,90,1901228,574281,2475509,5.882352941176472,2.6388729376419784
Indonesia Morowali Industrial Park,2022-08,82,1611410,467186,2078596,17.14285714285715,11.21541031427804
Indonesia Morowali Industrial Park,2022-09,73,1614359,444638,2058997,-17.97752808988764,8.468053767360706
Indonesia Morowali Industrial Park,2022-10,76,1314624,439551,1754175,5.555555555555558,2.2601076713662405
Indonesia Morowali Industrial Park,2022-11,59,1563375,452870,2016245,-20.270270270270274,4.343872715943831
Indonesia Morowali Industrial Park,2022-12,76,1502739,381911,1884650,-11.627906976744185,-6.129184253072905
Indonesia Morowali Industrial Park,2023-01,77,1833562,155719,1989281,-28.037383177570096,-27.387982857370208
Indonesia Morowali Industrial Park,2023-02,69,1434602,266095,1700697,-4.1666666666666625,-12.540015828911988
Indonesia Morowali Industrial Park,2023-03,81,2037174,353778,2390952,-13.829787234042556,-10.37920365957058
Indonesia Morowali Industrial Park,2023-04,79,1956524,331073,2287597,-5.952380952380953,-8.73974836775744
Indonesia Morowali Industrial Park,2023-05,74,1613242,447114,2060356,-16.85393258426966,-11.202192151112921
Indonesia Morowali Industrial Park,2023-06,81,2227414,280963,2508377,0.0,21.763627661237315
Indonesia Morowali Industrial Park,2023-07,74,1819940,415354,2235294,-17.777777777777782,-9.703660944072512
Indonesia Morowali Industrial Park,2023-08,94,1921972,438363,2360335,14.634146341463406,13.554293378799919
Indonesia Morowali Industrial Park,2023-09,82,1438823,523851,1962674,12.328767123287676,-4.67815154660255
Indonesia Morowali Industrial Park,2023-10,100,1793121,483310,2276431,31.578947368421062,29.77217210369547
Indonesia Morowali Industrial Park,2023-11,95,1919285,471324,2390609,61.01694915254237,18.56738640393405
Indonesia Morowali Industrial Park,2023-12,89,1528170,737661,2265831,17.105263157894733,20.225559122383462
Indonesia Morowali Industrial Park,2024-01,99,1926949,581816,2508765,28.57142857142858,26.11415883427228
Indonesia Morowali Industrial Park,2024-02,77,1253133,311760,1564893,11.594202898550732,-7.985196657605675
Indonesia Morowali Industrial Park,2024-03,85,1669667,645240,2314907,4.938271604938271,-3.1805322733371444
Indonesia Morowali Industrial Park,2024-04,78,1822840,393798,2216638,-1.2658227848101222,-3.1019012527119028
Indonesia Morowali Industrial Park,2024-05,88,1941587,496035,2437622,18.918918918918926,18.310719118443618
Indonesia Morowali Industrial Park,2024-06,80,1723538,462783,2186321,-1.2345679012345734,-12.83921834716233
Indonesia Morowali Industrial Park,2024-07,74,1713603,435226,2148829,0.0,-3.8681712562195436
Indonesia Morowali Industrial Park,2024-08,59,1726761,283378,2010139,-37.23404255319149,-14.83670750126571
Indonesia Morowali Industrial Park,2024-09,71,1352701,508091,1860792,-13.414634146341465,-5.1909792456617865
Indonesia Morowali Industrial Park,2024-10,52,1247905,134359,1382264,-48.0,-39.279336821542145
Indonesia Morowali Industrial Park,2024-11,59,1153746,431761,1585507,-37.89473684210526,-33.67769467947289
Indonesia Morowali Industrial Park,2024-12,66,1287390,501591,1788981,-25.842696629213478,-21.045258891770835
Indonesia Morowali Industrial Park,2025-01,73,2095621,464467,2560088,-26.262626262626267,2.0457476088832527
Indonesia Morowali Industrial Park,2025-02,64,1109897,603486,1713383,-16.883116883116877,9.48882767064585
Indonesia Morowali Industrial Park,2025-03,56,736105,457516,1193621,-34.11764705882353,-48.43762621997342
Indonesia Morowali Industrial Park,2025-04,68,1017606,426180,1443786,-12.82051282051282,-34.86595465745873
Indonesia Morowali Industrial Park,2025-05,73,1770138,365848,2135986,-17.04545454545454,-12.37419091229075
Indonesia Morowali Industrial Park,2025-06,81,1348860,437958,1786818,1.2499999999999956,-18.272842825916236
Indonesia Morowali Industrial Park,2025-07,64,1174956,391866,1566822,-13.513513513513509,-27.08484481547857
Indonesia Morowali Industrial Park,2025-08,81,1525754,546097,2071851,37.28813559322033,3.0700364502156408
Indonesia Morowali Industrial Park,2025-09,76,1358466,421586,1780052,7.042253521126751,-4.3390126354799445
Indonesia Morowali Industrial Park,2025-10,78,1349501,546630,1896131,50.0,37.17574935034118
Indonesia Morowali Industrial Park,2025-11,67,1342159,389659,1731818,13.559322033898313,9.228026114044274
Indonesia Morowali Industrial Park,2025-12,57,1009737,286475,1296212,-13.636363636363635,-27.544674873573282
Indonesia Morowali Industrial Park,2026-01,82,1419219,462928,1882147,12.328767123287676,-26.481160022624216
Indonesia Morowali Industrial Park,2026-02,64,1447087,419477,1866564,0.0,8.94026612847214
Indonesia Morowali Industrial Park,2026-03,79,1419016,433143,1852159,41.071428571428584,55.171448893744326
Indonesia Morowali Industrial Park,2026-04,76,1269623,289599,1559222,11.764705882352944,7.995367734553449
Indonesia Morowali Industrial Park,2026-05,101,2409946,409063,2819009,38.35616438356164,31.976941796435
Indonesia Morowali Industrial Park,2026-06,114,2902899,436287,3339186,40.74074074074075,86.87890988337928
Indonesia Morowali Industrial Park,2026-07,104,2904082,390457,3294539,62.5,110.26887546894288
Indonesia Morowali Industrial Park,2026-08,88,1741312,285737,2027049,8.64197530864197,-2.1624141890512427
Jayapura,2019-01,21,51070,4360,55430,,
Jayapura,2019-02,14,26228,3503,29731,,
Jayapura,2019-03,20,52871,3964,56835,,
Jayapura,2019-04,19,53264,2544,55808,,
Jayapura,2019-05,18,69015,9751,78766,,
Jayapura,2019-06,16,52608,2836,55444,,
Jayapura,2019-07,18,39754,2491,42245,,
Jayapura,2019-08,18,53785,3322,57107,,
Jayapura,2019-09,20,54461,1925,56386,,
Jayapura,2019-10,19,51658,1281,52939,,
Jayapura,2019-11,21,73732,1741,75473,,
Jayapura,2019-12,20,86932,2100,89032,,
Jayapura,2020-01,20,57207,1860,59067,-4.761904761904767,6.5614288291538925
Jayapura,2020-02,18,66287,1297,67584,28.57142857142858,127.31828730954224
Jayapura,2020-03,21,69881,1631,71512,5.000000000000004,25.823876132664726
Jayapura,2020-04,19,47255,3544,50799,0.0,-8.975415711009171
Jayapura,2020-05,20,42002,4941,46943,11.111111111111116,-40.40195007998375
Jayapura,2020-06,19,48708,2486,51194,18.75,-7.665392107351565
Jayapura,2020-07,18,70883,610,71493,0.0,69.23422890282873
Jayapura,2020-08,15,50591,1037,51628,-16.666666666666664,-9.594270404678939
Jayapura,2020-09,17,39504,3224,42728,-15.000000000000002,-24.22232469052602
Jayapura,2020-10,17,73649,1220,74869,-10.526315789473683,41.425036362606015
Jayapura,2020-11,18,60684,854,61538,-14.28571428571429,-18.463556503650313
Jayapura,2020-12,19,66480,976,67456,-5.000000000000004,-24.233983286908078
Jayapura,2021-01,18,46663,2422,49085,-9.999999999999998,-16.89945316335687
Jayapura,2021-02,17,38354,2931,41285,-5.555555555555558,-38.91305634469697
Jayapura,2021-03,23,56532,4509,61041,9.523809523809534,-14.642297796174065
Jayapura,2021-04,15,55350,1159,56509,-21.052631578947366,11.240378747613144
Jayapura,2021-05,15,43227,1159,44386,-25.0,-5.447031506294864
Jayapura,2021-06,17,67629,1037,68666,-10.526315789473683,34.128999492127974
Jayapura,2021-07,23,46137,2313,48450,27.777777777777768,-32.231127522974276
Jayapura,2021-08,23,108725,3007,111732,53.33333333333334,116.41744789649029
Jayapura,2021-09,15,44685,4098,48783,-11.764705882352944,14.171035386631715
Jayapura,2021-10,22,60411,809,61220,29.41176470588236,-18.230509289559095
Jayapura,2021-11,17,40865,1187,42052,-5.555555555555558,-31.664987487406158
Jayapura,2021-12,21,69678,1375,71053,10.526315789473696,5.332364800759004
Jayapura,2022-01,25,55441,736,56177,38.888888888888886,14.448405826627276
Jayapura,2022-02,21,90242,1583,91825,23.529411764705888,122.4173428606031
Jayapura,2022-03,28,90966,1372,92338,21.739130434782616,51.272095804459305
Jayapura,2022-04,22,46366,642,47008,46.66666666666666,-16.813250986568505
Jayapura,2022-05,21,35326,4373,39699,39.99999999999999,-10.55963592123642
Jayapura,2022-06,24,45200,1143,46343,41.176470588235304,-32.509538927562396
Jayapura,2022-07,21,84129,502,84631,-8.695652173913048,74.67698658410733
Jayapura,2022-08,20,51391,4335,55726,-13.043478260869568,-50.12529982458025
Jayapura,2022-09,20,53938,366,54304,33.33333333333333,11.31746715044175
Jayapura,2022-10,22,96639,821,97460,0.0,59.19634106501144
Jayapura,2022-11,23,51222,610,51832,35.29411764705883,23.256920003804815
Jayapura,2022-12,19,37249,5537,42786,-9.523809523809524,-39.782978903072355
Jayapura,2023-01,20,43769,2179,45948,-19.999999999999996,-18.20851950086334
Jayapura,2023-02,17,36985,1190,38175,-19.047619047619047,-58.42635447862783
Jayapura,2023-03,22,37328,8107,45435,-21.42857142857143,-50.79490567263749
Jayapura,2023-04,19,23578,1135,24713,-13.636363636363635,-47.42809734513275
Jayapura,2023-05,21,35774,1948,37722,0.0,-4.979974306657597
Jayapura,2023-06,26,82625,1722,84347,8.333333333333325,82.00591243553504
Jayapura,2023-07,20,50637,2019,52656,-4.761904761904767,-37.78166392929305
Jayapura,2023-08,23,65345,5049,70394,14.999999999999991,26.321645192549248
Jayapura,2023-09,29,72449,9032,81481,44.99999999999999,50.04603712433706
Jayapura,2023-10,23,65734,1898,67632,4.545454545454541,-30.605376564744514
Jayapura,2023-11,24,50060,4457,54517,4.347826086956519,5.180197561352062
Jayapura,2023-12,19,59392,1586,60978,0.0,42.51858084420137
Jayapura,2024-01,19,46047,4561,50608,-5.000000000000004,10.141899538608868
Jayapura,2024-02,21,82394,8606,91000,23.529411764705888,138.3759004584152
Jayapura,2024-03,20,74488,1539,76027,-9.090909090909093,67.33135248156708
Jayapura,2024-04,16,45533,7494,53027,-15.789473684210531,114.57127827459233
Jayapura,2024-05,16,73175,1195,74370,-23.809523809523814,97.1528550978209
Jayapura,2024-06,19,39405,3523,42928,-26.923076923076927,-49.10548092996787
Jayapura,2024-07,21,68486,3656,72142,5.000000000000004,37.00622910969311
Jayapura,2024-08,22,133720,1342,135062,-4.347826086956519,91.86578401568315
Jayapura,2024-09,21,68188,2155,70343,-27.586206896551722,-13.669444410353337
Jayapura,2024-10,18,70379,1795,72174,-21.739130434782606,6.715755855216465
Jayapura,2024-11,18,66984,1039,68023,-25.0,24.773923730212587
Jayapura,2024-12,20,47608,17614,65222,5.263157894736836,6.959887172422841
Jayapura,2025-01,17,41460,4075,45535,-10.526315789473683,-10.0241068605754
Jayapura,2025-02,13,36139,1204,37343,-38.095238095238095,-58.963736263736266
Jayapura,2025-03,20,58814,1391,60205,0.0,-20.811027661225612
Jayapura,2025-04,12,39154,8482,47636,-25.0,-10.166518943179891
Jayapura,2025-05,19,72541,2238,74779,18.75,0.5499529380126322
Jayapura,2025-06,17,40725,1063,41788,-10.526315789473683,-2.6556093924711144
Jayapura,2025-07,15,56541,356,56897,-28.57142857142857,-21.131934240802863
Jayapura,2025-08,18,42867,3022,45889,-18.181818181818176,-66.02375205461195
Jayapura,2025-09,16,52179,305,52484,-23.809523809523814,-25.388453719630956
Jayapura,2025-10,18,39450,572,40022,0.0,-44.54789813506249
Jayapura,2025-11,19,41869,5267,47136,5.555555555555558,-30.705790688443614
Jayapura,2025-12,22,49553,3500,53053,10.000000000000009,-18.657814847750764
Jayapura,2026-01,19,58044,1934,59978,11.764705882352944,31.718458328758103
Jayapura,2026-02,15,55759,488,56247,15.384615384615374,50.62260664649332
Jayapura,2026-03,18,40197,6452,46649,-9.999999999999998,-22.516402292168426
Jayapura,2026-04,12,41037,793,41830,0.0,-12.188260979091448
Jayapura,2026-05,20,102927,610,103537,5.263157894736836,38.45732090560183
Jayapura,2026-06,22,58714,1335,60049,29.41176470588236,43.69914808078874
Jayapura,2026-07,18,69160,1394,70554,19.999999999999996,24.003023006485403
Jayapura,2026-08,16,69778,1382,71160,-11.111111111111116,55.069842445902076
Jetty Coalindo,2019-01,18,0,628135,628135,,
Jetty Coalindo,2019-02,12,0,350366,350366,,
Jetty Coalindo,2019-03,14,0,426581,426581,,
Jetty Coalindo,2019-04,15,0,810491,810491,,
Jetty Coalindo,2019-05,17,0,717388,717388,,
Jetty Coalindo,2019-06,14,0,521992,521992,,
Jetty Coalindo,2019-07,13,0,664010,664010,,
Jetty Coalindo,2019-08,20,0,873112,873112,,
Jetty Coalindo,2019-09,16,0,616943,616943,,
Jetty Coalindo,2019-10,17,0,606171,606171,,
Jetty Coalindo,2019-11,18,0,682982,682982,,
Jetty Coalindo,2019-12,18,0,419551,419551,,
Jetty Coalindo,2020-01,17,0,610919,610919,-5.555555555555558,-2.7408120865737406
Jetty Coalindo,2020-02,17,0,544461,544461,41.66666666666667,55.397784031555574
Jetty Coalindo,2020-03,18,0,422647,422647,28.57142857142858,-0.9222164137643207
Jetty Coalindo,2020-04,20,0,482644,482644,33.33333333333333,-40.45041832666865
Jetty Coalindo,2020-05,12,0,368278,368278,-29.411764705882348,-48.664042331346494
Jetty Coalindo,2020-06,16,0,688939,688939,14.28571428571428,31.98267406397033
Jetty Coalindo,2020-07,18,0,708218,708218,38.46153846153846,6.657731058267191
Jetty Coalindo,2020-08,20,0,669491,669491,0.0,-23.321292113726532
Jetty Coalindo,2020-09,16,0,571909,571909,0.0,-7.2995398278285055
Jetty Coalindo,2020-10,16,0,617953,617953,-5.882352941176472,1.943675959423996
Jetty Coalindo,2020-11,11,0,464189,464189,-38.888888888888886,-32.03495846156999
Jetty Coalindo,2020-12,30,0,1277235,1277235,66.66666666666667,204.4290205481574
Jetty Coalindo,2021-01,23,0,843283,843283,35.29411764705883,38.03515687022339
Jetty Coalindo,2021-02,15,0,627708,627708,-11.764705882352944,15.289800371376462
Jetty Coalindo,2021-03,13,0,468273,468273,-27.77777777777778,10.79529725752224
Jetty Coalindo,2021-04,21,0,858494,858494,5.000000000000004,77.87313216366513
Jetty Coalindo,2021-05,23,0,873184,873184,91.66666666666667,137.09914792629482
Jetty Coalindo,2021-06,15,0,764198,764198,-6.25,10.923898922836429
Jetty Coalindo,2021-07,15,0,675501,675501,-16.666666666666664,-4.619622771519505
Jetty Coalindo,2021-08,24,0,774970,774970,19.999999999999996,15.755103504005286
Jetty Coalindo,2021-09,35,2962,1078612,1081574,118.75,89.11645034437296
Jetty Coalindo,2021-10,29,798,1005222,1006020,81.25,62.7987889046578
Jetty Coalindo,2021-11,25,2164,955548,957712,127.2727272727273,106.31940868913307
Jetty Coalindo,2021-12,23,0,903441,903441,-23.33333333333333,-29.265875113037144
Jetty Coalindo,2022-01,20,2164,909683,911847,-13.043478260869568,8.130603842363705
Jetty Coalindo,2022-02,23,798,896667,897465,53.33333333333334,42.97491827410198
Jetty Coalindo,2022-03,21,2164,915788,917952,61.53846153846154,96.02923935396659
Jetty Coalindo,2022-04,22,2962,869463,872425,4.761904761904767,1.6227253772303607
Jetty Coalindo,2022-05,26,798,1102366,1103164,13.043478260869556,26.338091398834607
Jetty Coalindo,2022-06,21,0,935960,935960,39.99999999999999,22.47611221175665
Jetty Coalindo,2022-07,21,0,1149621,1149621,39.99999999999999,70.18790497719472
Jetty Coalindo,2022-08,23,0,1064527,1064527,-4.1666666666666625,37.36363988283418
Jetty Coalindo,2022-09,29,0,1396454,1396454,-17.14285714285714,29.11312587025945
Jetty Coalindo,2022-10,29,0,1302867,1302867,0.0,29.50706745392735
Jetty Coalindo,2022-11,24,0,1007400,1007400,-4.0000000000000036,5.188198539853328
Jetty Coalindo,2022-12,25,0,978215,978215,8.695652173913038,8.276578105266431
Jetty Coalindo,2023-01,28,0,1296959,1296959,39.99999999999999,42.2342783383616
Jetty Coalindo,2023-02,29,2164,1045152,1047316,26.086956521739136,16.697141392700555
Jetty Coalindo,2023-03,28,798,1220486,1221284,33.33333333333333,33.04442933835321
Jetty Coalindo,2023-04,34,2653,1123395,1126048,54.54545454545454,29.071037625010753
Jetty Coalindo,2023-05,37,2962,1221894,1224856,42.307692307692314,11.031179407594882
Jetty Coalindo,2023-06,18,0,537515,537515,-14.28571428571429,-42.570729518355485
Jetty Coalindo,2023-07,34,0,1224765,1224765,61.904761904761905,6.536415044610355
Jetty Coalindo,2023-08,34,0,1175207,1175207,47.82608695652173,10.397105944705952
Jetty Coalindo,2023-09,27,0,1118121,1118121,-6.896551724137934,-19.931411990656333
Jetty Coalindo,2023-10,38,2955,1620784,1623739,31.034482758620683,24.62814700195799
Jetty Coalindo,2023-11,30,0,1056516,1056516,25.0,4.87552114353782
Jetty Coalindo,2023-12,30,0,1184899,1184899,19.999999999999996,21.12868847850422
Jetty Coalindo,2024-01,23,0,834380,834380,-17.85714285714286,-35.66643201519864
Jetty Coalindo,2024-02,21,0,861645,861645,-27.586206896551722,-17.728269213876235
Jetty Coalindo,2024-03,30,0,1020801,1020801,7.14285714285714,-16.415755876602
Jetty Coalindo,2024-04,31,0,902755,902755,-8.823529411764708,-19.829794111796296
Jetty Coalindo,2024-05,21,0,639071,639071,-43.24324324324324,-47.82480552816004
Jetty Coalindo,2024-06,28,0,1110710,1110710,55.55555555555556,106.63795428964775
Jetty Coalindo,2024-07,34,0,1422507,1422507,0.0,16.145301343523034
Jetty Coalindo,2024-08,26,0,893286,893286,-23.529411764705888,-23.98905043962468
Jetty Coalindo,2024-09,34,0,1329111,1329111,25.92592592592593,18.87005073690593
Jetty Coalindo,2024-10,34,0,1299071,1299071,-10.526315789473683,-19.99508541705286
Jetty Coalindo,2024-11,29,0,1188107,1188107,-3.3333333333333326,12.455182884121019
Jetty Coalindo,2024-12,40,0,1484507,1484507,33.33333333333333,25.28553066548289
Jetty Coalindo,2025-01,44,0,1723235,1723235,91.30434782608697,106.52879982741675
Jetty Coalindo,2025-02,35,0,1595328,1595328,66.66666666666667,85.14910432950926
Jetty Coalindo,2025-03,30,0,1077773,1077773,0.0,5.581107385278816
Jetty Coalindo,2025-04,33,0,1216077,1216077,6.451612903225801,34.70731261527214
Jetty Coalindo,2025-05,32,0,1276775,1276775,52.38095238095237,99.78609575461881
Jetty Coalindo,2025-06,32,0,1260813,1260813,14.28571428571428,13.51414860764737
Jetty Coalindo,2025-07,42,0,1746943,1746943,23.529411764705888,22.807339436642483
Jetty Coalindo,2025-08,48,0,1775096,1775096,84.61538461538463,98.71530506467134
Jetty Coalindo,2025-09,36,0,1646871,1646871,5.882352941176472,23.90770973981857
Jetty Coalindo,2025-10,32,0,1379661,1379661,-5.882352941176472,6.203664002968279
Jetty Coalindo,2025-11,35,0,1190763,1190763,20.68965517241379,0.22354888911519932
Jetty Coalindo,2025-12,47,0,1844650,1844650,17.500000000000004,24.26010790114159
Jetty Coalindo,2026-01,26,0,890921,890921,-40.90909090909091,-48.299506451528664
Jetty Coalindo,2026-02,17,0,804883,804883,-51.42857142857142,-49.54749117422875
Jetty Coalindo,2026-03,14,0,550275,550275,-53.333333333333336,-48.9433303673408
Jetty Coalindo,2026-04,21,0,1128997,1128997,-36.36363636363637,-7.160730776093949
Jetty Coalindo,2026-05,32,0,1612034,1612034,0.0,26.258267901548816
Jetty Coalindo,2026-06,29,0,1717348,1717348,-9.375,36.2095727122103
Jetty Coalindo,2026-07,24,3959,1335682,1339641,-42.85714285714286,-23.315128198229708
Jetty Coalindo,2026-08,18,0,928859,928859,-62.5,-47.67274558671757
Karimun,2019-01,3,17325,9285,26610,,
Karimun,2019-02,3,36012,1255,37267,,
Karimun,2019-03,4,761,38297,39058,,
Karimun,2019-04,1,0,88,88,,
Karimun,2019-05,3,19517,23388,42905,,
Karimun,2019-06,3,98077,39254,137331,,
Karimun,2019-07,0,0,0,0,,
Karimun,2019-08,2,7814,7763,15577,,
Karimun,2019-09,2,48117,9285,57402,,
Karimun,2019-10,3,26306,32673,58979,,
Karimun,2019-11,4,15628,63867,79495,,
Karimun,2019-12,6,18935,30018,48953,,
Karimun,2020-01,2,4263,0,4263,-33.333333333333336,-83.97970687711387
Karimun,2020-02,2,7814,69447,77261,-33.333333333333336,107.31746585450934
Karimun,2020-03,3,13721,3935,17656,-25.0,-54.79543243381637
Karimun,2020-04,8,134147,7942,142089,700.0,161364.77272727274
Karimun,2020-05,2,0,37828,37828,-33.333333333333336,-11.833119683020632
Karimun,2020-06,5,86859,1991,88850,66.66666666666667,-35.302298825465485
Karimun,2020-07,6,24171,27258,51429,inf,inf
Karimun,2020-08,6,61244,31225,92469,200.0,493.62521666559667
Karimun,2020-09,5,91261,65,91326,150.0,59.09898609804536
Karimun,2020-10,6,13374,24765,38139,100.0,-35.33461062412046
Karimun,2020-11,3,902,0,902,-25.0,-98.86533744260645
Karimun,2020-12,6,14016,20895,34911,0.0,-28.684656711539635
Karimun,2021-01,11,111066,51498,162564,450.0,3713.370865587614
Karimun,2021-02,8,93820,69751,163571,300.0,111.71224809412253
Karimun,2021-03,18,151808,334510,486318,500.0,2654.406434073403
Karimun,2021-04,8,66429,35359,101788,0.0,-28.36320897465673
Karimun,2021-05,8,2038,33674,35712,300.0,-5.593740086708254
Karimun,2021-06,9,16488,66441,82929,80.0,-6.6640405177265105
Karimun,2021-07,4,7814,7232,15046,-33.333333333333336,-70.74413268778315
Karimun,2021-08,5,123542,11642,135184,-16.666666666666664,46.19385956374569
Karimun,2021-09,4,5932,11610,17542,-19.999999999999996,-80.79188839979852
Karimun,2021-10,5,5982,6643,12625,-16.666666666666664,-66.89740160990063
Karimun,2021-11,10,14116,137463,151579,233.33333333333334,16704.767184035478
Karimun,2021-12,16,111974,102235,214209,166.66666666666666,513.5859757669502
Karimun,2022-01,20,231040,77449,308489,81.81818181818181,89.76464653920917
Karimun,2022-02,17,39723,172578,212301,112.5,29.791344431470137
Karimun,2022-03,16,50201,52994,103195,-11.111111111111116,-78.7803453707245
Karimun,2022-04,20,123291,182925,306216,150.0,200.8370338350297
Karimun,2022-05,15,23371,116361,139732,87.5,291.27464157706095
Karimun,2022-06,10,78750,16370,95120,11.111111111111116,14.700526956794358
Karimun,2022-07,8,10869,79709,90578,100.0,502.007177987505
Karimun,2022-08,9,136803,140425,277228,80.0,105.0745650372825
Karimun,2022-09,8,55437,118541,173978,100.0,891.779728651237
Karimun,2022-10,12,97612,139441,237053,140.0,1777.6475247524754
Karimun,2022-11,11,6578,114067,120645,10.000000000000009,-20.407840136166623
Karimun,2022-12,30,225213,117306,342519,87.5,59.89944400095235
Karimun,2023-01,29,335530,300615,636145,44.99999999999999,106.21318750425459
Karimun,2023-02,32,399140,313748,712888,88.23529411764706,235.79116443163244
Karimun,2023-03,27,178851,217499,396350,68.75,284.078685982848
Karimun,2023-04,42,261527,320886,582413,110.00000000000001,90.19678919455546
Karimun,2023-05,44,121974,268129,390103,193.33333333333331,179.17942919302666
Karimun,2023-06,23,88729,173314,262043,129.99999999999997,175.4867535744323
Karimun,2023-07,25,158507,171126,329633,212.5,263.92170284174966
Karimun,2023-08,25,74256,105859,180115,177.77777777777777,-35.030011398560035
Karimun,2023-09,26,144127,114584,258711,225.0,48.70328432330524
Karimun,2023-10,23,84912,153914,238826,91.66666666666667,0.747934006319273
Karimun,2023-11,20,290491,170464,460955,81.81818181818181,282.0755107961374
Karimun,2023-12,17,217481,442664,660145,-43.333333333333336,92.73237397049508
Karimun,2024-01,12,98273,106724,204997,-58.62068965517242,-67.77511416422357
Karimun,2024-02,21,159232,80170,239402,-34.375,-66.4180067556194
Karimun,2024-03,27,532692,305615,838307,0.0,111.5067490854043
Karimun,2024-04,23,42803,294655,337458,-45.238095238095234,-42.05864223497758
Karimun,2024-05,18,21421,90254,111675,-59.09090909090908,-71.372945093988
Karimun,2024-06,12,44266,89886,134152,-47.82608695652174,-48.80534874047389
Karimun,2024-07,9,117567,43775,161342,-64.0,-51.05405102037721
Karimun,2024-08,8,17544,40433,57977,-68.0,-67.81112067290343
Karimun,2024-09,13,81562,53967,135529,-50.0,-47.613746613016076
Karimun,2024-10,19,265702,240212,505914,-17.391304347826086,111.83371994673945
Karimun,2024-11,19,129219,105390,234609,-5.000000000000004,-49.10370860496144
Karimun,2024-12,15,129220,126476,255696,-11.764705882352944,-61.26669140870567
Karimun,2025-01,19,43302,201925,245227,58.33333333333333,19.624677434303916
Karimun,2025-02,10,209379,144863,354242,-52.38095238095239,47.969524064126446
Karimun,2025-03,24,212856,520986,733842,-11.111111111111116,-12.461425229659307
Karimun,2025-04,18,192728,281726,474454,-21.739130434782606,40.596459411245256
Karimun,2025-05,25,304653,236664,541317,38.888888888888886,384.72531900604434
Karimun,2025-06,20,98286,193714,292000,66.66666666666667,117.66354582861234
Karimun,2025-07,9,10912,99580,110492,0.0,-31.51690198460413
Karimun,2025-08,10,41288,106593,147881,25.0,155.06838918881627
Karimun,2025-09,8,38066,90920,128986,-38.46153846153846,-4.827749042640317
Karimun,2025-10,4,66612,65864,132476,-78.94736842105263,-73.81452183572702
Karimun,2025-11,8,184216,95992,280208,-57.89473684210527,19.436168262939614
Karimun,2025-12,17,247802,301794,549596,13.33333333333333,114.94118015142982
Karimun,2026-01,21,200294,322529,522823,10.526315789473696,113.19960689483621
Karimun,2026-02,25,228293,324741,553034,150.0,56.11756934524985
Karimun,2026-03,16,146633,235665,382298,-33.333333333333336,-47.90458981633648
Karimun,2026-04,13,132507,113821,246328,-27.77777777777778,-48.081795073916545
Karimun,2026-05,8,88470,123231,211701,-68.0,-60.89149241571944
Karimun,2026-06,7,66580,20895,87475,-65.0,-70.04280821917807
Karimun,2026-07,5,42023,72923,114946,-44.44444444444444,4.031061072294828
Karimun,2026-08,1,987,3870,4857,-90.0,-96.71560241004592
Kasim Terminal,2019-01,4,1852,13522,15374,,
Kasim Terminal,2019-02,6,3704,21528,25232,,
Kasim Terminal,2019-03,5,2778,50464,53242,,
Kasim Terminal,2019-04,4,2778,12027,14805,,
Kasim Terminal,2019-05,4,1852,42219,44071,,
Kasim Terminal,2019-06,6,1852,14043,15895,,
Kasim Terminal,2019-07,4,2778,12027,14805,,
Kasim Terminal,2019-08,6,4630,20045,24675,,
Kasim Terminal,2019-09,5,3704,21861,25565,,
Kasim Terminal,2019-10,7,19067,20045,39112,,
Kasim Terminal,2019-11,8,3167,17524,20691,,
Kasim Terminal,2019-12,7,6482,28063,34545,,
Kasim Terminal,2020-01,4,2778,17531,20309,0.0,32.099648757642775
Kasim Terminal,2020-02,2,1852,8018,9870,-66.66666666666667,-60.883005707038684
Kasim Terminal,2020-03,3,2039,8018,10057,-40.0,-81.1107772059652
Kasim Terminal,2020-04,4,1300,4009,5309,0.0,-64.14049307666329
Kasim Terminal,2020-05,6,3891,28240,32131,50.0,-27.092645957659233
Kasim Terminal,2020-06,3,2778,12027,14805,-50.0,-6.857502359232459
Kasim Terminal,2020-07,3,2040,8018,10058,-25.0,-32.06349206349206
Kasim Terminal,2020-08,7,5556,37124,42680,16.666666666666675,72.96859169199594
Kasim Terminal,2020-09,6,10843,16036,26879,19.999999999999996,5.1398396244866085
Kasim Terminal,2020-10,3,1852,9099,10951,-57.14285714285714,-72.00092043362652
Kasim Terminal,2020-11,7,2778,12027,14805,-12.5,-28.447150935189214
Kasim Terminal,2020-12,6,34740,16036,50776,-14.28571428571429,46.98509190910407
Kasim Terminal,2021-01,5,1852,8337,10189,25.0,-49.830124575311444
Kasim Terminal,2021-02,5,2778,12027,14805,150.0,50.0
Kasim Terminal,2021-03,5,3704,16036,19740,66.66666666666667,96.28119717609624
Kasim Terminal,2021-04,4,1852,16717,18569,0.0,249.76455076285552
Kasim Terminal,2021-05,2,926,11460,12386,-66.66666666666667,-61.45155768572407
Kasim Terminal,2021-06,3,2256,0,2256,0.0,-84.76190476190476
Kasim Terminal,2021-07,1,0,23180,23180,-66.66666666666667,130.4633127858421
Kasim Terminal,2021-08,4,1973,37369,39342,-42.85714285714286,-7.820993439550139
Kasim Terminal,2021-09,2,1047,4903,5950,-66.66666666666667,-77.86375981249303
Kasim Terminal,2021-10,2,0,30265,30265,-33.333333333333336,176.36745502693816
Kasim Terminal,2021-11,3,0,60024,60024,-57.14285714285714,305.4305977710233
Kasim Terminal,2021-12,3,0,33782,33782,-50.0,-33.468567827319994
Kasim Terminal,2022-01,3,0,63972,63972,-40.0,527.8535675728727
Kasim Terminal,2022-02,1,0,0,0,-80.0,-100.0
Kasim Terminal,2022-03,2,926,4009,4935,-60.0,-75.0
Kasim Terminal,2022-04,2,926,4009,4935,-50.0,-73.4234476816199
Kasim Terminal,2022-05,2,0,31050,31050,0.0,150.6862586791539
Kasim Terminal,2022-06,3,926,32918,33844,0.0,1400.177304964539
Kasim Terminal,2022-07,3,1852,8018,9870,200.0,-57.42018981880932
Kasim Terminal,2022-08,6,2778,18230,21008,50.0,-46.60159625845153
Kasim Terminal,2022-09,5,1852,20046,21898,150.0,268.03361344537814
Kasim Terminal,2022-10,6,6724,16036,22760,200.0,-24.79762101437304
Kasim Terminal,2022-11,5,2778,18052,20830,66.66666666666667,-65.29721444755432
Kasim Terminal,2022-12,6,5412,22920,28332,100.0,-16.13285181457581
Kasim Terminal,2023-01,8,5557,24054,29611,166.66666666666666,-53.71256174576378
Kasim Terminal,2023-02,7,3891,22061,25952,600.0,inf
Kasim Terminal,2023-03,5,1852,8197,10049,150.0,103.6271529888551
Kasim Terminal,2023-04,5,1852,19288,21140,150.0,328.3687943262412
Kasim Terminal,2023-05,10,8080,25169,33249,400.0,7.082125603864742
Kasim Terminal,2023-06,4,2899,12921,15820,33.33333333333333,-53.256116298309884
Kasim Terminal,2023-07,7,7771,20084,27855,133.33333333333334,182.21884498480244
Kasim Terminal,2023-08,5,3655,8018,11673,-16.666666666666664,-44.43545316070069
Kasim Terminal,2023-09,6,5625,8018,13643,19.999999999999996,-37.69750662160928
Kasim Terminal,2023-10,4,3677,29655,33332,-33.333333333333336,46.4499121265378
Kasim Terminal,2023-11,3,1852,8018,9870,-40.0,-52.61641862698032
Kasim Terminal,2023-12,8,8321,56722,65043,33.33333333333333,129.574332909784
Kasim Terminal,2024-01,8,4352,18214,22566,0.0,-23.79183411570025
Kasim Terminal,2024-02,5,1852,13843,15695,-28.57142857142857,-39.52296547472256
Kasim Terminal,2024-03,11,8233,29885,38118,120.00000000000001,279.3213255050254
Kasim Terminal,2024-04,4,3679,13216,16895,-19.999999999999996,-20.080416272469247
Kasim Terminal,2024-05,7,4067,23795,27862,-30.000000000000004,-16.201991037324426
Kasim Terminal,2024-06,5,4555,13815,18370,25.0,16.118836915297095
Kasim Terminal,2024-07,3,1973,8912,10885,-57.14285714285714,-60.922635074492916
Kasim Terminal,2024-08,7,3020,45486,48506,39.99999999999999,315.54013535509296
Kasim Terminal,2024-09,5,4153,10932,15085,-16.666666666666664,10.569522832221656
Kasim Terminal,2024-10,3,2753,4903,7656,-25.0,-77.03108124324973
Kasim Terminal,2024-11,6,5448,9806,15254,100.0,54.549138804457954
Kasim Terminal,2024-12,4,6348,5246,11594,-50.0,-82.1748689328598
Kasim Terminal,2025-01,7,7925,16930,24855,-12.5,10.143578835416122
Kasim Terminal,2025-02,4,2345,24232,26577,-19.999999999999996,69.3341828607837
Kasim Terminal,2025-03,4,3679,8912,12591,-63.63636363636363,-66.96836140406107
Kasim Terminal,2025-04,3,3020,13815,16835,-25.0,-0.35513465522344356
Kasim Terminal,2025-05,3,170,514,684,-57.14285714285714,-97.54504342832531
Kasim Terminal,2025-06,5,6348,5080,11428,0.0,-37.78987479586282
Kasim Terminal,2025-07,5,3020,13815,16835,66.66666666666667,54.66237942122187
Kasim Terminal,2025-08,5,3437,18770,22207,-28.57142857142857,-54.21803488228261
Kasim Terminal,2025-09,4,1728,5543,7271,-19.999999999999996,-51.7998011269473
Kasim Terminal,2025-10,4,2549,5865,8414,33.33333333333333,9.900731452455581
Kasim Terminal,2025-11,4,340,0,340,-33.333333333333336,-97.77107643896683
Kasim Terminal,2025-12,4,10065,4009,14074,0.0,21.3903743315508
Kasim Terminal,2026-01,4,0,1878,1878,-42.85714285714286,-92.44417622208812
Kasim Terminal,2026-02,4,926,4635,5561,0.0,-79.07589268916733
Kasim Terminal,2026-03,2,1047,4903,5950,-50.0,-52.744023508855534
Kasim Terminal,2026-04,4,2632,4009,6641,33.33333333333333,-60.55242055242056
Kasim Terminal,2026-05,9,6677,24664,31341,200.0,4482.017543859649
Kasim Terminal,2026-06,5,1852,52302,54154,0.0,373.871193559678
Kasim Terminal,2026-07,6,3308,17531,20839,19.999999999999996,23.783783783783786
Kasim Terminal,2026-08,6,2227,5599,7826,19.999999999999996,-64.758859818976
Kendari,2019-01,21,14571,3227,17798,,
Kendari,2019-02,16,10149,285,10434,,
Kendari,2019-03,20,16637,2098,18735,,
Kendari,2019-04,24,23250,3120,26370,,
Kendari,2019-05,25,26695,3100,29795,,
Kendari,2019-06,22,21214,2010,23224,,
Kendari,2019-07,22,21175,8785,29960,,
Kendari,2019-08,33,36787,4018,40805,,
Kendari,2019-09,25,39919,2240,42159,,
Kendari,2019-10,31,35067,3665,38732,,
Kendari,2019-11,31,26781,5552,32333,,
Kendari,2019-12,35,34042,6101,40143,,
Kendari,2020-01,27,25102,3834,28936,28.57142857142858,62.58006517586245
Kendari,2020-02,25,28672,2924,31596,56.25,202.81771132834962
Kendari,2020-03,27,20983,2179,23162,35.00000000000001,23.62957032292501
Kendari,2020-04,31,24705,7192,31897,29.166666666666675,20.959423587409944
Kendari,2020-05,22,18362,2356,20718,-12.0,-30.464843094478944
Kendari,2020-06,31,38626,2380,41006,40.90909090909092,76.56734412676542
Kendari,2020-07,30,27209,8481,35690,36.36363636363635,19.12550066755674
Kendari,2020-08,27,12204,4750,16954,-18.181818181818176,-58.45117019973043
Kendari,2020-09,26,22109,2061,24170,4.0000000000000036,-42.669418155079576
Kendari,2020-10,28,23153,6463,29616,-9.677419354838712,-23.536094185686252
Kendari,2020-11,37,28211,3270,31481,19.354838709677423,-2.6350787121516728
Kendari,2020-12,25,19217,3021,22238,-28.57142857142857,-44.603044117280724
Kendari,2021-01,23,18968,3963,22931,-14.814814814814813,-20.752695604091787
Kendari,2021-02,27,23594,2356,25950,8.000000000000007,-17.869350550702624
Kendari,2021-03,32,23767,7338,31105,18.518518518518512,34.293238925826785
Kendari,2021-04,28,24642,6634,31276,-9.677419354838712,-1.946891557199737
Kendari,2021-05,27,27925,5966,33891,22.72727272727273,63.582392122791774
Kendari,2021-06,31,28735,5687,34422,0.0,-16.05618689947812
Kendari,2021-07,37,22424,13417,35841,23.33333333333334,0.4230876996357491
Kendari,2021-08,32,24022,4118,28140,18.518518518518512,65.97853014037985
Kendari,2021-09,24,16358,8874,25232,-7.692307692307687,4.3938767066611595
Kendari,2021-10,36,33888,13150,47038,28.57142857142858,58.82631010264723
Kendari,2021-11,49,48229,5993,54222,32.432432432432435,72.2372224516375
Kendari,2021-12,58,81253,5338,86591,131.99999999999997,289.3830380429895
Kendari,2022-01,49,36217,3199,39416,113.04347826086958,71.8895817888448
Kendari,2022-02,40,34574,4037,38611,48.14814814814814,48.78998073217726
Kendari,2022-03,43,35048,2519,37567,34.375,20.77479504902748
Kendari,2022-04,41,37655,2407,40062,46.428571428571416,28.09182759943727
Kendari,2022-05,39,41130,6335,47465,44.44444444444444,40.0519311911717
Kendari,2022-06,45,47280,4649,51929,45.16129032258065,50.85991517053048
Kendari,2022-07,45,45976,6053,52029,21.62162162162162,45.166150498032984
Kendari,2022-08,47,56304,5397,61701,46.875,119.26439232409382
Kendari,2022-09,51,52482,2927,55409,112.5,119.59812935954344
Kendari,2022-10,54,54626,4083,58709,50.0,24.81185424550363
Kendari,2022-11,51,46705,4856,51561,4.081632653061229,-4.9076020803363924
Kendari,2022-12,48,43127,6592,49719,-17.24137931034483,-42.581792565047174
Kendari,2023-01,46,52135,2973,55108,-6.122448979591832,39.81124416480617
Kendari,2023-02,42,50078,1591,51669,5.000000000000004,33.81937789749034
Kendari,2023-03,50,65871,2642,68513,16.279069767441868,82.37548912609472
Kendari,2023-04,42,47826,7774,55600,2.4390243902439046,38.78488343068245
Kendari,2023-05,43,42360,6207,48567,10.256410256410264,2.321710734225224
Kendari,2023-06,45,42007,2421,44428,0.0,-14.444722602014293
Kendari,2023-07,50,50548,5877,56425,11.111111111111116,8.449134136731429
Kendari,2023-08,47,44498,4810,49308,0.0,-20.08557397773132
Kendari,2023-09,52,52865,4880,57745,1.9607843137254832,4.215921601183914
Kendari,2023-10,59,79895,8052,87947,9.259259259259256,49.80156364441568
Kendari,2023-11,54,66508,9840,76348,5.882352941176472,48.07315606757045
Kendari,2023-12,56,79377,2896,82273,16.666666666666675,65.47597497938413
Kendari,2024-01,49,56354,6433,62787,6.521739130434789,13.934455977353565
Kendari,2024-02,48,40582,9564,50146,14.28571428571428,-2.947608817666303
Kendari,2024-03,58,51826,12077,63903,15.999999999999993,-6.72865003721922
Kendari,2024-04,40,45918,6645,52563,-4.761904761904767,-5.462230215827335
Kendari,2024-05,56,59429,3803,63232,30.232558139534895,30.195400168838926
Kendari,2024-06,39,48108,4860,52968,-13.33333333333333,19.222112181507157
Kendari,2024-07,46,50453,2820,53273,-7.9999999999999964,-5.586176340274696
Kendari,2024-08,52,60317,4393,64710,10.63829787234043,31.23631053784375
Kendari,2024-09,50,66058,7477,73535,-3.8461538461538436,27.34435881894537
Kendari,2024-10,52,38972,10609,49581,-11.864406779661019,-43.62400081867488
Kendari,2024-11,57,52343,8447,60790,5.555555555555558,-20.37774401425053
Kendari,2024-12,51,46675,11573,58248,-8.92857142857143,-29.201560657809978
Kendari,2025-01,53,52859,6507,59366,8.163265306122458,-5.448580120088553
Kendari,2025-02,49,46697,6237,52934,2.083333333333326,5.559765484784429
Kendari,2025-03,48,39354,13588,52942,-17.24137931034483,-17.152559347761454
Kendari,2025-04,46,50517,11378,61895,14.999999999999991,17.75393337518787
Kendari,2025-05,53,51319,8041,59360,-5.35714285714286,-6.123481781376516
Kendari,2025-06,45,45913,2087,48000,15.384615384615374,-9.379247847757133
Kendari,2025-07,49,56105,7400,63505,6.521739130434789,19.20672761060951
Kendari,2025-08,58,57518,9728,67246,11.538461538461542,3.9190233348786796
Kendari,2025-09,47,47512,14602,62114,-6.000000000000005,-15.531379615149243
Kendari,2025-10,50,50575,6482,57057,-3.8461538461538436,15.078356628547219
Kendari,2025-11,40,40319,5914,46233,-29.824561403508774,-23.946372758677413
Kendari,2025-12,22,12928,11682,24610,-56.86274509803921,-57.74962230462848
Kendari,2026-01,24,28589,5955,34544,-54.71698113207547,-41.811811474581404
Kendari,2026-02,19,17187,10874,28061,-61.224489795918366,-46.98870291306155
Kendari,2026-03,22,20358,1536,21894,-54.16666666666667,-58.64530996184504
Kendari,2026-04,27,24923,2350,27273,-41.30434782608695,-55.936666935939904
Kendari,2026-05,54,52888,4807,57695,1.8867924528301883,-2.8049191374663107
Kendari,2026-06,51,45835,4041,49876,13.33333333333333,3.908333333333336
Kendari,2026-07,13,13821,369,14190,-73.46938775510203,-77.65530273206835
Kijing,2019-01,0,0,0,0,,
Kijing,2019-02,0,0,0,0,,
Kijing,2019-03,0,0,0,0,,
Kijing,2019-04,0,0,0,0,,
Kijing,2019-05,0,0,0,0,,
Kijing,2019-06,0,0,0,0,,
Kijing,2019-07,0,0,0,0,,
Kijing,2019-08,0,0,0,0,,
Kijing,2019-09,0,0,0,0,,
Kijing,2019-10,0,0,0,0,,
Kijing,2019-11,0,0,0,0,,
Kijing,2019-12,0,0,0,0,,
Kijing,2020-01,0,0,0,0,,
Kijing,2020-02,0,0,0,0,,
Kijing,2020-03,0,0,0,0,,
Kijing,2020-04,0,0,0,0,,
Kijing,2020-05,0,0,0,0,,
Kijing,2020-06,0,0,0,0,,
Kijing,2020-07,0,0,0,0,,
Kijing,2020-08,0,0,0,0,,
Kijing,2020-09,2,1110,5485,6595,inf,inf
Kijing,2020-10,1,347,0,347,inf,inf
Kijing,2020-11,1,1110,5485,6595,inf,inf
Kijing,2020-12,1,0,13274,13274,inf,inf
Kijing,2021-01,2,2144,0,2144,inf,inf
Kijing,2021-02,3,0,20673,20673,inf,inf
Kijing,2021-03,2,0,28592,28592,inf,inf
Kijing,2021-04,3,621,19881,20502,inf,inf
Kijing,2021-05,3,1901,1899,3800,inf,inf
Kijing,2021-06,2,0,27982,27982,inf,inf
Kijing,2021-07,1,0,0,0,inf,
Kijing,2021-08,0,0,0,0,,
Kijing,2021-09,0,0,0,0,-100.0,-100.0
Kijing,2021-10,0,0,0,0,-100.0,-100.0
Kijing,2021-11,0,0,0,0,-100.0,-100.0
Kijing,2021-12,0,0,0,0,-100.0,-100.0
Kijing,2022-01,0,0,0,0,-100.0,-100.0
Kijing,2022-02,0,0,0,0,-100.0,-100.0
Kijing,2022-03,0,0,0,0,-100.0,-100.0
Kijing,2022-04,1,4735,0,4735,-66.66666666666667,-76.90469222514876
Kijing,2022-05,0,0,0,0,-100.0,-100.0
Kijing,2022-06,2,0,14624,14624,0.0,-47.73783146308341
Kijing,2022-07,6,3011,56596,59607,500.0,inf
Kijing,2022-08,4,0,45347,45347,inf,inf
Kijing,2022-09,5,0,27995,27995,inf,inf
Kijing,2022-10,4,0,35825,35825,inf,inf
Kijing,2022-11,5,12189,21198,33387,inf,inf
Kijing,2022-12,4,3011,10049,13060,inf,inf
Kijing,2023-01,8,5965,28913,34878,inf,inf
Kijing,2023-02,8,1901,42764,44665,inf,inf
Kijing,2023-03,6,7566,17408,24974,inf,inf
Kijing,2023-04,6,5776,17177,22953,500.0,384.75184794086584
Kijing,2023-05,5,5677,23496,29173,inf,inf
Kijing,2023-06,9,9814,35692,45506,350.0,211.1734135667396
Kijing,2023-07,6,18578,15538,34116,0.0,-42.76511148019529
Kijing,2023-08,5,7512,24835,32347,25.0,-28.66782808124021
Kijing,2023-09,9,7227,29122,36349,80.0,29.841043043400607
Kijing,2023-10,11,7818,49055,56873,175.0,58.75226796929518
Kijing,2023-11,5,9636,3068,12704,0.0,-61.949261688681226
Kijing,2023-12,11,14483,22764,37247,175.0,185.19908116385912
Kijing,2024-01,11,14061,40385,54446,37.5,56.104134411376805
Kijing,2024-02,3,0,10992,10992,-62.5,-75.39012649725736
Kijing,2024-03,4,11741,7417,19158,-33.333333333333336,-23.288219748538474
Kijing,2024-04,8,18298,9298,27596,33.33333333333333,20.228292597917473
Kijing,2024-05,9,17070,16695,33765,80.0,15.740582045041652
Kijing,2024-06,8,8321,24446,32767,-11.111111111111116,-27.99411066672527
Kijing,2024-07,8,10915,38653,49568,33.33333333333333,45.292531363583066
Kijing,2024-08,9,32947,30658,63605,80.0,96.63338176646985
Kijing,2024-09,8,25279,40066,65345,-11.111111111111116,79.77110787091803
Kijing,2024-10,10,12669,22772,35441,-9.090909090909093,-37.68396251296748
Kijing,2024-11,8,18865,58949,77814,60.00000000000001,512.5157430730478
Kijing,2024-12,10,26445,47182,73627,-9.090909090909093,97.67229575536285
Kijing,2025-01,10,13865,58121,71986,-9.090909090909093,32.21540609043822
Kijing,2025-02,10,26191,18494,44685,233.33333333333334,306.52292576419217
Kijing,2025-03,15,23522,57455,80977,275.0,322.679820440547
Kijing,2025-04,11,19544,33457,53001,37.5,92.06044354254239
Kijing,2025-05,7,13887,7450,21337,-22.22222222222222,-36.80734488375536
Kijing,2025-06,8,41329,26924,68253,0.0,108.29798272652363
Kijing,2025-07,13,42220,32034,74254,62.5,49.80229180116205
Kijing,2025-08,13,3484,75985,79469,44.44444444444444,24.941435421743563
Kijing,2025-09,12,68564,56338,124902,50.0,91.14239804116613
Kijing,2025-10,11,10092,68691,78783,10.000000000000009,122.2933890127254
Kijing,2025-11,11,6517,36954,43471,37.5,-44.13473153931169
Kijing,2025-12,7,15114,8282,23396,-30.000000000000004,-68.22361362000353
Kijing,2026-01,14,12082,79189,91271,39.99999999999999,26.78993137554524
Kijing,2026-02,22,53098,82775,135873,120.00000000000001,204.06847935548842
Kijing,2026-03,17,23303,83881,107184,13.33333333333333,32.36351062647418
Kijing,2026-04,13,32232,62372,94604,18.181818181818187,78.4947453821626
Kijing,2026-05,13,30926,91464,122390,85.71428571428572,473.6045367202512
Kijing,2026-06,23,50721,107889,158610,187.5,132.38538965320208
Kijing,2026-07,22,68969,100777,169746,69.23076923076923,128.60182616424703
Kijing,2026-08,23,19456,143352,162808,76.92307692307692,104.86982345317043
Kuala Tanjung,2019-01,7,119906,13922,133828,,
Kuala Tanjung,2019-02,7,35627,42107,77734,,
Kuala Tanjung,2019-03,8,70783,45549,116332,,
Kuala Tanjung,2019-04,3,2253,36536,38789,,
Kuala Tanjung,2019-05,6,48266,6876,55142,,
Kuala Tanjung,2019-06,7,37324,50076,87400,,
Kuala Tanjung,2019-07,5,49957,30750,80707,,
Kuala Tanjung,2019-08,6,45635,48923,94558,,
Kuala Tanjung,2019-09,13,80691,92078,172769,,
Kuala Tanjung,2019-10,13,49785,63542,113327,,
Kuala Tanjung,2019-11,11,106747,35113,141860,,
Kuala Tanjung,2019-12,10,64872,42176,107048,,
Kuala Tanjung,2020-01,8,97757,9856,107613,14.28571428571428,-19.58857638162418
Kuala Tanjung,2020-02,9,73372,52805,126177,28.57142857142858,62.31893379988165
Kuala Tanjung,2020-03,13,80473,35010,115483,62.5,-0.7298077914933088
Kuala Tanjung,2020-04,13,64090,68899,132989,333.3333333333333,242.85235504911188
Kuala Tanjung,2020-05,6,21481,17189,38670,0.0,-29.871966921765626
Kuala Tanjung,2020-06,10,42961,39188,82149,42.85714285714286,-6.008009153318072
Kuala Tanjung,2020-07,10,10127,95693,105820,100.0,31.11626005179229
Kuala Tanjung,2020-08,15,134529,31149,165678,150.0,75.21309672370397
Kuala Tanjung,2020-09,9,100482,40439,140921,-30.76923076923077,-18.43386255636138
Kuala Tanjung,2020-10,11,49938,55091,105029,-15.384615384615385,-7.322173886187755
Kuala Tanjung,2020-11,6,24731,39068,63799,-45.45454545454546,-55.02678697307204
Kuala Tanjung,2020-12,10,53424,16930,70354,0.0,-34.2780808609222
Kuala Tanjung,2021-01,10,74425,90438,164863,25.0,53.199892206331945
Kuala Tanjung,2021-02,9,37161,38886,76047,0.0,-39.72990323117526
Kuala Tanjung,2021-03,13,67002,61756,128758,0.0,11.495198427474174
Kuala Tanjung,2021-04,11,93107,53609,146716,-15.384615384615385,10.321906323079343
Kuala Tanjung,2021-05,12,70493,98731,169224,100.0,337.610550814585
Kuala Tanjung,2021-06,5,77581,11164,88745,-50.0,8.029312590536698
Kuala Tanjung,2021-07,12,51665,93988,145653,19.999999999999996,37.642222642222634
Kuala Tanjung,2021-08,15,47251,134983,182234,0.0,9.992877750817852
Kuala Tanjung,2021-09,11,38237,83416,121653,22.222222222222232,-13.672908934793249
Kuala Tanjung,2021-10,11,37903,41932,79835,0.0,-23.987660550895463
Kuala Tanjung,2021-11,10,72055,23054,95109,66.66666666666667,49.07600432608661
Kuala Tanjung,2021-12,16,54983,84000,138983,60.00000000000001,97.54811382437387
Kuala Tanjung,2022-01,12,52921,54293,107214,19.999999999999996,-34.96782176716425
Kuala Tanjung,2022-02,13,73422,24973,98395,44.44444444444444,29.3870895630334
Kuala Tanjung,2022-03,6,27737,19099,46836,-53.84615384615385,-63.62478447941099
Kuala Tanjung,2022-04,13,57693,26430,84123,18.181818181818187,-42.6626952752256
Kuala Tanjung,2022-05,12,114789,17064,131853,0.0,-22.083746986243092
Kuala Tanjung,2022-06,11,53264,83703,136967,120.00000000000001,54.33770916671361
Kuala Tanjung,2022-07,20,95443,145533,240976,66.66666666666667,65.44527060891296
Kuala Tanjung,2022-08,24,122746,134968,257714,60.00000000000001,41.419274120087366
Kuala Tanjung,2022-09,19,50582,152294,202876,72.72727272727273,66.76612989404289
Kuala Tanjung,2022-10,12,46568,99621,146189,9.090909090909083,83.11392246508424
Kuala Tanjung,2022-11,13,51388,60465,111853,30.000000000000004,17.605063663796283
Kuala Tanjung,2022-12,14,52647,43551,96198,-12.5,-30.78434053085629
Kuala Tanjung,2023-01,14,59713,38106,97819,16.666666666666675,-8.762848135504687
Kuala Tanjung,2023-02,17,54817,157646,212463,30.76923076923077,115.9286549113268
Kuala Tanjung,2023-03,15,47853,37552,85405,150.0,82.3490477410539
Kuala Tanjung,2023-04,18,78392,134082,212474,38.46153846153846,152.57539555175163
Kuala Tanjung,2023-05,17,83698,111289,194987,41.66666666666667,47.882111138919846
Kuala Tanjung,2023-06,22,95234,79123,174357,100.0,27.29854636518285
Kuala Tanjung,2023-07,22,125278,89829,215107,10.000000000000009,-10.73509395126485
Kuala Tanjung,2023-08,18,53602,86479,140081,-25.0,-45.644784528585944
Kuala Tanjung,2023-09,11,51131,14124,65255,-42.10526315789473,-67.83503223643999
Kuala Tanjung,2023-10,19,87489,22746,110235,58.33333333333333,-24.59418971331633
Kuala Tanjung,2023-11,20,90846,17436,108282,53.846153846153854,-3.1925831224911216
Kuala Tanjung,2023-12,14,65881,29685,95566,0.0,-0.6569783155574993
Kuala Tanjung,2024-01,8,70798,5378,76176,-42.85714285714286,-22.125558429343993
Kuala Tanjung,2024-02,17,51364,56552,107916,0.0,-49.2071560695274
Kuala Tanjung,2024-03,25,96489,79248,175737,66.66666666666667,105.76898308061588
Kuala Tanjung,2024-04,13,80920,39048,119968,-27.77777777777778,-43.53756224290972
Kuala Tanjung,2024-05,18,109334,112348,221682,5.882352941176472,13.690656300163596
Kuala Tanjung,2024-06,10,54261,22779,77040,-54.54545454545454,-55.814793785164916
Kuala Tanjung,2024-07,19,116093,31651,147744,-13.636363636363635,-31.316042713626246
Kuala Tanjung,2024-08,10,61990,9831,71821,-44.44444444444444,-48.72894967911423
Kuala Tanjung,2024-09,15,102736,35373,138109,36.36363636363635,111.64508466784153
Kuala Tanjung,2024-10,14,42606,75746,118352,-26.315789473684216,7.363360094343907
Kuala Tanjung,2024-11,12,32455,32111,64566,-40.0,-40.372361057239424
Kuala Tanjung,2024-12,16,76180,39682,115862,14.28571428571428,21.23767867233117
Kuala Tanjung,2025-01,10,20462,71182,91644,25.0,20.305608065532454
Kuala Tanjung,2025-02,9,16199,43384,59583,-47.05882352941176,-44.787612587568105
Kuala Tanjung,2025-03,14,71518,83900,155418,-43.99999999999999,-11.562163915396306
Kuala Tanjung,2025-04,5,35815,2649,38464,-61.53846153846154,-67.93811683115499
Kuala Tanjung,2025-05,16,64745,60151,124896,-11.111111111111116,-43.65983706390235
Kuala Tanjung,2025-06,19,34344,101051,135395,89.99999999999999,75.7463655244029
Kuala Tanjung,2025-07,22,67273,72441,139714,15.789473684210531,-5.435076889755253
Kuala Tanjung,2025-08,16,89269,78009,167278,60.00000000000001,132.90959468679077
Kuala Tanjung,2025-09,13,51206,52662,103868,-13.33333333333333,-24.792736172153873
Kuala Tanjung,2025-10,17,64679,53182,117861,21.42857142857142,-0.41486413410841694
Kuala Tanjung,2025-11,8,82024,21548,103572,-33.333333333333336,60.41260105938109
Kuala Tanjung,2025-12,12,48203,28083,76286,-25.0,-34.15787747492707
Kuala Tanjung,2026-01,17,62834,60035,122869,70.0,34.07206145519619
Kuala Tanjung,2026-02,23,43469,104192,147661,155.55555555555554,147.82404377087425
Kuala Tanjung,2026-03,25,105850,91847,197697,78.57142857142858,27.20341273211597
Kuala Tanjung,2026-04,27,59262,89955,149217,440.00000000000006,287.93937188019964
Kuala Tanjung,2026-05,39,106962,171107,278069,143.75,122.64043684345376
Kuala Tanjung,2026-06,37,81085,174142,255227,94.73684210526316,88.50548395435578
Kuala Tanjung,2026-07,41,96011,159897,255908,86.36363636363636,83.16560974562319
Kuala Tanjung,2026-08,41,95204,146710,241914,156.25,44.6179413909779
Kumai,2019-01,22,6880,18806,25686,,
Kumai,2019-02,24,14146,38766,52912,,
Kumai,2019-03,22,4360,21210,25570,,
Kumai,2019-04,46,25004,35660,60664,,
Kumai,2019-05,26,13976,15518,29494,,
Kumai,2019-06,20,2772,20316,23088,,
Kumai,2019-07,32,7442,24798,32240,,
Kumai,2019-08,24,8754,7690,16444,,
Kumai,2019-09,36,9122,24450,33572,,
Kumai,2019-10,28,9276,21420,30696,,
Kumai,2019-11,20,7860,17408,25268,,
Kumai,2019-12,24,6062,18126,24188,,
Kumai,2020-01,30,6898,21316,28214,36.36363636363635,9.841937242077403
Kumai,2020-02,26,7174,13236,20410,8.333333333333325,-61.42651950408224
Kumai,2020-03,24,5112,2024,7136,9.090909090909083,-72.09229565897537
Kumai,2020-04,28,3660,34584,38244,-39.13043478260869,-36.957668468943695
Kumai,2020-05,40,10080,25622,35702,53.846153846153854,21.048348816708472
Kumai,2020-06,26,7174,20390,27564,30.000000000000004,19.38669438669438
Kumai,2020-07,20,3850,12130,15980,-37.5,-50.43424317617866
Kumai,2020-08,36,5646,21268,26914,50.0,63.67063974702019
Kumai,2020-09,18,3850,10066,13916,-50.0,-58.54879065888241
Kumai,2020-10,34,5136,29032,34168,21.42857142857142,11.310919989575186
Kumai,2020-11,24,9318,12492,21810,19.999999999999996,-13.685293652050024
Kumai,2020-12,24,4070,28964,33034,0.0,36.5718538118075
Kumai,2021-01,30,12912,26718,39630,0.0,40.46218189551287
Kumai,2021-02,18,6532,13636,20168,-30.76923076923077,-1.185693287604117
Kumai,2021-03,20,6276,6450,12726,-16.666666666666664,78.33520179372198
Kumai,2021-04,26,8232,18170,26402,-7.14285714285714,-30.964334274657467
Kumai,2021-05,34,10274,44538,54812,-15.000000000000002,53.52641308610162
Kumai,2021-06,30,7482,24634,32116,15.384615384615374,16.514294006675367
Kumai,2021-07,30,12994,20638,33632,50.0,110.46307884856068
Kumai,2021-08,36,11332,17886,29218,0.0,8.560600431002463
Kumai,2021-09,22,5682,19120,24802,22.222222222222232,78.22650186835298
Kumai,2021-10,36,10498,27056,37554,5.882352941176472,9.909857176305326
Kumai,2021-11,16,1420,14398,15818,-33.333333333333336,-27.473635946813392
Kumai,2021-12,28,11696,21646,33342,16.666666666666675,0.9323727069080245
Kumai,2022-01,36,13374,26612,39986,19.999999999999996,0.8983093615947624
Kumai,2022-02,16,12266,5880,18146,-11.111111111111116,-10.025783419278067
Kumai,2022-03,12,410,13000,13410,-40.0,5.374823196605383
Kumai,2022-04,20,3850,19388,23238,-23.076923076923073,-11.983940610559806
Kumai,2022-05,32,14560,18048,32608,-5.882352941176472,-40.509377508574765
Kumai,2022-06,24,12024,15640,27664,-19.999999999999996,-13.862249346120315
Kumai,2022-07,10,2156,12356,14512,-66.66666666666667,-56.850618458610846
Kumai,2022-08,28,11540,19300,30840,-22.22222222222222,5.551372441645563
Kumai,2022-09,26,8180,3542,11722,18.181818181818187,-52.737682444964115
Kumai,2022-10,44,5368,72454,77822,22.222222222222232,107.22692655908826
Kumai,2022-11,12,1830,24244,26074,-25.0,64.83752686812491
Kumai,2022-12,28,9762,12654,22416,0.0,-32.769479935216836
Kumai,2023-01,34,6470,9656,16126,-5.555555555555558,-59.670884809683386
Kumai,2023-02,16,410,17112,17522,0.0,-3.4387743855395114
Kumai,2023-03,18,12070,11282,23352,50.0,74.1387024608501
Kumai,2023-04,20,10016,3036,13052,0.0,-43.833376366296584
Kumai,2023-05,24,14492,2110,16602,-25.0,-49.08611383709519
Kumai,2023-06,6,7934,172,8106,-75.0,-70.69838056680162
Kumai,2023-07,0,0,0,0,-100.0,-100.0
Kumai,2023-08,10,7814,324,8138,-64.28571428571428,-73.61219195849546
Kumai,2023-09,10,5598,1316,6914,-61.53846153846154,-41.01689131547518
Kumai,2023-10,12,3726,13166,16892,-72.72727272727273,-78.29405566549305
Kumai,2023-11,4,1700,1340,3040,-66.66666666666667,-88.34087596839764
Kumai,2023-12,2,0,8958,8958,-92.85714285714286,-60.03747323340471
Kumai,2024-01,16,6038,1316,7354,-52.94117647058824,-54.39662656579437
Kumai,2024-02,4,1010,506,1516,-75.0,-91.34801963246206
Kumai,2024-03,26,11510,16160,27670,44.44444444444444,18.490921548475512
Kumai,2024-04,22,12720,21168,33888,10.000000000000009,159.63836959852898
Kumai,2024-05,12,2840,20436,23276,-50.0,40.199975906517295
Kumai,2024-06,10,10448,4032,14480,66.66666666666667,78.63311127559834
Kumai,2024-07,4,0,0,0,inf,
Kumai,2024-08,14,4140,592,4732,39.99999999999999,-41.853035143769965
Kumai,2024-09,22,8858,1690,10548,120.00000000000001,52.56002314145212
Kumai,2024-10,30,13566,19120,32686,150.0,93.49988160075775
Kumai,2024-11,22,6718,11246,17964,450.0,490.921052631579
Kumai,2024-12,16,820,19034,19854,700.0,121.6342933690556
Kumai,2025-01,16,2240,1012,3252,0.0,-55.77916779983683
Kumai,2025-02,16,820,14592,15412,300.0,916.622691292876
Kumai,2025-03,18,2306,506,2812,-30.76923076923077,-89.83736899168775
Kumai,2025-04,18,3612,11800,15412,-18.181818181818176,-54.52077431539188
Kumai,2025-05,10,1592,152,1744,-16.666666666666664,-92.50730366042276
Kumai,2025-06,8,21924,0,21924,-19.999999999999996,51.40883977900552
Kumai,2025-07,12,5400,8304,13704,200.0,inf
Kumai,2025-08,12,2430,5286,7716,-14.28571428571429,63.06001690617076
Kumai,2025-09,6,236,3246,3482,-72.72727272727273,-66.98900265453167
Kumai,2025-10,18,5356,12374,17730,-40.0,-45.75659303677415
Kumai,2025-11,22,3774,7128,10902,0.0,-39.311957247828985
Kumai,2025-12,10,6798,4972,11770,-37.5,-40.71723582149692
Kumai,2026-01,10,1156,4274,5430,-37.5,66.97416974169741
Kumai,2026-02,14,6842,0,6842,-12.5,-55.60602128211782
Kumai,2026-03,18,22268,11648,33916,0.0,1106.1166429587481
Kumai,2026-04,14,9954,1012,10966,-22.22222222222222,-28.847651180898005
Kumai,2026-05,20,9204,16060,25264,100.0,1348.6238532110092
Kumai,2026-06,32,24840,26604,51444,300.0,134.64696223316915
Kumai,2026-07,22,6296,506,6802,83.33333333333333,-50.36485697606538
Kumai,2026-08,42,18366,14686,33052,250.0,328.3566614826335
Kupang,2021-01,9,5741,5690,11431,,
Kupang,2021-02,21,52751,3841,56592,,
Kupang,2021-03,31,85375,20232,105607,,
Kupang,2021-04,26,67755,7878,75633,,
Kupang,2021-05,30,72294,9391,81685,,
Kupang,2021-06,36,102750,8852,111602,,
Kupang,2021-07,37,96023,10773,106796,,
Kupang,2021-08,30,50764,7719,58483,,
Kupang,2021-09,37,64271,6589,70860,,
Kupang,2021-10,43,56907,9673,66580,,
Kupang,2021-11,42,79291,10283,89574,,
Kupang,2021-12,45,118082,15849,133931,,
Kupang,2022-01,37,101265,10065,111330,311.1111111111111,873.930539760301
Kupang,2022-02,27,58387,24565,82952,28.57142857142858,46.57902176986146
LNG Tangguh,2021-01,5,0,82687,82687,,
LNG Tangguh,2021-02,11,0,278287,278287,,
LNG Tangguh,2021-03,16,0,250363,250363,,
LNG Tangguh,2021-04,16,0,332375,332375,,
LNG Tangguh,2021-05,13,0,148092,148092,,
LNG Tangguh,2021-06,16,0,295612,295612,,
LNG Tangguh,2021-07,14,0,202847,202847,,
LNG Tangguh,2021-08,15,0,144162,144162,,
LNG Tangguh,2021-09,15,0,107291,107291,,
LNG Tangguh,2021-10,15,0,275511,275511,,
LNG Tangguh,2021-11,17,0,247150,247150,,
LNG Tangguh,2021-12,19,0,286489,286489,,
LNG Tangguh,2022-01,14,0,217825,217825,179.99999999999997,163.43318780461254
LNG Tangguh,2022-02,9,0,134839,134839,-18.181818181818176,-51.546784434774175
LNG Tangguh,2025-06,5,0,206371,206371,-68.75,-17.571286492013595
LNG Tangguh,2025-07,14,194,236311,236505,-12.5,-28.843926288078226
LNG Tangguh,2025-08,13,47,281902,281949,0.0,90.3877319504092
LNG Tangguh,2025-09,7,0,64508,64508,-56.25,-78.17815244306726
LNG Tangguh,2025-10,11,0,289987,289987,-21.42857142857143,42.95848595246663
LNG Tangguh,2025-11,12,0,303574,303574,-19.999999999999996,110.57837710353628
LNG Tangguh,2025-12,17,0,404964,404964,13.33333333333333,277.4445200436197
LNG Tangguh,2026-01,16,0,377167,377167,6.666666666666665,36.89725637088901
LNG Tangguh,2026-02,16,684,171230,171914,-5.882352941176472,-30.441432328545414
LNG Tangguh,2026-03,16,47,345971,346018,-15.789473684210531,20.778808261399217
LNG Tangguh,2026-04,15,731,86979,87710,7.14285714285714,-59.73373120624355
LNG Tangguh,2026-05,13,637,237967,238604,44.44444444444444,76.95473861419914
LNG Tangguh,2026-06,13,2040,366151,368191,160.0,78.41218000591168
LNG Tangguh,2026-07,9,0,102531,102531,-35.71428571428571,-56.6474281727659
Lafarge,2022-03,0,0,0,0,,
Lafarge,2022-04,1,0,4496,4496,,
Lafarge,2022-05,0,0,0,0,,
Lafarge,2022-06,0,0,0,0,,
Lafarge,2022-07,0,0,0,0,,
Lafarge,2022-08,0,0,0,0,,
Lafarge,2022-09,1,0,9263,9263,,
Lafarge,2022-10,5,602,36569,37171,,
Lafarge,2022-11,1,0,9265,9265,,
Lafarge,2022-12,4,0,35128,35128,,
Lafarge,2023-01,4,0,35445,35445,,
Lafarge,2023-02,4,602,26855,27457,,
Lafarge,2023-03,4,0,31077,31077,inf,inf
Lafarge,2023-04,2,0,18530,18530,100.0,312.14412811387905
Lafarge,2023-05,6,0,41178,41178,inf,inf
Lafarge,2023-06,5,0,36002,36002,inf,inf
Lafarge,2023-07,9,602,61117,61719,inf,inf
Lafarge,2023-08,5,225,23831,24056,inf,inf
Lafarge,2023-09,8,0,57346,57346,700.0,519.086688977653
Lafarge,2023-10,8,0,58506,58506,60.00000000000001,57.39689542923247
Lafarge,2023-11,7,0,31002,31002,600.0,234.61413923367513
Lafarge,2023-12,0,0,0,0,-100.0,-100.0
Lafarge,2024-01,0,0,0,0,-100.0,-100.0
Lafarge,2024-02,2,0,10548,10548,-50.0,-61.58356703208654
Lafarge,2024-03,2,4430,6536,10966,-50.0,-64.7134536795701
Lafarge,2024-04,2,221,9265,9486,0.0,-48.80733944954129
Lafarge,2024-05,3,10106,4496,14602,-50.0,-64.53931711107873
Lafarge,2024-06,0,0,0,0,-100.0,-100.0
Lafarge,2024-07,0,0,0,0,-100.0,-100.0
Lafarge,2024-08,1,2434,0,2434,-80.0,-89.88194213501829
Lafarge,2024-09,0,0,0,0,-100.0,-100.0
Lafarge,2024-10,0,0,0,0,-100.0,-100.0
Lafarge,2024-11,0,0,0,0,-100.0,-100.0
Lafarge,2024-12,0,0,0,0,,
Lafarge,2025-01,1,0,4496,4496,inf,inf
Lafarge,2025-02,0,0,0,0,-100.0,-100.0
Lafarge,2025-03,0,0,0,0,-100.0,-100.0
Lafarge,2025-04,0,0,0,0,-100.0,-100.0
Lafarge,2025-05,0,0,0,0,-100.0,-100.0
Lafarge,2025-06,0,0,0,0,,
Lafarge,2025-07,0,0,0,0,,
Lafarge,2025-08,2,0,6584,6584,100.0,170.5012325390304
Lafarge,2025-09,1,0,3192,3192,inf,inf
Lafarge,2025-10,0,0,0,0,,
Lafarge,2025-11,0,0,0,0,,
Lafarge,2025-12,0,0,0,0,,
Lafarge,2026-01,1,0,8097,8097,0.0,80.09341637010677
Lafarge,2026-02,0,0,0,0,,
Lafarge,2026-03,2,0,1497,1497,inf,inf
Lafarge,2026-04,3,0,15315,15315,inf,inf
Lafarge,2026-05,5,602,18728,19330,inf,inf
Lafarge,2026-06,9,0,42792,42792,inf,inf
Lafarge,2026-07,10,0,52543,52543,inf,inf
Lafarge,2026-08,14,602,84608,85210,600.0,1194.198055893074
Lingkas,2019-01,5,1408,4109,5517,,
Lingkas,2019-02,8,3282,6933,10215,,
Lingkas,2019-03,6,6523,3065,9588,,
Lingkas,2019-04,5,5882,1673,7555,,
Lingkas,2019-05,11,10107,5778,15885,,
Lingkas,2019-06,8,5989,7057,13046,,
Lingkas,2019-07,10,9015,5583,14598,,
Lingkas,2019-08,10,6564,9756,16320,,
Lingkas,2019-09,11,8372,11671,20043,,
Lingkas,2019-10,14,13379,10006,23385,,
Lingkas,2019-11,9,11378,3748,15126,,
Lingkas,2019-12,9,6029,4374,10403,,
Lingkas,2020-01,6,4114,3493,7607,19.999999999999996,37.88290737719775
Lingkas,2020-02,5,1909,2003,3912,-37.5,-61.70337738619677
Lingkas,2020-03,9,6184,9575,15759,50.0,64.36170212765957
Lingkas,2020-04,5,2911,4618,7529,0.0,-0.34414295168762044
Lingkas,2020-05,6,4185,4597,8782,-45.45454545454546,-44.71514006924772
Lingkas,2020-06,7,3412,6256,9668,-12.5,-25.892994021155914
Lingkas,2020-07,10,7076,12942,20018,0.0,37.12837374982874
Lingkas,2020-08,9,3412,4803,8215,-9.999999999999998,-49.662990196078425
Lingkas,2020-09,10,5507,6938,12445,-9.090909090909093,-37.908496732026144
Lingkas,2020-10,8,4729,4728,9457,-42.85714285714286,-59.559546717981604
Lingkas,2020-11,3,1002,1616,2618,-66.66666666666667,-82.69205341795583
Lingkas,2020-12,11,5988,8035,14023,22.222222222222232,34.79765452273382
Lingkas,2021-01,7,2801,6035,8836,16.666666666666675,16.15617194689103
Lingkas,2021-02,6,3708,5879,9587,19.999999999999996,145.06646216768914
Lingkas,2021-03,4,1002,5702,6704,-55.55555555555556,-57.45922964655118
Lingkas,2021-04,7,2300,7966,10266,39.99999999999999,36.352769292070654
Lingkas,2021-05,5,2505,4040,6545,-16.666666666666664,-25.472557503985428
Lingkas,2021-06,9,4211,6450,10661,28.57142857142858,10.270997103847733
Lingkas,2021-07,8,5805,5962,11767,-19.999999999999996,-41.21790388650215
Lingkas,2021-08,7,2802,6832,9634,-22.22222222222222,17.273280584297023
Lingkas,2021-09,10,6076,8811,14887,0.0,19.622338288469265
Lingkas,2021-10,9,6119,5599,11718,12.5,23.908216136195403
Lingkas,2021-11,21,20818,16078,36896,600.0,1309.320091673033
Lingkas,2021-12,22,13072,14427,27499,100.0,96.09926549240532
Lingkas,2022-01,9,6725,7339,14064,28.57142857142858,59.167043911272074
Lingkas,2022-02,10,10323,5961,16284,66.66666666666667,69.85501199541045
Lingkas,2022-03,15,10427,33708,44135,275.0,558.3383054892602
Lingkas,2022-04,10,7506,3564,11070,42.85714285714286,7.831677381648161
Lingkas,2022-05,5,2801,4125,6926,0.0,5.821237585943462
Lingkas,2022-06,11,4195,6014,10209,22.222222222222232,-4.239752368445737
Lingkas,2022-07,11,10031,8455,18486,37.5,57.1003654287414
Lingkas,2022-08,20,24546,25808,50354,185.71428571428572,422.6697114386548
Lingkas,2022-09,21,18202,10947,29149,110.00000000000001,95.80170618660577
Lingkas,2022-10,22,25516,28283,53799,144.44444444444446,359.1141833077317
Lingkas,2022-11,30,29687,9489,39176,42.85714285714286,6.179531656548143
Lingkas,2022-12,23,25717,29511,55228,4.545454545454541,100.83639405069276
Lingkas,2023-01,20,25821,7570,33391,122.22222222222223,137.42178612059158
Lingkas,2023-02,20,20083,11447,31530,100.0,93.62564480471629
Lingkas,2023-03,23,23011,20734,43745,53.33333333333334,-0.8836524300441795
Lingkas,2023-04,20,21732,8800,30532,100.0,175.8084914182475
Lingkas,2023-05,23,27193,8836,36029,359.99999999999994,420.1992492058909
Lingkas,2023-06,24,20225,21760,41985,118.18181818181816,311.2547751983544
Lingkas,2023-07,26,21030,10329,31359,136.36363636363637,69.63648166179811
Lingkas,2023-08,30,26330,8534,34864,50.0,-30.762203598522465
Lingkas,2023-09,27,26861,6647,33508,28.57142857142858,14.954200830217168
Lingkas,2023-10,32,36936,9123,46059,45.45454545454546,-14.386884514582054
Lingkas,2023-11,34,39020,12739,51759,13.33333333333333,32.11915458443946
Lingkas,2023-12,29,29266,41367,70633,26.086956521739136,27.893459839211985
Lingkas,2024-01,27,56048,11674,67722,35.00000000000001,102.81512982540204
Lingkas,2024-02,25,27258,10676,37934,25.0,20.310815096733272
Lingkas,2024-03,25,22010,15947,37957,8.695652173913038,-13.23122642587724
Lingkas,2024-04,25,19886,8681,28567,25.0,-6.435870562033275
Lingkas,2024-05,25,17854,12212,30066,8.695652173913038,-16.550556496155878
Lingkas,2024-06,28,28639,14489,43128,16.666666666666675,2.722400857449081
Lingkas,2024-07,27,18510,9552,28062,3.8461538461538547,-10.513728116330245
Lingkas,2024-08,23,39055,5281,44336,-23.33333333333333,27.168425883432757
Lingkas,2024-09,23,34174,22716,56890,-14.814814814814813,69.78035096096455
Lingkas,2024-10,25,38788,6495,45283,-21.875,-1.6847955882672183
Lingkas,2024-11,26,31942,5672,37614,-23.529411764705888,-27.32858053671825
Lingkas,2024-12,23,34689,29635,64324,-20.68965517241379,-8.932085569068281
Lingkas,2025-01,22,25262,2910,28172,-18.518518518518523,-58.4005197720091
Lingkas,2025-02,15,24142,2958,27100,-40.0,-28.560130753413826
Lingkas,2025-03,23,28020,26018,54038,-7.9999999999999964,42.3663619358748
Lingkas,2025-04,22,24403,5359,29762,-12.0,4.183148388000135
Lingkas,2025-05,25,36675,9411,46086,0.0,53.28277788864497
Lingkas,2025-06,19,26031,10922,36953,-32.14285714285714,-14.317844555741054
Lingkas,2025-07,22,24092,15154,39246,-18.518518518518523,39.854607654479366
Lingkas,2025-08,22,34776,9272,44048,-4.347826086956519,-0.6495849873691784
Lingkas,2025-09,19,25543,16226,41769,-17.391304347826086,-26.579363684303036
Lingkas,2025-10,20,24848,14350,39198,-19.999999999999996,-13.437713932380802
Lingkas,2025-11,15,24450,5853,30303,-42.307692307692314,-19.43691178816398
Lingkas,2025-12,18,26255,8578,34833,-21.739130434782606,-45.847584105466076
Lingkas,2026-01,16,20417,11124,31541,-27.27272727272727,11.958682379667751
Lingkas,2026-02,17,13875,7713,21588,13.33333333333333,-20.339483394833945
Lingkas,2026-03,18,14410,6984,21394,-21.739130434782606,-60.409341574447616
Lingkas,2026-04,19,13437,4660,18097,-13.636363636363635,-39.194274578321355
Lingkas,2026-05,19,12265,9608,21873,-24.0,-52.53873193594585
Lingkas,2026-06,13,13216,3367,16583,-31.57894736842105,-55.12407652964577
Lingkas,2026-07,23,19484,21143,40627,4.545454545454541,3.518829944452939
Lingkas,2026-08,18,12704,4760,17464,-18.181818181818176,-60.352342898656005
Luwuk,2019-01,9,8456,2331,10787,,
Luwuk,2019-02,13,5396,10303,15699,,
Luwuk,2019-03,8,4404,1712,6116,,
Luwuk,2019-04,15,13764,10813,24577,,
Luwuk,2019-05,12,14107,2616,16723,,
Luwuk,2019-06,10,7552,4045,11597,,
Luwuk,2019-07,11,8191,3404,11595,,
Luwuk,2019-08,6,6716,1143,7859,,
Luwuk,2019-09,8,4966,3416,8382,,
Luwuk,2019-10,7,2468,4200,6668,,
Luwuk,2019-11,14,8782,3630,12412,,
Luwuk,2019-12,13,7383,3174,10557,,
Luwuk,2020-01,9,4127,2228,6355,0.0,-41.08649300083434
Luwuk,2020-02,14,5495,4864,10359,7.692307692307687,-34.01490540798777
Luwuk,2020-03,16,9937,5872,15809,100.0,158.48593852190973
Luwuk,2020-04,13,7649,4063,11712,-13.33333333333333,-52.345689058876175
Luwuk,2020-05,16,7410,7102,14512,33.33333333333333,-13.221311965556415
Luwuk,2020-06,16,7803,7055,14858,60.00000000000001,28.119341208933335
Luwuk,2020-07,12,7388,4028,11416,9.090909090909083,-1.5437688658904714
Luwuk,2020-08,11,8153,8024,16177,83.33333333333333,105.84043771472196
Luwuk,2020-09,11,7788,1208,8996,37.5,7.3252207110474865
Luwuk,2020-10,15,9610,4583,14193,114.28571428571428,112.85242951409717
Luwuk,2020-11,13,6246,4943,11189,-7.14285714285714,-9.853367708669026
Luwuk,2020-12,11,4801,2635,7436,-15.384615384615385,-29.563322913706546
Luwuk,2021-01,12,4822,2196,7018,33.33333333333333,10.432730133752944
Luwuk,2021-02,11,5744,6056,11800,-21.42857142857143,13.910609132155605
Luwuk,2021-03,8,3364,2131,5495,-50.0,-65.24131823644758
Luwuk,2021-04,13,4126,1413,5539,0.0,-52.7066256830601
Luwuk,2021-05,8,4270,1962,6232,-50.0,-57.05622932745313
Luwuk,2021-06,12,3700,3381,7081,-25.0,-52.34217256696729
Luwuk,2021-07,10,6242,1278,7520,-16.666666666666664,-34.12754029432376
Luwuk,2021-08,7,2991,1073,4064,-36.36363636363637,-74.8779130864808
Luwuk,2021-09,10,3391,405,3796,-9.090909090909093,-57.80346820809248
Luwuk,2021-10,9,9664,1411,11075,-40.0,-21.96857605862045
Luwuk,2021-11,19,8710,4233,12943,46.153846153846146,15.676110465635883
Luwuk,2021-12,14,8064,4603,12667,27.27272727272727,70.34696073157612
Luwuk,2022-01,15,4357,2301,6658,25.0,-5.129666571672842
Luwuk,2022-02,15,8191,2154,10345,36.36363636363635,-12.330508474576273
Luwuk,2022-03,17,5026,1999,7025,112.5,27.843494085532306
Luwuk,2022-04,16,5461,2511,7972,23.076923076923084,43.92489619064812
Luwuk,2022-05,23,17566,16213,33779,187.5,442.02503209242616
Luwuk,2022-06,23,15750,6607,22357,91.66666666666667,215.73224120886883
Luwuk,2022-07,21,17752,10086,27838,110.00000000000001,270.18617021276594
Luwuk,2022-08,14,8306,4058,12364,100.0,204.23228346456693
Luwuk,2022-09,19,11298,4423,15721,89.99999999999999,314.1464699683878
Luwuk,2022-10,20,10326,4633,14959,122.22222222222223,35.06997742663658
Luwuk,2022-11,16,7050,4076,11126,-15.789473684210531,-14.03847639650776
Luwuk,2022-12,18,9387,5427,14814,28.57142857142858,16.949553959106332
Luwuk,2023-01,20,10435,10785,21220,33.33333333333333,218.7143286272154
Luwuk,2023-02,15,8567,5444,14011,0.0,35.43740937651039
Luwuk,2023-03,17,9628,4055,13683,0.0,94.77580071174376
Luwuk,2023-04,20,8622,3075,11697,25.0,46.72604114400401
Luwuk,2023-05,17,12660,4483,17143,-26.086956521739136,-49.24953373397673
Luwuk,2023-06,19,9363,4746,14109,-17.391304347826086,-36.89224851277005
Luwuk,2023-07,10,9006,1982,10988,-52.38095238095239,-60.52877361879445
Luwuk,2023-08,16,9767,3934,13701,14.28571428571428,10.81365253963118
Luwuk,2023-09,14,6450,1257,7707,-26.315789473684216,-50.9764009923033
Luwuk,2023-10,18,12766,2621,15387,-9.999999999999998,2.8611538204425413
Luwuk,2023-11,6,3584,2016,5600,-62.5,-49.66744562286536
Luwuk,2023-12,5,3830,2081,5911,-72.22222222222221,-60.09855542054813
Luwuk,2024-01,9,5504,5051,10555,-55.00000000000001,-50.259189443920825
Luwuk,2024-02,7,4726,2743,7469,-53.333333333333336,-46.69188494754122
Luwuk,2024-03,5,3584,1577,5161,-70.58823529411764,-62.2816633779142
Luwuk,2024-04,6,5622,3089,8711,-70.0,-25.527913140121395
Luwuk,2024-05,9,5827,3730,9557,-47.05882352941176,-44.251297905850784
Luwuk,2024-06,8,5813,4307,10120,-57.89473684210527,-28.272733716067755
Luwuk,2024-07,7,4963,1577,6540,-30.000000000000004,-40.48052420822715
Luwuk,2024-08,3,2038,1073,3111,-81.25,-77.293628202321
Luwuk,2024-09,3,1142,569,1711,-78.57142857142857,-77.7994031400026
Luwuk,2024-10,5,3476,1110,4586,-72.22222222222221,-70.19561967894975
Luwuk,2024-11,1,1142,569,1711,-83.33333333333334,-69.44642857142857
Luwuk,2024-12,2,1920,704,2624,-60.0,-55.608188123836925
Luwuk,2025-01,2,1920,704,2624,-77.77777777777779,-75.139744197063
Luwuk,2025-02,2,896,1446,2342,-71.42857142857143,-68.64372740661399
Luwuk,2025-03,1,1142,569,1711,-80.0,-66.8475101724472
Luwuk,2025-04,1,8138,0,8138,-83.33333333333334,-6.577890024107447
Luwuk,2025-05,9,5911,8071,13982,0.0,46.30114052526943
Luwuk,2025-06,6,2440,5410,7850,-25.0,-22.430830039525695
Luwuk,2025-07,9,8592,8444,17036,28.57142857142858,160.4892966360856
Luwuk,2025-08,6,4879,3507,8386,100.0,169.55962712954036
Luwuk,2025-09,7,8589,1642,10231,133.33333333333334,497.95441262419644
Luwuk,2025-10,7,3967,2023,5990,39.99999999999999,30.61491495856956
Luwuk,2025-11,7,6074,569,6643,600.0,288.2524839275278
Luwuk,2025-12,7,7191,714,7905,250.0,201.25762195121953
Luwuk,2026-01,10,8348,3870,12218,400.0,365.625
Luwuk,2026-02,7,4890,2681,7571,250.0,223.27070879590093
Luwuk,2026-03,6,4212,2146,6358,500.0,271.59555815312683
Luwuk,2026-04,7,6337,2715,9052,600.0,11.231260752027517
Luwuk,2026-05,3,2934,1577,4511,-66.66666666666667,-67.73709054498642
Luwuk,2026-06,3,1792,1008,2800,-50.0,-64.33121019108282
Luwuk,2026-07,5,2988,1512,4500,-44.44444444444444,-73.5853486733975
Luwuk,2026-08,5,3466,1647,5113,-16.666666666666664,-39.029334605294544
Makassar,2019-01,103,249074,83223,332297,,
Makassar,2019-02,120,379241,75752,454993,,
Makassar,2019-03,126,369649,85848,455497,,
Makassar,2019-04,132,267971,125854,393825,,
Makassar,2019-05,126,292557,133162,425719,,
Makassar,2019-06,95,169374,60674,230048,,
Makassar,2019-07,167,439622,118477,558099,,
Makassar,2019-08,169,422756,186517,609273,,
Makassar,2019-09,169,368655,157351,526006,,
Makassar,2019-10,182,397480,177481,574961,,
Makassar,2019-11,163,320643,142974,463617,,
Makassar,2019-12,167,428985,93150,522135,,
Makassar,2020-01,181,293959,107371,401330,75.72815533980584,20.77448788282772
Makassar,2020-02,154,335620,92821,428441,28.333333333333343,-5.835694175514783
Makassar,2020-03,133,335037,89096,424133,5.555555555555558,-6.885665547742359
Makassar,2020-04,152,357043,168505,525548,15.15151515151516,33.44708944328065
Makassar,2020-05,113,288716,195558,484274,-10.317460317460315,13.754377887761638
Makassar,2020-06,110,280996,105927,386923,15.789473684210531,68.19229030463208
Makassar,2020-07,118,358481,102525,461006,-29.34131736526946,-17.397092630518962
Makassar,2020-08,123,220947,205372,426319,-27.2189349112426,-30.028246779358348
Makassar,2020-09,135,254140,189273,443413,-20.118343195266274,-15.701912145488839
Makassar,2020-10,116,276237,92448,368685,-36.26373626373627,-35.876520320508696
Makassar,2020-11,117,191644,154021,345665,-28.220858895705526,-25.44169001568105
Makassar,2020-12,120,291675,72010,363685,-28.143712574850298,-30.34655788253996
Makassar,2021-01,109,238793,84751,323544,-39.77900552486188,-19.382054668228143
Makassar,2021-02,119,329089,100377,429466,-22.72727272727273,0.2392394752136262
Makassar,2021-03,121,233899,94433,328332,-9.022556390977442,-22.587490244805288
Makassar,2021-04,128,225389,166615,392004,-15.789473684210531,-25.41042873343634
Makassar,2021-05,117,284872,151501,436373,3.539823008849563,-9.89130120551589
Makassar,2021-06,142,247251,133753,381004,29.0909090909091,-1.5297617355391147
Makassar,2021-07,126,325537,124706,450243,6.779661016949157,-2.3346767721027506
Makassar,2021-08,146,338266,131193,469459,18.699186991869922,10.119183053065894
Makassar,2021-09,124,252733,119456,372189,-8.148148148148149,-16.062677458712304
Makassar,2021-10,121,295230,90173,385403,4.31034482758621,4.5344942159295965
Makassar,2021-11,181,345450,121598,467048,54.700854700854705,35.11579130082594
Makassar,2021-12,198,398111,128935,527046,64.99999999999999,44.918267181764435
Makassar,2022-01,193,414946,186920,601866,77.06422018348624,86.02292114828276
Makassar,2022-02,178,340971,154941,495912,49.57983193277311,15.471771921409383
Makassar,2022-03,199,427113,155992,583105,64.46280991735537,77.59615267473168
Makassar,2022-04,169,388822,121382,510204,32.03125,30.1527535433312
Makassar,2022-05,162,364140,126675,490815,38.46153846153846,12.476023951986036
Makassar,2022-06,177,333050,113098,446148,24.64788732394365,17.09798322327325
Makassar,2022-07,191,393148,174928,568076,51.58730158730158,26.170978782568532
Makassar,2022-08,199,455779,113047,568826,36.30136986301369,21.16627863136078
Makassar,2022-09,193,431841,164353,596194,55.64516129032258,60.185819570164625
Makassar,2022-10,198,302451,142633,445084,63.63636363636365,15.485349102108703
Makassar,2022-11,204,368888,139953,508841,12.70718232044199,8.948330792552373
Makassar,2022-12,203,404540,126621,531161,2.5252525252525304,0.7807667641913651
Makassar,2023-01,210,460036,127237,587273,8.808290155440424,-2.4246260795592334
Makassar,2023-02,200,431599,102321,533920,12.35955056179776,7.664263014405792
Makassar,2023-03,213,390260,161598,551858,7.035175879396993,-5.358726129942292
Makassar,2023-04,177,373926,102957,476883,4.7337278106508895,-6.530917044946727
Makassar,2023-05,195,399183,104413,503596,20.370370370370374,2.6040361439646276
Makassar,2023-06,217,448693,114422,563115,22.598870056497166,26.217084913526456
Makassar,2023-07,207,447304,119274,566578,8.37696335078535,-0.2636971109499453
Makassar,2023-08,226,439979,134204,574183,13.567839195979904,0.9417642653465119
Makassar,2023-09,221,377214,156740,533954,14.507772020725396,-10.439554909978966
Makassar,2023-10,237,459869,109914,569783,19.696969696969703,28.016958596579535
Makassar,2023-11,225,413281,154949,568230,10.294117647058831,11.67142584815295
Makassar,2023-12,216,498832,129810,628642,6.403940886699511,18.352439279239242
Makassar,2024-01,216,484084,116649,600733,2.857142857142847,2.2919494000235074
Makassar,2024-02,188,422793,97149,519942,-6.000000000000005,-2.617995205274204
Makassar,2024-03,204,361038,86213,447251,-4.225352112676061,-18.955419691297404
Makassar,2024-04,152,280675,109379,390054,-14.124293785310737,-18.2076106718
Makassar,2024-05,202,396896,114377,511273,3.589743589743599,1.5244362544579282
Makassar,2024-06,188,296204,117239,413443,-13.364055299539167,-26.5792955257807
Makassar,2024-07,215,439255,119539,558794,3.864734299516903,-1.3738620278231806
Makassar,2024-08,212,331643,224508,556151,-6.194690265486724,-3.140462187142423
Makassar,2024-09,201,307749,178684,486433,-9.04977375565611,-8.899830322462233
Makassar,2024-10,221,503363,119384,622747,-6.751054852320671,9.295468625775083
Makassar,2024-11,213,396140,109349,505489,-5.333333333333334,-11.041479682522926
Makassar,2024-12,206,469118,122134,591252,-4.629629629629628,-5.947741321769784
Makassar,2025-01,200,363614,103827,467441,-7.4074074074074066,-22.188226716361513
Makassar,2025-02,201,430595,123173,553768,6.914893617021267,6.505725638628923
Makassar,2025-03,213,310048,145185,455233,4.4117647058823595,1.7846801907653642
Makassar,2025-04,190,299417,133314,432731,25.0,10.941305562819515
Makassar,2025-05,222,304273,131330,435603,9.90099009900991,-14.800312161995643
Makassar,2025-06,209,497631,116312,613943,11.170212765957444,48.49519764514092
Makassar,2025-07,225,408523,112781,521304,4.651162790697683,-6.70909136461737
Makassar,2025-08,223,377962,137273,515235,5.188679245283012,-7.356994773002301
Makassar,2025-09,226,491860,169246,661106,12.43781094527363,35.9089535455037
Makassar,2025-10,240,398629,162061,560690,8.597285067873294,-9.96504198334155
Makassar,2025-11,227,437729,105048,542777,6.572769953051649,7.376619471442503
Makassar,2025-12,227,368258,99625,467883,10.194174757281548,-20.86572223011508
Makassar,2026-01,218,481158,83976,565134,9.000000000000007,20.899535984220474
Makassar,2026-02,185,359061,126338,485399,-7.960199004975122,-12.346144956010463
Makassar,2026-03,192,318023,94650,412673,-9.859154929577462,-9.349058613940553
Makassar,2026-04,210,422608,124335,546943,10.526315789473696,26.393302074498948
Makassar,2026-05,218,347082,136991,484073,-1.8018018018018056,11.127104266958664
Makassar,2026-06,217,473795,94808,568603,3.8277511961722466,-7.385050403701976
Makassar,2026-07,218,466308,113861,580169,-3.111111111111109,11.291875757715264
Makassar,2026-08,195,352055,115335,467390,-12.556053811659195,-9.286053936553218
Manokwari Road,2019-01,24,12937,60154,73091,,
Manokwari Road,2019-02,23,6481,59384,65865,,
Manokwari Road,2019-03,28,91238,62621,153859,,
Manokwari Road,2019-04,22,50461,74209,124670,,
Manokwari Road,2019-05,28,81021,7167,88188,,
Manokwari Road,2019-06,14,6665,68553,75218,,
Manokwari Road,2019-07,31,92020,42961,134981,,
Manokwari Road,2019-08,28,16305,50806,67111,,
Manokwari Road,2019-09,20,74334,53232,127566,,
Manokwari Road,2019-10,27,73322,43124,116446,,
Manokwari Road,2019-11,27,48084,14179,62263,,
Manokwari Road,2019-12,26,46793,12110,58903,,
Manokwari Road,2020-01,32,83913,36256,120169,33.33333333333333,64.41011889288694
Manokwari Road,2020-02,29,172623,73708,246331,26.086956521739136,273.99377514613224
Manokwari Road,2020-03,32,131849,18848,150697,14.28571428571428,-2.0551283967788714
Manokwari Road,2020-04,23,21907,59000,80907,4.545454545454541,-35.10307211037138
Manokwari Road,2020-05,25,69347,86227,155574,-10.71428571428571,76.41175670159205
Manokwari Road,2020-06,29,121290,70224,191514,107.14285714285717,154.6119279959584
Manokwari Road,2020-07,26,20124,69466,89590,-16.129032258064512,-33.627695749772194
Manokwari Road,2020-08,19,51096,18118,69214,-32.14285714285714,3.133614459626588
Manokwari Road,2020-09,23,82903,47643,130546,14.999999999999991,2.336045654798302
Manokwari Road,2020-10,24,18441,10915,29356,-11.111111111111116,-74.79003143087783
Manokwari Road,2020-11,24,29985,8115,38100,-11.111111111111116,-38.80795978349902
Manokwari Road,2020-12,34,70074,69380,139454,30.76923076923077,136.75194811809246
Manokwari Road,2021-01,28,50830,52028,102858,-12.5,-14.405545523387897
Manokwari Road,2021-02,30,95429,18386,113815,3.4482758620689724,-53.79590875691651
Manokwari Road,2021-03,22,24824,12060,36884,-31.25,-75.52439663696026
Manokwari Road,2021-04,22,24084,10552,34636,-4.347826086956519,-57.19035435747216
Manokwari Road,2021-05,24,130701,5906,136607,-4.0000000000000036,-12.19162585007778
Manokwari Road,2021-06,27,122536,53296,175832,-6.896551724137934,-8.188435310212306
Manokwari Road,2021-07,19,12730,59743,72473,-26.923076923076927,-19.105927000781342
Manokwari Road,2021-08,22,50705,20614,71319,15.789473684210531,3.0412922241165097
Manokwari Road,2021-09,24,73810,57238,131048,4.347826086956519,0.38453878326414337
Manokwari Road,2021-10,26,76820,47212,124032,8.333333333333325,322.5098787300722
Manokwari Road,2021-11,36,80440,26937,107377,50.0,181.8293963254593
Manokwari Road,2021-12,32,108657,27515,136172,-5.882352941176472,-2.3534642247622917
Manokwari Road,2022-01,42,75640,50211,125851,50.0,22.3541192712283
Manokwari Road,2022-02,33,124552,47167,171719,10.000000000000009,50.87554364538944
Manokwari Road,2022-03,39,175258,39073,214331,77.27272727272727,481.09478364602535
Manokwari Road,2022-04,33,66367,83653,150020,50.0,333.13315625360895
Manokwari Road,2022-05,27,69762,22198,91960,12.5,-32.68280541992724
Manokwari Road,2022-06,25,43506,27822,71328,-7.4074074074074066,-59.43400518676919
Manokwari Road,2022-07,18,153843,22522,176365,-5.263157894736848,143.3526968664192
Manokwari Road,2022-08,22,18503,6772,25275,0.0,-64.56063601564802
Manokwari Road,2022-09,22,11996,54502,66498,-8.333333333333337,-49.25676088150907
Manokwari Road,2022-10,28,67091,30898,97989,7.692307692307687,-20.99700077399381
Manokwari Road,2022-11,35,84735,22511,107246,-2.777777777777779,-0.12200005587789109
Manokwari Road,2022-12,32,108624,15493,124117,0.0,-8.852774432335575
Manokwari Road,2023-01,28,31327,63059,94386,-33.333333333333336,-25.00178782846382
Manokwari Road,2023-02,29,93230,18851,112081,-12.121212121212121,-34.729994933583356
Manokwari Road,2023-03,37,49669,18688,68357,-5.128205128205132,-68.1068067615044
Manokwari Road,2023-04,27,55708,11079,66787,-18.181818181818176,-55.481269164111445
Manokwari Road,2023-05,29,62505,19372,81877,7.407407407407418,-10.964549804262724
Manokwari Road,2023-06,29,32823,16808,49631,15.999999999999993,-30.418629430237775
Manokwari Road,2023-07,33,39371,69534,108905,83.33333333333333,-38.25021971479602
Manokwari Road,2023-08,37,100760,31357,132117,68.18181818181819,422.7181008902077
Manokwari Road,2023-09,35,90990,59954,150944,59.09090909090908,126.99028542211796
Manokwari Road,2023-10,34,31131,24673,55804,21.42857142857142,-43.05075059445448
Manokwari Road,2023-11,42,44448,28312,72760,19.999999999999996,-32.15597784532756
Manokwari Road,2023-12,38,59360,28745,88105,18.75,-29.0145588436717
Manokwari Road,2024-01,46,83578,22551,106129,64.28571428571428,12.441463776407513
Manokwari Road,2024-02,36,92184,61893,154077,24.13793103448276,37.46933021653982
Manokwari Road,2024-03,41,138290,23526,161816,10.81081081081081,136.7219158242755
Manokwari Road,2024-04,32,57050,66374,123424,18.518518518518512,84.80243161094225
Manokwari Road,2024-05,30,74330,22935,97265,3.4482758620689724,18.794044725625024
Manokwari Road,2024-06,33,20637,13363,34000,13.793103448275868,-31.494428885172574
Manokwari Road,2024-07,37,131021,33798,164819,12.12121212121211,51.34199531701942
Manokwari Road,2024-08,34,32356,27395,59751,-8.108108108108103,-54.77417743363837
Manokwari Road,2024-09,40,81814,61219,143033,14.28571428571428,-5.241016535933851
Manokwari Road,2024-10,32,24352,23090,47442,-5.882352941176472,-14.984588918357112
Manokwari Road,2024-11,30,30364,3836,34200,-28.57142857142857,-52.99615173172072
Manokwari Road,2024-12,42,129476,34085,163561,10.526315789473696,85.6432665569491
Manokwari Road,2025-01,34,86944,38503,125447,-26.086956521739136,18.202376353305883
Manokwari Road,2025-02,26,77578,7668,85246,-27.77777777777778,-44.67311798646132
Manokwari Road,2025-03,36,30837,109398,140235,-12.195121951219512,-13.33675285509468
Manokwari Road,2025-04,33,96574,15198,111772,3.125,-9.440627430645577
Manokwari Road,2025-05,32,74812,22133,96945,6.666666666666665,-0.3289980979797491
Manokwari Road,2025-06,29,23715,16096,39811,-12.121212121212121,17.091176470588245
Manokwari Road,2025-07,35,80751,46565,127316,-5.405405405405405,-22.75405141397533
Manokwari Road,2025-08,33,49657,30872,80529,-2.941176470588236,34.77431340061254
Manokwari Road,2025-09,32,66505,23454,89959,-19.999999999999996,-37.10612236337069
Manokwari Road,2025-10,31,24309,23812,48121,-3.125,1.4312212807217284
Manokwari Road,2025-11,34,127948,30320,158268,13.33333333333333,362.77192982456137
Manokwari Road,2025-12,24,87267,20819,108086,-42.85714285714286,-33.91700955606777
Manokwari Road,2026-01,34,48108,25698,73806,0.0,-41.165591843567405
Manokwari Road,2026-02,34,91047,14690,105737,30.76923076923077,24.03749149520211
Manokwari Road,2026-03,31,102708,20609,123317,-13.888888888888884,-12.064035369201697
Manokwari Road,2026-04,23,22063,3669,25732,-30.303030303030297,-76.97813405861933
Manokwari Road,2026-05,32,29664,20740,50404,0.0,-48.00763319407911
Manokwari Road,2026-06,30,25601,12701,38302,3.4482758620689724,-3.790409685765239
Manokwari Road,2026-07,38,22935,22145,45080,8.571428571428562,-64.59203870683967
Manokwari Road,2026-08,38,104084,28836,132920,15.15151515151516,65.05855033590385
Maumere,2019-01,16,11711,3345,15056,,
Maumere,2019-02,19,13182,1794,14976,,
Maumere,2019-03,16,19320,2813,22133,,
Maumere,2019-04,21,15325,2258,17583,,
Maumere,2019-05,19,13165,7044,20209,,
Maumere,2019-06,14,11251,1868,13119,,
Maumere,2019-07,18,16775,1596,18371,,
Maumere,2019-08,20,25899,684,26583,,
Maumere,2019-09,22,25483,2398,27881,,
Maumere,2019-10,22,20396,5596,25992,,
Maumere,2019-11,24,11996,9970,21966,,
Maumere,2019-12,26,24747,4480,29227,,
Maumere,2020-01,18,27924,4056,31980,12.5,112.40701381509032
Maumere,2020-02,21,23050,4696,27746,10.526315789473696,85.26976495726495
Maumere,2020-03,15,17648,2283,19931,-6.25,-9.948945014232146
Maumere,2020-04,14,20048,2608,22656,-33.333333333333336,28.851731786384583
Maumere,2020-05,11,10227,2060,12287,-42.10526315789473,-39.200356276906334
Maumere,2020-06,10,10425,1372,11797,-28.57142857142857,-10.0769875752725
Maumere,2020-07,11,14090,1458,15548,-38.888888888888886,-15.36661041859453
Maumere,2020-08,15,20786,4120,24906,-25.0,-6.308543053831395
Maumere,2020-09,17,27924,3296,31220,-22.72727272727273,11.975897564649763
Maumere,2020-10,24,38977,3987,42964,9.090909090909083,65.29701446598955
Maumere,2020-11,24,39362,4341,43703,0.0,98.95747974141855
Maumere,2020-12,19,35167,3432,38599,-26.923076923076927,32.066240120436575
Maumere,2021-01,19,31075,2952,34027,5.555555555555558,6.400875547217
Maumere,2021-02,18,18681,3495,22176,-14.28571428571429,-20.074965760830388
Maumere,2021-03,16,12875,3541,16416,6.666666666666665,-17.63584366062917
Maumere,2021-04,16,24826,2328,27154,14.28571428571428,19.8534604519774
Maumere,2021-05,13,19421,2396,21817,18.181818181818187,77.56165052494507
Maumere,2021-06,14,24033,3564,27597,39.99999999999999,133.93235568364838
Maumere,2021-07,11,11401,6054,17455,0.0,12.265243118085923
Maumere,2021-08,9,11642,1901,13543,-40.0,-45.62354452742311
Maumere,2021-09,21,27796,4843,32639,23.529411764705888,4.545163356822557
Maumere,2021-10,25,37913,4112,42025,4.166666666666674,-2.1855506936039437
Maumere,2021-11,13,18483,2880,21363,-45.833333333333336,-51.11777223531566
Maumere,2021-12,20,27325,3700,31025,5.263157894736836,-19.622270006995002
Maumere,2022-01,21,23693,5347,29040,10.526315789473696,-14.656008463866932
Maumere,2022-02,16,17921,3249,21170,-11.111111111111116,-4.5364357864357885
Maumere,2022-03,11,15744,3496,19240,-31.25,17.202729044834307
Maumere,2022-04,10,16952,2060,19012,-37.5,-29.984532665537312
Maumere,2022-05,18,26861,4077,30938,38.46153846153846,41.80684787092635
Maumere,2022-06,19,21006,4983,25989,35.71428571428572,-5.826720295684318
Maumere,2022-07,16,25000,2884,27884,45.45454545454546,59.74792323116584
Maumere,2022-08,13,22147,2060,24207,44.44444444444444,78.74178542420438
Maumere,2022-09,13,14384,3169,17553,-38.095238095238095,-46.220778822880604
Maumere,2022-10,7,9050,1648,10698,-72.0,-74.54372397382511
Maumere,2022-11,14,12006,4240,16246,7.692307692307687,-23.952628376164398
Maumere,2022-12,13,19001,1236,20237,-35.0,-34.77195809830782
Maumere,2023-01,17,15985,4791,20776,-19.047619047619047,-28.45730027548209
Maumere,2023-02,10,13116,1802,14918,-37.5,-29.53235710911667
Maumere,2023-03,12,19212,3311,22523,9.090909090909083,17.06340956340957
Maumere,2023-04,12,14625,4408,19033,19.999999999999996,0.11045655375552244
Maumere,2023-05,12,25862,1372,27234,-33.333333333333336,-11.972331760294786
Maumere,2023-06,12,16770,2710,19480,-36.8421052631579,-25.045211435607374
Maumere,2023-07,10,10872,7839,18711,-37.5,-32.89700186486875
Maumere,2023-08,14,13274,11132,24406,7.692307692307687,0.8220762589333575
Maumere,2023-09,12,25459,3135,28594,-7.692307692307687,62.90092861619097
Maumere,2023-10,15,37046,4046,41092,114.28571428571428,284.1091792858478
Maumere,2023-11,14,30370,2676,33046,0.0,103.41007017111905
Maumere,2023-12,17,34976,4960,39936,30.76923076923077,97.34150318723131
Maumere,2024-01,14,28268,3855,32123,-17.647058823529417,54.615902964959574
Maumere,2024-02,11,26305,2742,29047,10.000000000000009,94.7110872771149
Maumere,2024-03,7,10133,988,11121,-41.666666666666664,-50.623806775296366
Maumere,2024-04,8,19620,1682,21302,-33.333333333333336,11.921399674249988
Maumere,2024-05,15,16981,3049,20030,25.0,-26.45222883160755
Maumere,2024-06,12,18170,1648,19818,0.0,1.7351129363449624
Maumere,2024-07,10,12545,2128,14673,0.0,-21.58088824755492
Maumere,2024-08,11,16598,6076,22674,-21.42857142857143,-7.096615586331234
Maumere,2024-09,10,10394,1372,11766,-16.666666666666664,-58.8515073092257
Maumere,2024-10,13,10571,1852,12423,-13.33333333333333,-69.76783802199942
Maumere,2024-11,13,14791,8200,22991,-7.14285714285714,-30.427283181020393
Maumere,2024-12,12,12366,3338,15704,-29.411764705882348,-60.67708333333333
Maumere,2025-01,12,18924,3904,22828,-14.28571428571429,-28.935653581545928
Maumere,2025-02,9,11353,2360,13713,-18.181818181818176,-52.79030536716356
Maumere,2025-03,14,12893,1784,14677,100.0,31.97554176782664
Maumere,2025-04,13,13610,3234,16844,62.5,-20.92761243075768
Maumere,2025-05,7,4098,796,4894,-53.333333333333336,-75.56665002496256
Maumere,2025-06,5,5334,136,5470,-58.33333333333333,-72.39882934705824
Maumere,2025-07,13,6490,1942,8432,30.000000000000004,-42.53390581339877
Maumere,2025-08,6,0,250,250,-45.45454545454546,-98.89741554203052
Maumere,2025-09,7,7346,1114,8460,-30.000000000000004,-28.097909229984698
Maumere,2025-10,7,5853,932,6785,-46.15384615384615,-45.38356274651856
Maumere,2025-11,6,6900,824,7724,-53.84615384615385,-66.40424513940238
Maumere,2025-12,10,16280,7346,23626,-16.666666666666664,50.44574630667347
Maumere,2026-01,9,13128,3240,16368,-25.0,-28.298580690380238
Maumere,2026-02,5,8434,412,8846,-44.44444444444444,-35.49186902938817
Maumere,2026-03,4,5757,1236,6993,-71.42857142857143,-52.35402330176466
Maumere,2026-04,9,13123,1853,14976,-30.76923076923077,-11.090002374732844
Maumere,2026-05,7,10579,2060,12639,0.0,158.25500612995506
Maumere,2026-06,14,20045,2135,22180,179.99999999999997,305.4844606946983
Maumere,2026-07,19,24708,9558,34266,46.153846153846146,306.38045540796963
Maumere,2026-08,16,20106,2284,22390,166.66666666666666,8856.0
Merak Mas Terminal,2019-01,43,113524,72279,185803,,
Merak Mas Terminal,2019-02,49,157449,76420,233869,,
Merak Mas Terminal,2019-03,45,98080,141274,239354,,
Merak Mas Terminal,2019-04,55,206515,97653,304168,,
Merak Mas Terminal,2019-05,34,191375,74700,266075,,
Merak Mas Terminal,2019-06,27,39164,59760,98924,,
Merak Mas Terminal,2019-07,53,286394,103516,389910,,
Merak Mas Terminal,2019-08,78,351729,149226,500955,,
Merak Mas Terminal,2019-09,46,172812,89644,262456,,
Merak Mas Terminal,2019-10,70,180644,57525,238169,,
Merak Mas Terminal,2019-11,79,225745,149104,374849,,
Merak Mas Terminal,2019-12,85,234718,133227,367945,,
Merak Mas Terminal,2020-01,76,161386,137173,298559,76.74418604651163,60.68578010042896
Merak Mas Terminal,2020-02,88,240954,123121,364075,79.59183673469387,55.67475809106808
Merak Mas Terminal,2020-03,87,391517,146520,538037,93.33333333333333,124.78713537271156
Merak Mas Terminal,2020-04,82,233019,96927,329946,49.09090909090909,8.47492175376765
Merak Mas Terminal,2020-05,74,185497,180532,366029,117.64705882352939,37.56609978389551
Merak Mas Terminal,2020-06,76,155288,135185,290473,181.4814814814815,193.63248554445835
Merak Mas Terminal,2020-07,82,128995,102776,231771,54.71698113207548,-40.55782103562361
Merak Mas Terminal,2020-08,90,284028,122945,406973,15.384615384615374,-18.760567316425625
Merak Mas Terminal,2020-09,102,231464,179507,410971,121.73913043478262,56.58662785381168
Merak Mas Terminal,2020-10,90,281988,181273,463261,28.57142857142858,94.50936099996221
Merak Mas Terminal,2020-11,51,246952,130795,377747,-35.44303797468354,0.7731113061526074
Merak Mas Terminal,2020-12,60,144382,104078,248460,-29.411764705882348,-32.47360339181128
Merak Mas Terminal,2021-01,61,143872,121956,265828,-19.736842105263154,-10.962992239389868
Merak Mas Terminal,2021-02,62,252976,109020,361996,-29.54545454545454,-0.5710361875987058
Merak Mas Terminal,2021-03,58,210553,64659,275212,-33.333333333333336,-48.848870988426455
Merak Mas Terminal,2021-04,64,100541,83381,183922,-21.95121951219512,-44.25693901426294
Merak Mas Terminal,2021-05,48,151730,63934,215664,-35.13513513513513,-41.08007835444732
Merak Mas Terminal,2021-06,49,177654,136807,314461,-35.526315789473685,8.25825463984604
Merak Mas Terminal,2021-07,58,195137,81515,276652,-29.268292682926834,19.364372591911838
Merak Mas Terminal,2021-08,51,90646,74687,165333,-43.333333333333336,-59.3749462495055
Merak Mas Terminal,2021-09,50,88020,150063,238083,-50.98039215686274,-42.068175126712106
Merak Mas Terminal,2021-10,51,232154,89499,321653,-43.333333333333336,-30.5676497697842
Merak Mas Terminal,2021-11,65,199941,75568,275509,27.450980392156854,-27.065205018173543
Merak Mas Terminal,2021-12,61,213069,63726,276795,1.6666666666666607,11.404250181115682
Merak Mas Terminal,2022-01,49,118057,86756,204813,-19.672131147540984,-22.95281159245828
Merak Mas Terminal,2022-02,68,213311,69680,282991,9.677419354838701,-21.82482679366623
Merak Mas Terminal,2022-03,64,176805,83595,260400,10.344827586206895,-5.382032760199406
Merak Mas Terminal,2022-04,58,195122,132071,327193,-9.375,77.89769576233402
Merak Mas Terminal,2022-05,55,200187,103005,303192,14.583333333333325,40.58535499666147
Merak Mas Terminal,2022-06,65,253119,199261,452380,32.65306122448979,43.85885690117375
Merak Mas Terminal,2022-07,79,298205,276317,574522,36.206896551724135,107.66956320576031
Merak Mas Terminal,2022-08,87,305043,200663,505706,70.58823529411764,205.8711811918976
Merak Mas Terminal,2022-09,86,269229,189643,458872,72.0,92.7361466379372
Merak Mas Terminal,2022-10,92,231300,139982,371282,80.3921568627451,15.429360211159239
Merak Mas Terminal,2022-11,73,347331,112383,459714,12.307692307692308,66.85988479505207
Merak Mas Terminal,2022-12,75,226115,107537,333652,22.95081967213115,20.541194747014945
Merak Mas Terminal,2023-01,69,360420,94584,455004,40.816326530612244,122.15582018719515
Merak Mas Terminal,2023-02,65,214452,137978,352430,-4.411764705882348,24.53752946206771
Merak Mas Terminal,2023-03,70,349508,116025,465533,9.375,78.77611367127497
Merak Mas Terminal,2023-04,69,177052,90974,268026,18.965517241379317,-18.083210826637487
Merak Mas Terminal,2023-05,79,251078,220759,471837,43.636363636363626,55.623169476767195
Merak Mas Terminal,2023-06,69,187104,134137,321241,6.153846153846154,-28.988682081435957
Merak Mas Terminal,2023-07,63,207754,113962,321716,-20.253164556962023,-44.00284062229123
Merak Mas Terminal,2023-08,73,310370,181218,491588,-16.09195402298851,-2.7917406556378643
Merak Mas Terminal,2023-09,77,308157,178053,486210,-10.465116279069765,5.957652678742664
Merak Mas Terminal,2023-10,72,234459,89884,324343,-21.739130434782606,-12.642411967183975
Merak Mas Terminal,2023-11,87,257071,246716,503787,19.17808219178083,9.58704759915947
Merak Mas Terminal,2023-12,64,324619,167663,492282,-14.66666666666666,47.54354836776042
Merak Mas Terminal,2024-01,67,230943,133031,363974,-2.898550724637683,-20.006417525999776
Merak Mas Terminal,2024-02,89,400951,177147,578098,36.92307692307693,64.0320063558721
Merak Mas Terminal,2024-03,94,378383,143036,521419,34.28571428571428,12.004734358251735
Merak Mas Terminal,2024-04,82,216274,112200,328474,18.840579710144922,22.553035899502284
Merak Mas Terminal,2024-05,91,266878,119651,386529,15.189873417721511,-18.07997253288741
Merak Mas Terminal,2024-06,90,236674,120079,356753,30.434782608695656,11.054628767809827
Merak Mas Terminal,2024-07,108,320434,143236,463670,71.42857142857142,44.12400999639434
Merak Mas Terminal,2024-08,74,216884,101293,318177,1.3698630136986356,-35.27567800678617
Merak Mas Terminal,2024-09,83,341807,108904,450711,7.792207792207795,-7.30116616276918
Merak Mas Terminal,2024-10,89,290434,244925,535359,23.611111111111114,65.05952032262141
Merak Mas Terminal,2024-11,96,378364,152517,530881,10.344827586206895,5.378066524146119
Merak Mas Terminal,2024-12,102,442862,146041,588903,59.375,19.627164917669138
Merak Mas Terminal,2025-01,102,329060,165081,494141,52.23880597014925,35.76271931511592
Merak Mas Terminal,2025-02,102,418728,244283,663011,14.606741573033698,14.688340039232095
Merak Mas Terminal,2025-03,84,415871,225688,641559,-10.63829787234043,23.04097088905468
Merak Mas Terminal,2025-04,75,212889,314516,527405,-8.536585365853655,60.56217539287736
Merak Mas Terminal,2025-05,88,384958,269455,654413,-3.296703296703296,69.30501980446486
Merak Mas Terminal,2025-06,73,315664,131252,446916,-18.88888888888889,25.27322825596421
Merak Mas Terminal,2025-07,76,342287,205867,548154,-29.629629629629626,18.22071732050812
Merak Mas Terminal,2025-08,89,336003,364762,700765,20.270270270270263,120.24376369127876
Merak Mas Terminal,2025-09,74,177967,92052,270019,-10.843373493975905,-40.09043489065055
Merak Mas Terminal,2025-10,61,267136,154837,421973,-31.46067415730337,-21.179432866543756
Merak Mas Terminal,2025-11,72,361007,144786,505793,-25.0,-4.725729494933894
Merak Mas Terminal,2025-12,87,209430,156058,365488,-14.70588235294118,-37.93748715832659
Merak Mas Terminal,2026-01,86,296372,179198,475570,-15.686274509803921,-3.75823904513084
Merak Mas Terminal,2026-02,79,260140,123392,383532,-22.549019607843135,-42.15299595330998
Merak Mas Terminal,2026-03,66,227334,96140,323474,-21.42857142857143,-49.5800074506008
Merak Mas Terminal,2026-04,79,180132,86963,267095,5.333333333333323,-49.35675619305847
Merak Mas Terminal,2026-05,94,228093,118900,346993,6.818181818181812,-46.97645065119428
Merak Mas Terminal,2026-06,69,178548,76774,255322,-5.47945205479452,-42.87024854782554
Merak Mas Terminal,2026-07,88,267574,102951,370525,15.789473684210531,-32.40494459586175
Merak Mas Terminal,2026-08,68,207785,76636,284421,-23.59550561797753,-59.412784599687484
Merauke,2019-01,15,13489,2324,15813,,
Merauke,2019-02,12,13271,3071,16342,,
Merauke,2019-03,12,10588,1535,12123,,
Merauke,2019-04,9,4848,1334,6182,,
Merauke,2019-05,13,9138,4284,13422,,
Merauke,2019-06,13,8380,2186,10566,,
Merauke,2019-07,15,12387,4263,16650,,
Merauke,2019-08,20,18801,7772,26573,,
Merauke,2019-09,11,8331,2062,10393,,
Merauke,2019-10,11,10268,2128,12396,,
Merauke,2019-11,11,8324,1961,10285,,
Merauke,2019-12,16,13603,2967,16570,,
Merauke,2020-01,13,12044,3058,15102,-13.33333333333333,-4.496300512236773
Merauke,2020-02,15,10786,1458,12244,25.0,-25.07649002570065
Merauke,2020-03,14,8148,349,8497,16.666666666666675,-29.91008826198136
Merauke,2020-04,14,8125,2939,11064,55.55555555555556,78.97120672921385
Merauke,2020-05,11,8198,1498,9696,-15.384615384615385,-27.76039338399643
Merauke,2020-06,13,11838,1209,13047,0.0,23.480976717773984
Merauke,2020-07,10,8215,728,8943,-33.333333333333336,-46.28828828828829
Merauke,2020-08,16,13678,3535,17213,-19.999999999999996,-35.22372332819027
Merauke,2020-09,15,12719,1931,14650,36.36363636363635,40.9602617146156
Merauke,2020-10,15,19252,2896,22148,36.36363636363635,78.67053888351082
Merauke,2020-11,11,8763,156,8919,0.0,-13.281477880408366
Merauke,2020-12,17,14413,3618,18031,6.25,8.817139408569696
Merauke,2021-01,18,9050,11587,20637,38.46153846153846,36.65077473182361
Merauke,2021-02,12,9026,2182,11208,-19.999999999999996,-8.461287161058472
Merauke,2021-03,17,9232,5559,14791,21.42857142857142,74.07320230669647
Merauke,2021-04,16,11114,7944,19058,14.28571428571428,72.25234996384671
Merauke,2021-05,15,14992,6328,21320,36.36363636363635,119.88448844884489
Merauke,2021-06,15,13164,7341,20505,15.384615384615374,57.16256610715107
Merauke,2021-07,16,15697,6076,21773,60.00000000000001,143.46416191434642
Merauke,2021-08,16,17513,5034,22547,0.0,30.98820658804391
Merauke,2021-09,16,13944,3862,17806,6.666666666666665,21.542662116040944
Merauke,2021-10,22,25344,5170,30514,46.66666666666666,37.773162362290044
Merauke,2021-11,21,14094,4112,18206,90.90909090909092,104.12602309675974
Merauke,2021-12,20,11032,7275,18307,17.647058823529417,1.5306971327158747
Merauke,2022-01,20,12297,6314,18611,11.111111111111116,-9.817318408683429
Merauke,2022-02,13,11922,5628,17550,8.333333333333325,56.58458244111348
Merauke,2022-03,15,14376,2691,17067,-11.764705882352944,15.387735785274836
Merauke,2022-04,16,7838,4751,12589,0.0,-33.943750655892536
Merauke,2022-05,13,7866,1073,8939,-13.33333333333333,-58.072232645403375
Merauke,2022-06,15,10755,9422,20177,0.0,-1.59960985125579
Merauke,2022-07,12,6182,5946,12128,-25.0,-44.297983741331
Merauke,2022-08,15,14998,2017,17015,-6.25,-24.53541491107465
Merauke,2022-09,19,14639,3680,18319,18.75,2.881051331012019
Merauke,2022-10,19,17546,4030,21576,-13.636363636363635,-29.291472766598936
Merauke,2022-11,13,15377,4886,20263,-38.095238095238095,11.29847303086895
Merauke,2022-12,15,13814,5623,19437,-25.0,6.17250232151636
Merauke,2023-01,17,16694,3843,20537,-15.000000000000002,10.348718499811937
Merauke,2023-02,14,11238,6068,17306,7.692307692307687,-1.3903133903133913
Merauke,2023-03,18,13640,8813,22453,19.999999999999996,31.557977383254233
Merauke,2023-04,17,13351,6695,20046,6.25,59.23425212487092
Merauke,2023-05,13,4399,3202,7601,0.0,-14.968117239064771
Merauke,2023-06,14,5203,3224,8427,-6.666666666666665,-58.23462358130544
Merauke,2023-07,17,12629,5147,17776,41.66666666666667,46.569920844327186
Merauke,2023-08,18,17098,3891,20989,19.999999999999996,23.355862474287402
Merauke,2023-09,17,14683,2655,17338,-10.526315789473683,-5.355095802172604
Merauke,2023-10,19,12640,7242,19882,0.0,-7.8513162773452
Merauke,2023-11,12,10447,2599,13046,-7.692307692307687,-35.616641168632476
Merauke,2023-12,13,10429,512,10941,-13.33333333333333,-43.71044914338632
Merauke,2024-01,18,18358,885,19243,5.882352941176472,-6.300822905000736
Merauke,2024-02,10,13470,312,13782,-28.57142857142857,-20.362879926037213
Merauke,2024-03,14,13319,7456,20775,-22.22222222222222,-7.473388856722929
Merauke,2024-04,14,10872,6550,17422,-17.647058823529417,-13.089893245535267
Merauke,2024-05,15,11101,4201,15302,15.384615384615374,101.31561636626758
Merauke,2024-06,11,16041,156,16197,-21.42857142857143,92.20363118547526
Merauke,2024-07,11,8488,2176,10664,-35.29411764705882,-40.00900090009001
Merauke,2024-08,13,15104,1444,16548,-27.77777777777778,-21.15870217733098
Merauke,2024-09,12,9056,408,9464,-29.411764705882348,-45.414696043372935
Merauke,2024-10,13,12232,234,12466,-31.57894736842105,-37.30007041545116
Merauke,2024-11,13,9153,4104,13257,8.333333333333325,1.6173539782308843
Merauke,2024-12,18,13228,4551,17779,38.46153846153846,62.49885750845443
Merauke,2025-01,15,11020,3541,14561,-16.666666666666664,-24.33092553136206
Merauke,2025-02,12,11482,2013,13495,19.999999999999996,-2.0824263532143394
Merauke,2025-03,16,15710,4035,19745,14.28571428571428,-4.957882069795428
Merauke,2025-04,13,11521,8901,20422,-7.14285714285714,17.21960739295143
Merauke,2025-05,12,9314,1167,10481,-19.999999999999996,-31.505685531303097
Merauke,2025-06,16,9754,4235,13989,45.45454545454546,-13.632154102611594
Merauke,2025-07,13,12932,1692,14624,18.181818181818187,37.13428357089272
Merauke,2025-08,14,16260,1770,18030,7.692307692307687,8.9557650471356
Merauke,2025-09,15,14619,481,15100,25.0,59.55198647506339
Merauke,2025-10,16,14853,2833,17686,23.076923076923084,41.873896999839566
Merauke,2025-11,16,14821,7655,22476,23.076923076923084,69.54062004978503
Merauke,2025-12,13,9202,4044,13246,-27.77777777777778,-25.496372124416446
Merauke,2026-01,12,13174,6067,19241,-19.999999999999996,32.1406496806538
Merauke,2026-02,11,11127,3077,14204,-8.333333333333337,5.253797702852903
Merauke,2026-03,12,10392,2848,13240,-25.0,-32.945049379589776
Merauke,2026-04,16,10320,9515,19835,23.076923076923084,-2.874351189893254
Merauke,2026-05,16,13674,6640,20314,33.33333333333333,93.81738383742008
Merauke,2026-06,16,19627,8325,27952,0.0,99.81413968117808
Merauke,2026-07,18,21976,6138,28114,38.46153846153846,92.2456236323851
Merauke,2026-08,12,12500,5671,18171,-14.28571428571429,0.7820299500831851
Muntok,2019-01,0,0,0,0,,
Muntok,2019-02,0,0,0,0,,
Muntok,2019-03,0,0,0,0,,
Muntok,2019-04,0,0,0,0,,
Muntok,2019-05,0,0,0,0,,
Muntok,2019-06,0,0,0,0,,
Muntok,2019-07,0,0,0,0,,
Muntok,2019-08,0,0,0,0,,
Muntok,2019-09,1,0,0,0,,
Muntok,2019-10,1,0,0,0,,
Muntok,2019-11,0,0,0,0,,
Muntok,2019-12,3,0,0,0,,
Muntok,2020-01,0,0,0,0,,
Muntok,2020-02,0,0,0,0,,
Muntok,2020-03,0,0,0,0,,
Muntok,2020-04,0,0,0,0,,
Muntok,2020-05,0,0,0,0,,
Muntok,2020-06,0,0,0,0,,
Muntok,2020-07,0,0,0,0,,
Muntok,2020-08,0,0,0,0,,
Muntok,2020-09,0,0,0,0,-100.0,
Muntok,2020-10,0,0,0,0,-100.0,
Muntok,2020-11,0,0,0,0,,
Muntok,2020-12,0,0,0,0,-100.0,
Muntok,2021-01,0,0,0,0,,
Muntok,2021-02,0,0,0,0,,
Muntok,2021-03,0,0,0,0,,
Muntok,2021-04,0,0,0,0,,
Muntok,2021-05,0,0,0,0,,
Muntok,2021-06,0,0,0,0,,
Muntok,2021-07,0,0,0,0,,
Muntok,2021-08,0,0,0,0,,
Muntok,2021-09,0,0,0,0,,
Muntok,2021-10,0,0,0,0,,
Muntok,2021-11,0,0,0,0,,
Muntok,2021-12,0,0,0,0,,
Muntok,2022-01,0,0,0,0,,
Muntok,2022-02,0,0,0,0,,
Muntok,2022-03,0,0,0,0,,
Muntok,2022-04,0,0,0,0,,
Muntok,2022-05,0,0,0,0,,
Muntok,2022-06,0,0,0,0,,
Muntok,2022-07,0,0,0,0,,
Muntok,2022-08,0,0,0,0,,
Muntok,2022-09,0,0,0,0,,
Muntok,2022-10,0,0,0,0,,
Muntok,2022-11,0,0,0,0,,
Muntok,2022-12,0,0,0,0,,
Muntok,2023-01,0,0,0,0,,
Muntok,2023-02,0,0,0,0,,
Muntok,2023-03,0,0,0,0,,
Muntok,2023-04,0,0,0,0,,
Muntok,2023-05,0,0,0,0,,
Muntok,2023-06,0,0,0,0,,
Muntok,2023-07,2,0,0,0,inf,
Muntok,2023-08,2,0,0,0,inf,
Muntok,2023-09,2,0,0,0,inf,
Muntok,2023-10,0,0,0,0,,
Muntok,2023-11,0,0,0,0,,
Muntok,2023-12,0,0,0,0,,
Muntok,2024-01,0,0,0,0,,
Muntok,2024-02,0,0,0,0,,
Muntok,2024-03,0,0,0,0,,
Muntok,2024-04,0,0,0,0,,
Muntok,2024-05,0,0,0,0,,
Muntok,2024-06,0,0,0,0,,
Muntok,2024-07,0,0,0,0,-100.0,
Muntok,2024-08,0,0,0,0,-100.0,
Muntok,2024-09,0,0,0,0,-100.0,
Muntok,2024-10,0,0,0,0,,
Muntok,2024-11,0,0,0,0,,
Muntok,2024-12,0,0,0,0,,
Muntok,2025-01,0,0,0,0,,
Muntok,2025-02,0,0,0,0,,
Muntok,2025-03,0,0,0,0,,
Muntok,2025-04,0,0,0,0,,
Muntok,2025-05,0,0,0,0,,
Muntok,2025-06,0,0,0,0,,
Muntok,2025-07,0,0,0,0,,
Muntok,2025-08,0,0,0,0,,
Muntok,2025-09,0,0,0,0,,
Muntok,2025-10,0,0,0,0,,
Muntok,2025-11,0,0,0,0,,
Muntok,2025-12,0,0,0,0,,
Muntok,2026-01,0,0,0,0,,
Muntok,2026-02,0,0,0,0,,
Muntok,2026-03,0,0,0,0,,
Muntok,2026-04,0,0,0,0,,
Muntok,2026-05,0,0,0,0,,
Muntok,2026-06,0,0,0,0,,
Muntok,2026-07,0,0,0,0,,
Muntok,2026-08,0,0,0,0,,
PLTU Nagan Raya,2019-01,18,125379,413615,538994,,
PLTU Nagan Raya,2019-02,20,329968,325741,655709,,
PLTU Nagan Raya,2019-03,18,115377,482254,597631,,
PLTU Nagan Raya,2019-04,20,317723,521581,839304,,
PLTU Nagan Raya,2019-05,17,212871,346026,558897,,
PLTU Nagan Raya,2019-06,27,156106,604479,760585,,
PLTU Nagan Raya,2019-07,27,155510,766594,922104,,
PLTU Nagan Raya,2019-08,27,153680,926989,1080669,,
PLTU Nagan Raya,2019-09,16,198638,414529,613167,,
PLTU Nagan Raya,2019-10,23,248675,507378,756053,,
PLTU Nagan Raya,2019-11,15,213093,258602,471695,,
PLTU Nagan Raya,2019-12,18,131754,528111,659865,,
PLTU Nagan Raya,2020-01,19,105401,458693,564094,5.555555555555558,4.656823638110996
PLTU Nagan Raya,2020-02,20,224032,504124,728156,0.0,11.048651154704302
PLTU Nagan Raya,2020-03,21,178280,624799,803079,16.666666666666675,34.37706544673886
PLTU Nagan Raya,2020-04,15,107477,358245,465722,-25.0,-44.5109281023324
PLTU Nagan Raya,2020-05,16,79550,395455,475005,-5.882352941176472,-15.010279174874796
PLTU Nagan Raya,2020-06,12,110466,311545,422011,-55.55555555555556,-44.51494573256112
PLTU Nagan Raya,2020-07,19,165929,451845,617774,-29.629629629629626,-33.00386941169325
PLTU Nagan Raya,2020-08,30,171497,848979,1020476,11.111111111111116,-5.569975635462843
PLTU Nagan Raya,2020-09,29,218516,811254,1029770,81.25,67.94282797345585
PLTU Nagan Raya,2020-10,27,197729,795249,992978,17.391304347826097,31.337088801975522
PLTU Nagan Raya,2020-11,15,160175,480262,640437,0.0,35.77354010536469
PLTU Nagan Raya,2020-12,27,266376,711586,977962,50.0,48.2063755465133
PLTU Nagan Raya,2021-01,24,161404,796709,958113,26.315789473684205,69.84988317549912
PLTU Nagan Raya,2021-02,15,121097,346286,467383,-25.0,-35.8127928630678
PLTU Nagan Raya,2021-03,20,143995,523868,667863,-4.761904761904767,-16.837197834833184
PLTU Nagan Raya,2021-04,13,108841,386922,495763,-13.33333333333333,6.450414625033818
PLTU Nagan Raya,2021-05,12,47952,406082,454034,-25.0,-4.4149008957800495
PLTU Nagan Raya,2021-06,15,63939,557001,620940,25.0,47.138344735089845
PLTU Nagan Raya,2021-07,22,165616,567430,733046,15.789473684210531,18.659250793979677
PLTU Nagan Raya,2021-08,24,145832,740503,886335,-19.999999999999996,-13.144944124114632
PLTU Nagan Raya,2021-09,23,122434,642333,764767,-20.68965517241379,-25.73419307223943
PLTU Nagan Raya,2021-10,19,149333,549257,698590,-29.629629629629626,-29.646981101293278
PLTU Nagan Raya,2021-11,22,79934,695423,775357,46.66666666666666,21.066865281050283
PLTU Nagan Raya,2021-12,22,96720,518304,615024,-18.518518518518523,-37.11166691548342
PLTU Nagan Raya,2022-01,7,23976,166238,190214,-70.83333333333333,-80.14701814921622
PLTU Nagan Raya,2022-02,9,93685,166262,259947,-40.0,-44.38244437645357
PLTU Nagan Raya,2022-03,21,143080,652293,795373,5.000000000000004,19.092238977155485
PLTU Nagan Raya,2022-04,27,135873,690863,826736,107.69230769230771,66.760327011092
PLTU Nagan Raya,2022-05,14,94290,399244,493534,16.666666666666675,8.6997890025857
PLTU Nagan Raya,2022-06,18,117663,601206,718869,19.999999999999996,15.771088994105709
PLTU Nagan Raya,2022-07,28,129703,898126,1027829,27.27272727272727,40.21343817441196
PLTU Nagan Raya,2022-08,25,155646,794070,949716,4.166666666666674,7.150907952410779
PLTU Nagan Raya,2022-09,25,143399,685793,829192,8.695652173913038,8.424134409565266
PLTU Nagan Raya,2022-10,12,39960,422804,462764,-36.8421052631579,-33.75742567171016
PLTU Nagan Raya,2022-11,17,91573,506538,598111,-22.72727272727273,-22.859921300768548
PLTU Nagan Raya,2022-12,25,232592,629056,861648,13.636363636363647,40.099898540544764
PLTU Nagan Raya,2023-01,22,156095,595271,751366,214.28571428571428,295.01088247973337
PLTU Nagan Raya,2023-02,17,110716,422371,533087,88.88888888888889,105.07526534255058
PLTU Nagan Raya,2023-03,14,50952,434093,485045,-33.333333333333336,-39.01666262244255
PLTU Nagan Raya,2023-04,15,40234,366816,407050,-44.44444444444444,-50.76421009850787
PLTU Nagan Raya,2023-05,16,82471,579359,661830,14.28571428571428,34.10018357397868
PLTU Nagan Raya,2023-06,15,66733,445099,511832,-16.666666666666664,-28.800379484996576
PLTU Nagan Raya,2023-07,15,101389,407306,508695,-46.42857142857143,-50.50781793469537
PLTU Nagan Raya,2023-08,17,99245,503092,602337,-31.999999999999996,-36.577145167608
PLTU Nagan Raya,2023-09,11,172112,186671,358783,-56.00000000000001,-56.73101042943009
PLTU Nagan Raya,2023-10,13,184221,371690,555911,8.333333333333325,20.12840238220779
PLTU Nagan Raya,2023-11,3,15984,109463,125447,-82.35294117647058,-79.02613394503696
PLTU Nagan Raya,2023-12,11,72309,304157,376466,-56.00000000000001,-56.3086086197612
PLTU Nagan Raya,2024-01,11,122898,144469,267367,-50.0,-64.41587721563127
PLTU Nagan Raya,2024-02,13,87489,334246,421735,-23.529411764705888,-20.888147713225045
PLTU Nagan Raya,2024-03,20,188023,497943,685966,42.85714285714286,41.42316692265666
PLTU Nagan Raya,2024-04,18,152084,453943,606027,19.999999999999996,48.88269254391353
PLTU Nagan Raya,2024-05,9,61121,375687,436808,-43.75,-33.99996978075941
PLTU Nagan Raya,2024-06,13,205530,282988,488518,-13.33333333333333,-4.555010237734258
PLTU Nagan Raya,2024-07,12,171542,261794,433336,-19.999999999999996,-14.814181385702629
PLTU Nagan Raya,2024-08,14,89380,429617,518997,-17.647058823529417,-13.836108357945797
PLTU Nagan Raya,2024-09,14,215402,370594,585996,27.27272727272727,63.328808778565325
PLTU Nagan Raya,2024-10,18,266673,345290,611963,38.46153846153846,10.082908954850689
PLTU Nagan Raya,2024-11,19,129540,459848,589388,533.3333333333333,369.8302868940668
PLTU Nagan Raya,2024-12,7,30756,218732,249488,-36.36363636363637,-33.728942321484546
PLTU Nagan Raya,2025-01,10,49831,114294,164125,-9.090909090909093,-38.614339091959735
PLTU Nagan Raya,2025-02,13,51920,313523,365443,0.0,-13.34771835394264
PLTU Nagan Raya,2025-03,16,131242,429950,561192,-19.999999999999996,-18.189531259566806
PLTU Nagan Raya,2025-04,11,87643,252052,339695,-38.888888888888886,-43.94721687317562
PLTU Nagan Raya,2025-05,11,47953,277906,325859,22.222222222222232,-25.399946887419645
PLTU Nagan Raya,2025-06,3,47427,104731,152158,-76.92307692307692,-68.85314358938668
PLTU Nagan Raya,2025-07,10,94163,243880,338043,-16.666666666666664,-21.990556981187805
PLTU Nagan Raya,2025-08,7,167265,138678,305943,-50.0,-41.051104341643594
PLTU Nagan Raya,2025-09,9,72017,243333,315350,-35.71428571428571,-46.18563949241974
PLTU Nagan Raya,2025-10,6,23976,263781,287757,-66.66666666666667,-52.978039521997246
PLTU Nagan Raya,2025-11,5,50955,86502,137457,-73.6842105263158,-76.67801176813916
PLTU Nagan Raya,2025-12,6,48059,110441,158500,-14.28571428571429,-36.469890335406916
PLTU Nagan Raya,2026-01,11,85095,256621,341716,10.000000000000009,108.2047220106626
PLTU Nagan Raya,2026-02,14,244098,163410,407508,7.692307692307687,11.510687029167332
PLTU Nagan Raya,2026-03,8,51423,163632,215055,-50.0,-61.678890647051276
PLTU Nagan Raya,2026-04,10,27634,307445,335079,-9.090909090909093,-1.3588660415961407
PLTU Nagan Raya,2026-05,19,44256,666405,710661,72.72727272727273,118.08849839961456
PLTU Nagan Raya,2026-06,19,33797,708196,741993,533.3333333333333,387.6463938800457
PLTU Nagan Raya,2026-07,16,38558,488739,527297,60.00000000000001,55.9851853166609
PLTU Nagan Raya,2026-08,18,55269,553964,609233,157.14285714285717,99.13284500707648
PLTU Semen Tonasa,2019-01,18,9293,116300,125593,,
PLTU Semen Tonasa,2019-02,19,2538,147285,149823,,
PLTU Semen Tonasa,2019-03,23,16558,87688,104246,,
PLTU Semen Tonasa,2019-04,20,15121,92576,107697,,
PLTU Semen Tonasa,2019-05,22,4790,154163,158953,,
PLTU Semen Tonasa,2019-06,11,7372,48306,55678,,
PLTU Semen Tonasa,2019-07,19,4451,174364,178815,,
PLTU Semen Tonasa,2019-08,28,8434,160462,168896,,
PLTU Semen Tonasa,2019-09,24,12208,168285,180493,,
PLTU Semen Tonasa,2019-10,37,20720,305468,326188,,
PLTU Semen Tonasa,2019-11,24,6211,218207,224418,,
PLTU Semen Tonasa,2019-12,20,12781,84803,97584,,
PLTU Semen Tonasa,2020-01,18,3496,111025,114521,0.0,-8.81577794940801
PLTU Semen Tonasa,2020-02,18,2555,128029,130584,-5.263157894736848,-12.84115256002083
PLTU Semen Tonasa,2020-03,13,3975,50767,54742,-43.47826086956522,-47.48767338794774
PLTU Semen Tonasa,2020-04,13,2059,102816,104875,-35.0,-2.6203144005868317
PLTU Semen Tonasa,2020-05,14,2535,142769,145304,-36.36363636363637,-8.586814970462964
PLTU Semen Tonasa,2020-06,17,6231,184310,190541,54.54545454545454,242.21954811595245
PLTU Semen Tonasa,2020-07,17,14342,104750,119092,-10.526315789473683,-33.39932332298744
PLTU Semen Tonasa,2020-08,19,8661,188304,196965,-32.14285714285714,16.61910287987873
PLTU Semen Tonasa,2020-09,20,7400,245717,253117,-16.666666666666664,40.236463463957065
PLTU Semen Tonasa,2020-10,21,4308,153776,158084,-43.24324324324324,-51.5359240683287
PLTU Semen Tonasa,2020-11,18,7248,89803,97051,-25.0,-56.754360167188025
PLTU Semen Tonasa,2020-12,13,16329,44119,60448,-35.0,-38.05541892113461
PLTU Semen Tonasa,2021-01,16,15154,173225,188379,-11.111111111111116,64.49297508753853
PLTU Semen Tonasa,2021-02,12,13036,124728,137764,-33.333333333333336,5.498376523923287
PLTU Semen Tonasa,2021-03,17,3751,142935,146686,30.76923076923077,167.95878849877604
PLTU Semen Tonasa,2021-04,19,7176,249810,256986,46.153846153846146,145.04028605482716
PLTU Semen Tonasa,2021-05,12,2050,215264,217314,-14.28571428571429,49.5581677035732
PLTU Semen Tonasa,2021-06,16,19601,145737,165338,-5.882352941176472,-13.227074487905488
PLTU Semen Tonasa,2021-07,19,19845,128571,148416,11.764705882352944,24.622980552849903
PLTU Semen Tonasa,2021-08,22,11546,162961,174507,15.789473684210531,-11.40202574061382
PLTU Semen Tonasa,2021-09,23,5026,235627,240653,14.999999999999991,-4.924205011911487
PLTU Semen Tonasa,2021-10,24,46428,224912,271340,14.28571428571428,71.6429240150806
PLTU Semen Tonasa,2021-11,27,10357,157819,168176,50.0,73.28621034301553
PLTU Semen Tonasa,2021-12,25,3766,182158,185924,92.3076923076923,207.576760190577
PLTU Semen Tonasa,2022-01,28,3094,181224,184318,75.0,-2.15576046162258
PLTU Semen Tonasa,2022-02,19,2568,187940,190508,58.33333333333333,38.285764060276996
PLTU Semen Tonasa,2022-03,22,1723,198084,199807,29.41176470588236,36.21408996086879
PLTU Semen Tonasa,2022-04,21,1906,217725,219631,10.526315789473696,-14.535811289330935
PLTU Semen Tonasa,2022-05,19,2538,150172,152710,58.33333333333333,-29.728411423102052
PLTU Semen Tonasa,2022-06,18,2538,131318,133856,12.5,-19.04099481063034
PLTU Semen Tonasa,2022-07,18,3254,65345,68599,-5.263157894736848,-53.77924213022855
PLTU Semen Tonasa,2022-08,15,2385,121835,124220,-31.818181818181824,-28.816609075853695
PLTU Semen Tonasa,2022-09,17,3160,82656,85816,-26.086956521739136,-64.34035727790636
PLTU Semen Tonasa,2022-10,22,5597,172795,178392,-8.333333333333337,-34.25517800545441
PLTU Semen Tonasa,2022-11,16,1284,102112,103396,-40.74074074074075,-38.519170392921694
PLTU Semen Tonasa,2022-12,29,6002,86752,92754,15.999999999999993,-50.111873668810915
PLTU Semen Tonasa,2023-01,21,1723,128841,130564,-25.0,-29.16372790503369
PLTU Semen Tonasa,2023-02,18,1743,134236,135979,-5.263157894736848,-28.62294496819031
PLTU Semen Tonasa,2023-03,26,6761,127041,133802,18.181818181818187,-33.034378174938816
PLTU Semen Tonasa,2023-04,16,7049,188947,195996,-23.809523809523814,-10.761231338016941
Padang,2019-01,32,146777,48131,194908,,
Padang,2019-02,27,94593,50842,145435,,
Padang,2019-03,25,89968,44948,134916,,
Padang,2019-04,29,126419,85685,212104,,
Padang,2019-05,31,107262,48079,155341,,
Padang,2019-06,30,130624,37542,168166,,
Padang,2019-07,40,113309,85485,198794,,
Padang,2019-08,42,119112,81373,200485,,
Padang,2019-09,36,116360,73879,190239,,
Padang,2019-10,35,98787,89769,188556,,
Padang,2019-11,27,100976,28165,129141,,
Padang,2019-12,35,77000,61501,138501,,
Padang,2020-01,29,75066,44096,119162,-9.375,-38.862437662897364
Padang,2020-02,38,121074,75252,196326,40.74074074074075,34.99226458555369
Padang,2020-03,33,80479,48957,129436,32.00000000000001,-4.061786593139438
Padang,2020-04,24,75167,21762,96929,-17.24137931034483,-54.30119186814015
Padang,2020-05,23,44450,51893,96343,-25.806451612903224,-37.97967053128279
Padang,2020-06,21,55047,23337,78384,-30.000000000000004,-53.38891333563265
Padang,2020-07,26,71471,28654,100125,-35.0,-49.633791764338966
Padang,2020-08,24,40811,67361,108172,-42.85714285714286,-46.04484125994463
Padang,2020-09,28,66921,35394,102315,-22.22222222222222,-46.21765253181525
Padang,2020-10,28,45202,38083,83285,-19.999999999999996,-55.83009822015741
Padang,2020-11,29,78341,62376,140717,7.407407407407418,8.963845719020291
Padang,2020-12,26,111513,38495,150008,-25.71428571428571,8.3082432617815
Padang,2021-01,27,88413,40003,128416,-6.896551724137934,7.765898524697468
Padang,2021-02,29,132373,48158,180531,-23.684210526315784,-8.04529201430274
Padang,2021-03,19,64184,17877,82061,-42.42424242424242,-36.60110015760685
Padang,2021-04,23,84701,40381,125082,-4.1666666666666625,29.04497106129229
Padang,2021-05,24,67340,23379,90719,4.347826086956519,-5.837476516197338
Padang,2021-06,26,62522,19964,82486,23.809523809523814,5.233210859359061
Padang,2021-07,18,34731,19691,54422,-30.76923076923077,-45.64594257178527
Padang,2021-08,20,70306,18514,88820,-16.666666666666664,-17.890026994046515
Padang,2021-09,18,112073,16846,128919,-35.71428571428571,26.00205248497287
Padang,2021-10,23,43371,53537,96908,-17.85714285714286,16.357087110524105
Padang,2021-11,18,58426,21539,79965,-37.93103448275862,-43.1731773701827
Padang,2021-12,19,105219,21169,126388,-26.923076923076927,-15.745826889232573
Padang,2022-01,27,92229,35524,127753,0.0,-0.516290804884123
Padang,2022-02,16,40758,23346,64104,-44.827586206896555,-64.49141698655633
Padang,2022-03,25,77078,34657,111735,31.578947368421062,36.16090469285045
Padang,2022-04,37,132424,52343,184767,60.86956521739131,47.71669784621289
Padang,2022-05,37,78035,51899,129934,54.16666666666667,43.22688742159857
Padang,2022-06,29,128488,36656,165144,11.538461538461542,100.20852023373665
Padang,2022-07,28,84751,44041,128792,55.55555555555556,136.65429421924955
Padang,2022-08,29,66887,81633,148520,44.99999999999999,67.2145913082639
Padang,2022-09,31,106163,74481,180644,72.22222222222223,40.12209216639906
Padang,2022-10,37,89278,56196,145474,60.86956521739131,50.115573533660786
Padang,2022-11,25,32313,30628,62941,38.888888888888886,-21.28931407490777
Padang,2022-12,40,83830,53071,136901,110.52631578947367,8.318036522454664
Padang,2023-01,31,89748,60577,150325,14.814814814814813,17.668469624979455
Padang,2023-02,29,96600,49791,146391,81.25,128.36484462748032
Padang,2023-03,30,92676,37019,129695,19.999999999999996,16.07374591667785
Padang,2023-04,28,106057,46481,152538,-24.32432432432432,-17.44304989527351
Padang,2023-05,28,98769,44873,143642,-24.32432432432432,10.549971524004498
Padang,2023-06,24,79088,35360,114448,-17.24137931034483,-30.698057452889604
Padang,2023-07,15,39918,18373,58291,-46.42857142857143,-54.74020125473632
Padang,2023-08,14,30391,7872,38263,-51.72413793103448,-74.23713977915432
Padang,2023-09,16,46806,16530,63336,-48.38709677419355,-64.93877460640817
Padang,2023-10,26,111782,36888,148670,-29.729729729729726,2.196956157113994
Padang,2023-11,23,90400,37526,127926,-7.9999999999999964,103.24748574061422
Padang,2023-12,23,90461,36691,127152,-42.50000000000001,-7.121204373963663
Padang,2024-01,21,123921,19566,143487,-32.25806451612904,-4.548810909695655
Padang,2024-02,18,74697,28262,102959,-37.93103448275862,-29.6684905492824
Padang,2024-03,19,57853,47293,105146,-36.66666666666667,-18.928254751532435
Padang,2024-04,20,125542,38948,164490,-28.57142857142857,7.835424615505637
Padang,2024-05,22,100879,14259,115138,-21.42857142857143,-19.84377828211804
Padang,2024-06,21,54616,20570,75186,-12.5,-34.30553613868307
Padang,2024-07,28,175381,19465,194846,86.66666666666667,234.26429465955292
Padang,2024-08,28,116085,26694,142779,100.0,273.1516086036118
Padang,2024-09,23,84604,22025,106629,43.75,68.35449033724896
Padang,2024-10,25,130200,40249,170449,-3.8461538461538436,14.649223111589427
Padang,2024-11,18,88866,20821,109687,-21.739130434782606,-14.257461344839983
Padang,2024-12,23,114956,23541,138497,0.0,8.922392097646913
Padang,2025-01,24,96153,22039,118192,14.28571428571428,-17.62877473220571
Padang,2025-02,18,54259,42443,96702,0.0,-6.0771763517516675
Padang,2025-03,20,46500,14086,60586,5.263157894736836,-42.37916801399958
Padang,2025-04,15,36650,7797,44447,-25.0,-72.97890449267432
Padang,2025-05,20,88852,15575,104427,-9.090909090909093,-9.302749743785721
Padang,2025-06,11,55094,10378,65472,-47.61904761904761,-12.919958502912776
Padang,2025-07,13,70930,22902,93832,-53.57142857142857,-51.842993954199734
Padang,2025-08,20,73631,16069,89700,-28.57142857142857,-37.175635072384594
Padang,2025-09,24,114871,16841,131712,4.347826086956519,23.523619278057573
Padang,2025-10,20,84405,18030,102435,-19.999999999999996,-39.902844839218766
Padang,2025-11,14,48883,12901,61784,-22.22222222222222,-43.67244978894491
Padang,2025-12,14,59659,33323,92982,-39.13043478260869,-32.863527729842524
Padang,2026-01,16,70991,39093,110084,-33.333333333333336,-6.860024367131445
Padang,2026-02,16,101540,13603,115143,-11.111111111111116,19.069926164919025
Padang,2026-03,22,70554,55614,126168,10.000000000000009,108.24612946885419
Padang,2026-04,21,114500,50147,164647,39.99999999999999,270.4344500191239
Padang,2026-05,35,115803,31446,147249,75.0,41.00663621477205
Padang,2026-06,31,84943,34028,118971,181.81818181818184,81.71279325513197
Padang,2026-07,37,177764,40717,218481,184.6153846153846,132.84274021655725
Padang,2026-08,32,125533,50529,176062,60.00000000000001,96.27870680044592
Pulau Bunyu,2019-01,2,1462,0,1462,,
Pulau Bunyu,2019-02,0,0,0,0,,
Pulau Bunyu,2019-03,2,780,260,1040,,
Pulau Bunyu,2019-04,0,0,0,0,,
Pulau Bunyu,2019-05,2,0,0,0,,
Pulau Bunyu,2019-06,0,0,0,0,,
Pulau Bunyu,2019-07,0,0,0,0,,
Pulau Bunyu,2019-08,0,0,0,0,,
Pulau Bunyu,2019-09,0,0,0,0,,
Pulau Bunyu,2019-10,0,0,0,0,,
Pulau Bunyu,2019-11,0,0,0,0,,
Pulau Bunyu,2019-12,0,0,0,0,,
Pulau Bunyu,2020-01,0,0,0,0,-100.0,-100.0
Pulau Bunyu,2020-02,0,0,0,0,,
Pulau Bunyu,2020-03,0,0,0,0,-100.0,-100.0
Pulau Bunyu,2020-04,0,0,0,0,,
Pulau Bunyu,2020-05,0,0,0,0,-100.0,
Pulau Bunyu,2020-06,0,0,0,0,,
Pulau Bunyu,2020-07,0,0,0,0,,
Pulau Bunyu,2020-08,0,0,0,0,,
Pulau Bunyu,2020-09,0,0,0,0,,
Pulau Bunyu,2020-10,4,0,64724,64724,inf,inf
Pulau Bunyu,2020-11,0,0,0,0,,
Pulau Bunyu,2020-12,0,0,0,0,,
Pulau Bunyu,2021-01,0,0,0,0,,
Pulau Bunyu,2021-02,2,1032,0,1032,inf,inf
Pulau Bunyu,2021-03,0,0,0,0,,
Pulau Bunyu,2021-04,0,0,0,0,,
Pulau Bunyu,2021-05,0,0,0,0,,
Pulau Bunyu,2021-06,0,0,0,0,,
Pulau Bunyu,2021-07,0,0,0,0,,
Pulau Bunyu,2021-08,2,0,23506,23506,inf,inf
Pulau Bunyu,2021-09,0,0,0,0,,
Pulau Bunyu,2021-10,2,0,26566,26566,-50.0,-58.954947160249674
Pulau Bunyu,2021-11,2,0,1566,1566,inf,inf
Pulau Bunyu,2021-12,0,0,0,0,,
Pulau Bunyu,2022-01,0,0,0,0,,
Pulau Bunyu,2022-02,2,0,27768,27768,0.0,2590.6976744186045
Pulau Bunyu,2022-03,0,0,0,0,,
Pulau Bunyu,2022-04,2,0,0,0,inf,
Pulau Bunyu,2022-05,0,0,0,0,,
Pulau Bunyu,2022-06,0,0,0,0,,
Pulau Bunyu,2022-07,0,0,0,0,,
Pulau Bunyu,2022-08,0,0,0,0,-100.0,-100.0
Pulau Bunyu,2022-09,0,0,0,0,,
Pulau Bunyu,2022-10,2,322,0,322,0.0,-98.78792441466537
Pulau Bunyu,2022-11,0,0,0,0,-100.0,-100.0
Pulau Bunyu,2022-12,0,0,0,0,,
Pulau Bunyu,2023-01,2,28,0,28,inf,inf
Pulau Bunyu,2023-02,0,0,0,0,-100.0,-100.0
Pulau Bunyu,2023-03,0,0,0,0,,
Pulau Bunyu,2023-04,2,0,26200,26200,0.0,inf
Pulau Bunyu,2023-05,0,0,0,0,,
Pulau Bunyu,2023-06,0,0,0,0,,
Pulau Bunyu,2023-07,0,0,0,0,,
Pulau Bunyu,2023-08,0,0,0,0,,
Pulau Bunyu,2023-09,2,0,33724,33724,inf,inf
Pulau Bunyu,2023-10,0,0,0,0,-100.0,-100.0
Pulau Bunyu,2023-11,2,0,0,0,inf,
Pulau Bunyu,2023-12,0,0,0,0,,
Pulau Bunyu,2024-01,2,976,0,976,0.0,3385.7142857142853
Pulau Bunyu,2024-02,4,780,260,1040,inf,inf
Pulau Bunyu,2024-03,2,1842,0,1842,inf,inf
Pulau Bunyu,2024-04,2,0,49792,49792,0.0,90.04580152671755
Pulau Bunyu,2024-05,0,0,0,0,,
Pulau Bunyu,2024-06,0,0,0,0,,
Pulau Bunyu,2024-07,0,0,0,0,,
Pulau Bunyu,2024-08,2,0,60518,60518,inf,inf
Pulau Bunyu,2024-09,0,0,0,0,-100.0,-100.0
Pulau Bunyu,2024-10,0,0,0,0,,
Pulau Bunyu,2024-11,0,0,0,0,-100.0,
Pulau Bunyu,2024-12,0,0,0,0,,
Pulau Bunyu,2025-01,2,0,57814,57814,0.0,5823.565573770492
Pulau Bunyu,2025-02,0,0,0,0,-100.0,-100.0
Pulau Bunyu,2025-03,2,0,8920,8920,0.0,384.25624321389796
Pulau Bunyu,2025-04,0,0,0,0,-100.0,-100.0
Pulau Bunyu,2025-05,0,0,0,0,,
Pulau Bunyu,2025-06,0,0,0,0,,
Pulau Bunyu,2025-07,0,0,0,0,,
Pulau Bunyu,2025-08,2,0,0,0,0.0,-100.0
Pulau Bunyu,2025-09,0,0,0,0,,
Pulau Bunyu,2025-10,0,0,0,0,,
Pulau Bunyu,2025-11,0,0,0,0,,
Pulau Bunyu,2025-12,2,0,0,0,inf,
Pulau Bunyu,2026-01,0,0,0,0,-100.0,-100.0
Pulau Bunyu,2026-02,0,0,0,0,,
Pulau Bunyu,2026-03,0,0,0,0,-100.0,-100.0
Pulau Bunyu,2026-04,0,0,0,0,,
Pulau Bunyu,2026-05,0,0,0,0,,
Pulau Bunyu,2026-06,0,0,0,0,,
Pulau Bunyu,2026-07,2,0,0,0,inf,
Pulau Bunyu,2026-08,0,0,0,0,-100.0,
Pulau Sambu,2019-01,24,73289,31108,104397,,
Pulau Sambu,2019-02,24,144137,32743,176880,,
Pulau Sambu,2019-03,18,54631,19481,74112,,
Pulau Sambu,2019-04,25,138658,56379,195037,,
Pulau Sambu,2019-05,29,148014,74457,222471,,
Pulau Sambu,2019-06,21,59826,74490,134316,,
Pulau Sambu,2019-07,20,119664,14035,133699,,
Pulau Sambu,2019-08,16,46698,21603,68301,,
Pulau Sambu,2019-09,20,83316,18915,102231,,
Pulau Sambu,2019-10,16,42736,11779,54515,,
Pulau Sambu,2019-11,19,79565,30992,110557,,
Pulau Sambu,2019-12,18,58391,51081,109472,,
Pulau Sambu,2020-01,22,100934,49133,150067,-8.333333333333337,43.746467810377695
Pulau Sambu,2020-02,19,69106,45577,114683,-20.833333333333336,-35.16338760741746
Pulau Sambu,2020-03,14,100172,26156,126328,-22.22222222222222,70.4555267702936
Pulau Sambu,2020-04,14,74807,62273,137080,-43.99999999999999,-29.71590005998862
Pulau Sambu,2020-05,13,54650,14023,68673,-55.172413793103445,-69.13170705395311
Pulau Sambu,2020-06,10,64094,5893,69987,-52.38095238095239,-47.89377289377289
Pulau Sambu,2020-07,12,25712,16514,42226,-40.0,-68.41711605920761
Pulau Sambu,2020-08,13,31171,27290,58461,-18.75,-14.406816884086615
Pulau Sambu,2020-09,12,64482,27477,91959,-40.0,-10.047832849135785
Pulau Sambu,2020-10,15,58454,34484,92938,-6.25,70.48151884802347
Pulau Sambu,2020-11,21,60266,33359,93625,10.526315789473696,-15.315176786634943
Pulau Sambu,2020-12,22,96915,50993,147908,22.222222222222232,35.110347851505395
Pulau Sambu,2021-01,21,91375,34657,126032,-4.545454545454541,-16.016179439850198
Pulau Sambu,2021-02,15,44132,21131,65263,-21.052631578947366,-43.09269900508358
Pulau Sambu,2021-03,14,41603,49187,90790,0.0,-28.131530618706858
Pulau Sambu,2021-04,7,22742,2729,25471,-50.0,-81.41887948643128
Pulau Sambu,2021-05,4,901,0,901,-69.23076923076923,-98.68798508875395
Pulau Sambu,2021-06,8,21614,12017,33631,-19.999999999999996,-51.94679011816481
Pulau Sambu,2021-07,13,108489,8332,116821,8.333333333333325,176.656562307583
Pulau Sambu,2021-08,12,39455,3599,43054,-7.692307692307687,-26.354321684541826
Pulau Sambu,2021-09,10,15725,5748,21473,-16.666666666666664,-76.64937635250492
Pulau Sambu,2021-10,9,33511,3829,37340,-40.0,-59.82267748391401
Pulau Sambu,2021-11,11,93419,8841,102260,-47.61904761904761,9.222963951935913
Pulau Sambu,2021-12,10,171355,3164,174519,-54.54545454545454,17.99158936636287
Pulau Sambu,2022-01,12,34898,5188,40086,-42.85714285714286,-68.19379205281199
Pulau Sambu,2022-02,10,28985,8332,37317,-33.333333333333336,-42.82058746916323
Pulau Sambu,2022-03,12,57912,8622,66534,-14.28571428571429,-26.716598744355103
Pulau Sambu,2022-04,11,27582,8332,35914,57.14285714285714,40.99956813631189
Pulau Sambu,2022-05,14,51036,11206,62242,250.0,6808.102108768036
Pulau Sambu,2022-06,8,42836,7004,49840,0.0,48.1966043233921
Pulau Sambu,2022-07,12,50826,8767,59593,-7.692307692307687,-48.98776761027555
Pulau Sambu,2022-08,12,63092,13645,76737,0.0,78.2343104008919
Pulau Sambu,2022-09,11,12640,5893,18533,10.000000000000009,-13.691612722954405
Pulau Sambu,2022-10,13,53094,7066,60160,44.44444444444444,61.114086770219615
Pulau Sambu,2022-11,15,51455,6039,57494,36.36363636363635,-43.77664776061021
Pulau Sambu,2022-12,16,14519,15018,29537,60.00000000000001,-83.07519525094689
Pulau Sambu,2023-01,13,19046,9213,28259,8.333333333333325,-29.50406625754628
Pulau Sambu,2023-02,15,52000,5208,57208,50.0,53.30278425382533
Pulau Sambu,2023-03,14,42729,6621,49350,16.666666666666675,-25.827396519072956
Pulau Sambu,2023-04,6,6405,3164,9569,-45.45454545454546,-73.3557943977279
Pulau Sambu,2023-05,7,3863,725,4588,-50.0,-92.62877156903699
Pulau Sambu,2023-06,12,45862,7210,53072,50.0,6.484751203852324
Pulau Sambu,2023-07,10,23415,6920,30335,-16.666666666666664,-49.09637037907137
Pulau Sambu,2023-08,9,32398,33256,65654,-25.0,-14.442837223243021
Pulau Sambu,2023-09,7,23068,725,23793,-36.36363636363637,28.381805428155182
Pulau Sambu,2023-10,7,57173,870,58043,-46.15384615384615,-3.5189494680851086
Pulau Sambu,2023-11,4,228,580,808,-73.33333333333334,-98.59463596201343
Pulau Sambu,2023-12,4,228,580,808,-75.0,-97.26444798049904
Pulau Sambu,2024-01,6,342,870,1212,-53.84615384615385,-95.71110088821261
Pulau Sambu,2024-02,4,228,580,808,-73.33333333333334,-98.58761012445811
Pulau Sambu,2024-03,5,285,725,1010,-64.28571428571428,-97.95339412360688
Pulau Sambu,2024-04,5,285,725,1010,-16.666666666666664,-89.4450830807817
Pulau Sambu,2024-05,5,285,725,1010,-28.57142857142857,-77.98605056669572
Pulau Sambu,2024-06,5,285,725,1010,-58.33333333333333,-98.09692493216761
Pulau Sambu,2024-07,8,956,870,1826,-19.999999999999996,-93.98055051920224
Pulau Sambu,2024-08,5,285,725,1010,-44.44444444444444,-98.46163219301185
Pulau Sambu,2024-09,7,657,870,1527,0.0,-93.58214600933049
Pulau Sambu,2024-10,5,543,580,1123,-28.57142857142857,-98.06522750374722
Pulau Sambu,2024-11,4,171,589,760,0.0,-5.940594059405946
Pulau Sambu,2024-12,8,1603,870,2473,100.0,206.06435643564356
Pulau Sambu,2025-01,6,342,870,1212,0.0,0.0
Pulau Sambu,2025-02,9,758,852,1610,125.0,99.25742574257426
Pulau Sambu,2025-03,4,256,290,546,-19.999999999999996,-45.94059405940594
Pulau Sambu,2025-04,4,228,580,808,-19.999999999999996,-19.999999999999996
Pulau Sambu,2025-05,6,371,580,951,19.999999999999996,-5.841584158415847
Pulau Sambu,2025-06,8,499,725,1224,60.00000000000001,21.188118811881186
Pulau Sambu,2025-07,3,171,435,606,-62.5,-66.81270536692223
Pulau Sambu,2025-08,5,285,725,1010,0.0,0.0
Pulau Sambu,2025-09,5,285,725,1010,-28.57142857142857,-33.85723641126391
Pulau Sambu,2025-10,7,469,290,759,39.99999999999999,-32.41317898486198
Pulau Sambu,2025-11,4,284,0,284,0.0,-62.63157894736842
Pulau Sambu,2025-12,10,626,870,1496,25.0,-39.50667205822887
Pulau Sambu,2026-01,9,828,580,1408,50.0,16.171617161716178
Pulau Sambu,2026-02,11,711,725,1436,22.222222222222232,-10.807453416149071
Pulau Sambu,2026-03,10,613,1015,1628,150.0,198.16849816849816
Pulau Sambu,2026-04,4,228,580,808,0.0,0.0
Pulau Sambu,2026-05,5,285,725,1010,-16.666666666666664,6.2039957939011625
Pulau Sambu,2026-06,4,228,580,808,-50.0,-33.98692810457516
Pulau Sambu,2026-07,4,228,580,808,33.33333333333333,33.33333333333333
Pulau Sambu,2026-08,4,228,580,808,-19.999999999999996,-19.999999999999996
Sabang,2019-01,0,0,0,0,,
Sabang,2019-02,1,0,0,0,,
Sabang,2019-03,0,0,0,0,,
Sabang,2019-04,1,2898,0,2898,,
Sabang,2019-05,0,0,0,0,,
Sabang,2019-06,1,0,0,0,,
Sabang,2019-07,1,2898,0,2898,,
Sabang,2019-08,0,0,0,0,,
Sabang,2019-09,0,0,0,0,,
Sabang,2019-10,0,0,0,0,,
Sabang,2019-11,0,0,0,0,,
Sabang,2019-12,0,0,0,0,,
Sabang,2020-01,0,0,0,0,,
Sabang,2020-02,0,0,0,0,-100.0,
Sabang,2020-03,0,0,0,0,,
Sabang,2020-04,0,0,0,0,-100.0,-100.0
Sabang,2020-05,0,0,0,0,,
Sabang,2020-06,0,0,0,0,-100.0,
Sabang,2020-07,1,2898,0,2898,0.0,0.0
Sabang,2020-08,0,0,0,0,,
Sabang,2020-09,0,0,0,0,,
Sabang,2020-10,0,0,0,0,,
Sabang,2020-11,0,0,0,0,,
Sabang,2020-12,0,0,0,0,,
Sabang,2021-01,0,0,0,0,,
Sabang,2021-02,0,0,0,0,,
Sabang,2021-03,0,0,0,0,,
Sabang,2021-04,0,0,0,0,,
Sabang,2021-05,0,0,0,0,,
Sabang,2021-06,0,0,0,0,,
Sabang,2021-07,0,0,0,0,-100.0,-100.0
Sabang,2021-08,0,0,0,0,,
Sabang,2021-09,0,0,0,0,,
Sabang,2021-10,0,0,0,0,,
Sabang,2021-11,0,0,0,0,,
Sabang,2021-12,1,2898,0,2898,inf,inf
Sabang,2022-01,1,1515,0,1515,inf,inf
Sabang,2022-02,1,0,0,0,inf,
Sabang,2022-03,0,0,0,0,,
Sabang,2022-04,0,0,0,0,,
Sabang,2022-05,0,0,0,0,,
Sabang,2022-06,0,0,0,0,,
Sabang,2022-07,0,0,0,0,,
Sabang,2022-08,0,0,0,0,,
Sabang,2022-09,2,6590,0,6590,inf,inf
Sabang,2022-10,2,12369,0,12369,inf,inf
Sabang,2022-11,1,6590,0,6590,inf,inf
Sabang,2022-12,1,6590,0,6590,0.0,127.39820565907523
Sabang,2023-01,2,13180,0,13180,100.0,769.96699669967
Sabang,2023-02,0,0,0,0,-100.0,
Sabang,2023-03,1,1087,0,1087,inf,inf
Sabang,2023-04,1,6590,0,6590,inf,inf
Sabang,2023-05,1,406,0,406,inf,inf
Sabang,2023-06,1,407,0,407,inf,inf
Sabang,2023-07,1,3275,0,3275,inf,inf
Sabang,2023-08,0,0,0,0,,
Sabang,2023-09,0,0,0,0,-100.0,-100.0
Sabang,2023-10,1,1143,0,1143,-50.0,-90.75915595440213
Sabang,2023-11,2,1084,0,1084,100.0,-83.55083459787556
Sabang,2023-12,1,0,0,0,0.0,-100.0
Sabang,2024-01,2,4836,0,4836,0.0,-63.30804248861912
Sabang,2024-02,0,0,0,0,,
Sabang,2024-03,1,5470,0,5470,0.0,403.21987120515183
Sabang,2024-04,1,783,0,783,0.0,-88.11836115326251
Sabang,2024-05,0,0,0,0,-100.0,-100.0
Sabang,2024-06,0,0,0,0,-100.0,-100.0
Sabang,2024-07,0,0,0,0,-100.0,-100.0
Sabang,2024-08,0,0,0,0,,
Sabang,2024-09,0,0,0,0,,
Sabang,2024-10,1,5836,0,5836,0.0,410.586176727909
Sabang,2024-11,0,0,0,0,-100.0,-100.0
Sabang,2024-12,0,0,0,0,-100.0,
Sabang,2025-01,0,0,0,0,-100.0,-100.0
Sabang,2025-02,0,0,0,0,,
Sabang,2025-03,0,0,0,0,-100.0,-100.0
Sabang,2025-04,0,0,0,0,-100.0,-100.0
Sabang,2025-05,0,0,0,0,,
Sabang,2025-06,0,0,0,0,,
Sabang,2025-07,0,0,0,0,,
Sabang,2025-08,0,0,0,0,,
Sabang,2025-09,0,0,0,0,,
Sabang,2025-10,0,0,0,0,-100.0,-100.0
Sabang,2025-11,0,0,0,0,,
Sabang,2025-12,0,0,0,0,,
Sabang,2026-01,0,0,0,0,,
Sabang,2026-02,0,0,0,0,,
Sabang,2026-03,0,0,0,0,,
Sabang,2026-04,0,0,0,0,,
Sabang,2026-05,0,0,0,0,,
Sabang,2026-06,1,3851,0,3851,inf,inf
Sabang,2026-07,2,0,0,0,inf,
Sabang,2026-08,0,0,0,0,,
Sibolga,2019-01,5,5633,1580,7213,,
Sibolga,2019-02,6,9080,1031,10111,,
Sibolga,2019-03,9,12552,2269,14821,,
Sibolga,2019-04,6,8807,1308,10115,,
Sibolga,2019-05,8,14203,2223,16426,,
Sibolga,2019-06,8,18630,1759,20389,,
Sibolga,2019-07,8,14678,7748,22426,,
Sibolga,2019-08,8,10118,1499,11617,,
Sibolga,2019-09,5,6499,1084,7583,,
Sibolga,2019-10,6,6627,2490,9117,,
Sibolga,2019-11,8,11758,1933,13691,,
Sibolga,2019-12,6,9865,754,10619,,
Sibolga,2020-01,6,8468,1709,10177,19.999999999999996,41.09247192568972
Sibolga,2020-02,2,3417,293,3710,-66.66666666666667,-63.30728909108891
Sibolga,2020-03,3,2828,2021,4849,-66.66666666666667,-67.28290938533162
Sibolga,2020-04,4,9399,963,10362,-33.333333333333336,2.441917943648053
Sibolga,2020-05,1,2800,293,3093,-87.5,-81.17009618896871
Sibolga,2020-06,8,3702,778,4480,0.0,-78.02736769826868
Sibolga,2020-07,19,63100,9694,72794,137.5,224.5964505484705
Sibolga,2020-08,16,5321,293,5614,100.0,-51.67427046569683
Sibolga,2020-09,16,7317,771,8088,220.00000000000003,6.659633390478703
Sibolga,2020-10,10,9399,3092,12491,66.66666666666667,37.0077876494461
Sibolga,2020-11,6,10379,2433,12812,-25.0,-6.4202760937842385
Sibolga,2020-12,12,6378,947,7325,100.0,-31.01987004426029
Sibolga,2021-01,13,12377,947,13324,116.66666666666666,30.922668762896734
Sibolga,2021-02,7,10280,3419,13699,250.0,269.24528301886795
Sibolga,2021-03,5,5365,1705,7070,66.66666666666667,45.8032584037946
Sibolga,2021-04,3,5624,0,5624,-25.0,-45.72476355915847
Sibolga,2021-05,6,7022,249,7271,500.0,135.07921112188814
Sibolga,2021-06,5,8854,879,9733,-37.5,117.25446428571429
Sibolga,2021-07,5,7747,0,7747,-73.6842105263158,-89.35763936588181
Sibolga,2021-08,5,9956,1601,11557,-68.75,105.86034912718203
Sibolga,2021-09,2,5600,586,6186,-87.5,-23.51632047477745
Sibolga,2021-10,2,248,405,653,-80.0,-94.77223600992714
Sibolga,2021-11,5,8251,23168,31419,-16.666666666666664,145.23103340618172
Sibolga,2021-12,3,3655,791,4446,-75.0,-39.3037542662116
Sibolga,2022-01,6,6348,1135,7483,-53.84615384615385,-43.83818673071149
Sibolga,2022-02,6,10477,1390,11867,-14.28571428571429,-13.373238922549092
Sibolga,2022-03,6,87285,4894,92179,19.999999999999996,1203.804809052334
Sibolga,2022-04,7,3559,582,4141,133.33333333333334,-26.369132290184925
Sibolga,2022-05,3,4286,791,5077,-50.0,-30.17466648328978
Sibolga,2022-06,4,2758,0,2758,-19.999999999999996,-71.66341313058666
Sibolga,2022-07,3,2857,84,2941,-40.0,-62.03691751645799
Sibolga,2022-08,5,8095,2271,10366,0.0,-10.305442588907155
Sibolga,2022-09,2,1888,498,2386,0.0,-61.429033301002264
Sibolga,2022-10,3,6186,498,6684,50.0,923.583460949464
Sibolga,2022-11,4,5776,1321,7097,-19.999999999999996,-77.41175721697063
Sibolga,2022-12,6,13257,545,13802,100.0,210.43634727845256
Sibolga,2023-01,4,4798,880,5678,-33.333333333333336,-24.12134170787118
Sibolga,2023-02,7,5909,1685,7594,16.666666666666675,-36.0074155220359
Sibolga,2023-03,6,8708,4735,13443,0.0,-85.41641805617331
Sibolga,2023-04,7,12187,670,12857,0.0,210.48056025114707
Sibolga,2023-05,2,2698,84,2782,-33.333333333333336,-45.203860547567466
Sibolga,2023-06,9,12162,1710,13872,125.0,402.9731689630167
Sibolga,2023-07,5,5294,84,5378,66.66666666666667,82.8629717783067
Sibolga,2023-08,10,15736,2329,18065,100.0,74.27165734130811
Sibolga,2023-09,8,22123,754,22877,300.0,858.8013411567478
Sibolga,2023-10,6,6799,293,7092,100.0,6.104129263913816
Sibolga,2023-11,4,3977,361,4338,0.0,-38.875581231506274
Sibolga,2023-12,5,6681,84,6765,-16.666666666666664,-50.98536443993624
Sibolga,2024-01,7,18152,586,18738,75.0,230.0105671010919
Sibolga,2024-02,7,17728,876,18604,0.0,144.9828812220174
Sibolga,2024-03,10,72535,6600,79135,66.66666666666667,488.67068362716657
Sibolga,2024-04,9,22701,0,22701,28.57142857142858,76.56529516994632
Sibolga,2024-05,12,28728,208,28936,500.0,940.115025161754
Sibolga,2024-06,7,69607,5899,75506,-22.22222222222222,444.30507497116497
Sibolga,2024-07,14,33075,7286,40361,179.99999999999997,650.4834510970621
Sibolga,2024-08,9,24965,1256,26221,-9.999999999999998,45.14807639081096
Sibolga,2024-09,6,16448,2210,18658,-25.0,-18.442103422651567
Sibolga,2024-10,11,28498,754,29252,83.33333333333333,312.4647490129724
Sibolga,2024-11,10,13000,1992,14992,150.0,245.5970493314892
Sibolga,2024-12,7,15750,1172,16922,39.99999999999999,150.14042867701406
Sibolga,2025-01,3,6154,586,6740,-57.14285714285714,-64.03031273348276
Sibolga,2025-02,4,8976,879,9855,-42.85714285714286,-47.02752096323371
Sibolga,2025-03,5,7840,1624,9464,-50.0,-88.04068996019461
Sibolga,2025-04,10,18469,1340,19809,11.111111111111116,-12.739526893088415
Sibolga,2025-05,13,20648,2369,23017,8.333333333333325,-20.455487973458663
Sibolga,2025-06,11,17489,1256,18745,57.14285714285714,-75.17415834503218
Sibolga,2025-07,12,20185,1549,21734,-14.28571428571429,-46.15098733926315
Sibolga,2025-08,11,25619,1172,26791,22.222222222222232,2.173830136150423
Sibolga,2025-09,13,26611,1341,27952,116.66666666666666,49.812412905992076
Sibolga,2025-10,9,29906,293,30199,-18.181818181818176,3.2373854779160327
Sibolga,2025-11,6,20786,293,21079,-40.0,40.60165421558164
Sibolga,2025-12,3,10719,0,10719,-57.14285714285714,-36.65642359059213
Sibolga,2026-01,7,12815,293,13108,133.33333333333334,94.48071216617211
Sibolga,2026-02,8,16571,2207,18778,100.0,90.54287163876205
Sibolga,2026-03,8,12480,5791,18271,60.00000000000001,93.05790363482672
Sibolga,2026-04,9,15561,5769,21330,-9.999999999999998,7.6783280327124
Sibolga,2026-05,12,18172,1289,19461,-7.692307692307687,-15.449450406221487
Sibolga,2026-06,7,21964,377,22341,-36.36363636363637,19.183782341957855
Sibolga,2026-07,7,18281,1412,19693,-41.666666666666664,-9.390816232630906
Sibolga,2026-08,4,4445,875,5320,-63.63636363636363,-80.14258519652122
Stagen,2019-01,23,47722,76281,124003,,
Stagen,2019-02,24,49489,35183,84672,,
Stagen,2019-03,27,22416,44889,67305,,
Stagen,2019-04,33,37641,61650,99291,,
Stagen,2019-05,35,54554,72123,126677,,
Stagen,2019-06,31,33554,47220,80774,,
Stagen,2019-07,39,42607,57141,99748,,
Stagen,2019-08,26,16504,51868,68372,,
Stagen,2019-09,15,14103,36240,50343,,
Stagen,2019-10,25,25576,50440,76016,,
Stagen,2019-11,39,112083,68587,180670,,
Stagen,2019-12,53,134549,57659,192208,,
Stagen,2020-01,35,47694,76475,124169,52.17391304347827,0.13386772900656485
Stagen,2020-02,30,42591,49706,92297,25.0,9.005338246409679
Stagen,2020-03,27,66403,39511,105914,0.0,57.36423742663992
Stagen,2020-04,29,41220,37162,78382,-12.121212121212121,-21.05830337089968
Stagen,2020-05,30,72927,46382,119309,-14.28571428571429,-5.816367612115858
Stagen,2020-06,25,29199,33977,63176,-19.354838709677423,-21.786713546438207
Stagen,2020-07,29,36779,71357,108136,-25.64102564102564,8.40919116172756
Stagen,2020-08,32,25783,57828,83611,23.076923076923084,22.28836365763762
Stagen,2020-09,32,31997,72374,104371,113.33333333333333,107.31978626621377
Stagen,2020-10,25,33026,59494,92520,0.0,21.711218690801925
Stagen,2020-11,34,36261,76611,112872,-12.82051282051282,-37.525875906348595
Stagen,2020-12,37,28709,82361,111070,-30.188679245283023,-42.21364355281778
Stagen,2021-01,29,17705,75320,93025,-17.14285714285714,-25.08194476882314
Stagen,2021-02,24,17971,71813,89784,-19.999999999999996,-2.722732049795773
Stagen,2021-03,23,23242,38509,61751,-14.814814814814813,-41.697037218875685
Stagen,2021-04,26,27534,68464,95998,-10.344827586206895,22.474547727794647
Stagen,2021-05,25,18497,54635,73132,-16.666666666666664,-38.703702151556044
Stagen,2021-06,16,14411,37826,52237,-36.0,-17.315119665695832
Stagen,2021-07,37,16725,115243,131968,27.586206896551737,22.038913960198258
Stagen,2021-08,34,15537,131828,147365,6.25,76.25073255911303
Stagen,2021-09,32,34654,74578,109232,0.0,4.657423997087307
Stagen,2021-10,28,60250,68147,128397,12.00000000000001,38.7775616083009
Stagen,2021-11,33,30609,44201,74810,-2.941176470588236,-33.72138351406904
Stagen,2021-12,22,9398,53912,63310,-40.54054054054054,-42.999909966687675
Stagen,2022-01,19,10290,63050,73340,-34.48275862068966,-21.160978231658156
Stagen,2022-02,28,20667,51116,71783,16.666666666666675,-20.04922926133832
Stagen,2022-03,37,77348,66321,143669,60.86956521739131,132.65858042784734
Stagen,2022-04,31,17692,76767,94459,19.23076923076923,-1.6031583991333198
Stagen,2022-05,27,57818,56891,114709,8.000000000000007,56.85199365530822
Stagen,2022-06,28,10896,63491,74387,75.0,42.402894500067
Stagen,2022-07,39,71896,77224,149120,5.405405405405395,12.997090203685735
Stagen,2022-08,48,19848,85761,105609,41.176470588235304,-28.33508635021884
Stagen,2022-09,64,73034,104240,177274,100.0,62.291269957521614
Stagen,2022-10,58,18228,143299,161527,107.14285714285717,25.80278355413288
Stagen,2022-11,53,23917,78317,102234,60.606060606060595,36.65820077529742
Stagen,2022-12,55,32799,105486,138285,150.0,118.4252092876323
Stagen,2023-01,41,17902,93124,111026,115.78947368421053,51.38532860649032
Stagen,2023-02,32,22063,69591,91654,14.28571428571428,27.68204170903974
Stagen,2023-03,34,12767,77796,90563,-8.108108108108103,-36.964132833109446
Stagen,2023-04,33,11651,33428,45079,6.451612903225801,-52.276649128193185
Stagen,2023-05,36,17869,110447,128316,33.33333333333333,11.862190412260599
Stagen,2023-06,35,51771,77509,129280,25.0,73.79380805785958
Stagen,2023-07,46,55898,126745,182643,17.948717948717952,22.480552575107303
Stagen,2023-08,40,52804,114878,167682,-16.666666666666664,58.77624066130727
Stagen,2023-09,50,29211,117091,146302,-21.875,-17.471259180703314
Stagen,2023-10,62,78323,170634,248957,6.896551724137923,54.12717378518761
Stagen,2023-11,41,53298,82967,136265,-22.64150943396226,33.28736036934874
Stagen,2023-12,47,24650,89345,113995,-14.54545454545455,-17.565173373829413
Stagen,2024-01,46,76981,97575,174556,12.195121951219523,57.22083115666601
Stagen,2024-02,39,54720,139259,193979,21.875,111.64269971850658
Stagen,2024-03,38,10963,96380,107343,11.764705882352944,18.528538144716933
Stagen,2024-04,40,49109,101663,150772,21.212121212121215,234.4617227533885
Stagen,2024-05,29,5910,79182,85092,-19.444444444444443,-33.685588702889746
Stagen,2024-06,35,92363,58969,151332,0.0,17.057549504950487
Stagen,2024-07,36,56728,49731,106459,-21.739130434782606,-41.71197363162016
Stagen,2024-08,32,62928,53937,116865,-19.999999999999996,-30.305578416287972
Stagen,2024-09,36,21633,63818,85451,-28.000000000000004,-41.59273284028926
Stagen,2024-10,47,21471,87161,108632,-24.193548387096776,-56.36515542844749
Stagen,2024-11,36,49403,82732,132135,-12.195121951219512,-3.030858988001317
Stagen,2024-12,29,49475,29206,78681,-38.297872340425535,-30.978551690863632
Stagen,2025-01,25,20888,60671,81559,-45.652173913043484,-53.2763124727881
Stagen,2025-02,30,60268,63193,123461,-23.076923076923073,-36.353419700070624
Stagen,2025-03,24,54573,61036,115609,-36.8421052631579,7.700548708346133
Stagen,2025-04,19,45485,76507,121992,-52.5,-19.088424906481304
Stagen,2025-05,19,29383,23281,52664,-34.48275862068966,-38.10934047854088
Stagen,2025-06,24,13635,75187,88822,-31.428571428571427,-41.30653133507784
Stagen,2025-07,34,36012,109284,145296,-5.555555555555558,36.480710884002285
Stagen,2025-08,31,53898,94974,148872,-3.125,27.38801180849699
Stagen,2025-09,30,18346,47123,65469,-16.666666666666664,-23.384161683303883
Stagen,2025-10,29,60146,56765,116911,-38.297872340425535,7.621142941306425
Stagen,2025-11,26,26965,84406,111371,-27.77777777777778,-15.714231657017441
Stagen,2025-12,24,34939,38820,73759,-17.24137931034483,-6.25563986222849
Stagen,2026-01,24,7060,79238,86298,-4.0000000000000036,5.810517539449966
Stagen,2026-02,25,10218,64697,74915,-16.666666666666664,-39.32091915665675
Stagen,2026-03,21,18900,71203,90103,-12.5,-22.062296188013043
Stagen,2026-04,30,23965,83435,107400,57.89473684210527,-11.961440094432419
Stagen,2026-05,65,93664,90894,184558,242.10526315789474,250.44432629500227
Stagen,2026-06,58,78270,157980,236250,141.66666666666666,165.9814010042557
Stagen,2026-07,59,70310,96498,166808,73.52941176470588,14.80563814557867
Stagen,2026-08,60,89795,168898,258693,93.5483870967742,73.76874093180719
Sungai Pakning,2019-01,9,49691,45987,95678,,
Sungai Pakning,2019-02,8,22273,9294,31567,,
Sungai Pakning,2019-03,12,105997,87375,193372,,
Sungai Pakning,2019-04,7,56819,38411,95230,,
Sungai Pakning,2019-05,5,564,5820,6384,,
Sungai Pakning,2019-06,8,45306,32252,77558,,
Sungai Pakning,2019-07,3,11024,20512,31536,,
Sungai Pakning,2019-08,6,25084,16126,41210,,
Sungai Pakning,2019-09,3,5882,9967,15849,,
Sungai Pakning,2019-10,6,117052,32211,149263,,
Sungai Pakning,2019-11,6,37039,50771,87810,,
Sungai Pakning,2019-12,10,44477,72331,116808,,
Sungai Pakning,2020-01,11,34279,52105,86384,22.222222222222232,-9.713831810865614
Sungai Pakning,2020-02,9,39902,65887,105789,12.5,235.12528906769728
Sungai Pakning,2020-03,7,19169,38341,57510,-41.666666666666664,-70.25939639658276
Sungai Pakning,2020-04,9,22469,35560,58029,28.57142857142858,-39.06437047149007
Sungai Pakning,2020-05,8,25245,46774,72019,60.00000000000001,1028.1171679197994
Sungai Pakning,2020-06,4,48070,16249,64319,-50.0,-17.069805822739113
Sungai Pakning,2020-07,3,16536,29901,46437,0.0,47.250761035007606
Sungai Pakning,2020-08,6,30173,44000,74173,0.0,79.98786702256733
Sungai Pakning,2020-09,3,12838,19934,32772,0.0,106.77645277304562
Sungai Pakning,2020-10,3,8959,13026,21985,-50.0,-85.2709646730938
Sungai Pakning,2020-11,7,16990,44401,61391,16.666666666666675,-30.08655050677599
Sungai Pakning,2020-12,9,15094,70132,85226,-9.999999999999998,-27.037531675912607
Sungai Pakning,2021-01,9,13014,37052,50066,-18.181818181818176,-42.042507871828114
Sungai Pakning,2021-02,2,6698,10096,16794,-77.77777777777779,-84.125003544792
Sungai Pakning,2021-03,6,21631,22386,44017,-14.28571428571429,-23.462006607546513
Sungai Pakning,2021-04,6,4078,30321,34399,-33.333333333333336,-40.72101880094435
Sungai Pakning,2021-05,9,25728,26387,52115,12.5,-27.637151307293905
Sungai Pakning,2021-06,4,2314,6825,9139,0.0,-85.79113481241934
Sungai Pakning,2021-07,3,3089,129,3218,0.0,-93.0701811055839
Sungai Pakning,2021-08,5,18286,33089,51375,-16.666666666666664,-30.73625173580683
Sungai Pakning,2021-09,1,5512,9967,15479,-66.66666666666667,-52.76760649334798
Sungai Pakning,2021-10,8,8374,119381,127755,166.66666666666666,481.1007505117125
Sungai Pakning,2021-11,6,934,57069,58003,-14.28571428571429,-5.51872424296721
Sungai Pakning,2021-12,4,4819,11918,16737,-55.55555555555556,-80.3616267336259
Sungai Pakning,2022-01,4,5989,19008,24997,-55.55555555555556,-50.071905085287426
Sungai Pakning,2022-02,7,94770,60761,155531,250.0,826.1105156603548
Sungai Pakning,2022-03,7,10444,29826,40270,16.666666666666675,-8.51262012404298
Sungai Pakning,2022-04,5,7012,81207,88219,-16.666666666666664,156.45803657083053
Sungai Pakning,2022-05,2,32651,7798,40449,-77.77777777777779,-22.38510985320925
Sungai Pakning,2022-06,2,3528,15719,19247,-50.0,110.60291060291058
Sungai Pakning,2022-07,8,39005,16020,55025,166.66666666666666,1609.9129894344312
Sungai Pakning,2022-08,3,4216,12519,16735,-40.0,-67.4257907542579
Sungai Pakning,2022-09,11,17343,71945,89288,1000.0,476.83312875508756
Sungai Pakning,2022-10,7,16403,39373,55776,-12.5,-56.34143477750382
Sungai Pakning,2022-11,7,66252,24543,90795,16.666666666666675,56.535006809992595
Sungai Pakning,2022-12,9,97046,37158,134204,125.0,701.8402342116269
Sungai Pakning,2023-01,10,11001,22480,33481,150.0,33.94007280873706
Sungai Pakning,2023-02,13,50804,46170,96974,85.71428571428572,-37.64972899293389
Sungai Pakning,2023-03,13,83004,17045,100049,85.71428571428572,148.44549292277128
Sungai Pakning,2023-04,12,19481,33612,53093,140.0,-39.81681950600211
Sungai Pakning,2023-05,7,4312,90298,94610,250.0,133.89947835545993
Sungai Pakning,2023-06,14,73484,106567,180051,600.0,835.4756585441887
Sungai Pakning,2023-07,10,49063,41330,90393,25.0,64.2762380736029
Sungai Pakning,2023-08,12,29110,84594,113704,300.0,579.4383029578727
Sungai Pakning,2023-09,13,10656,78438,89094,18.181818181818187,-0.21727443777439515
Sungai Pakning,2023-10,14,30712,113581,144293,100.0,158.70087492828455
Sungai Pakning,2023-11,7,2936,54036,56972,0.0,-37.252051324412136
Sungai Pakning,2023-12,12,72385,106220,178605,33.33333333333333,33.08470686417693
Sungai Pakning,2024-01,9,24340,53051,77391,-9.999999999999998,131.1490098862041
Sungai Pakning,2024-02,11,11739,87241,98980,-15.384615384615385,2.0685957060655458
Sungai Pakning,2024-03,9,6381,108072,114453,-30.76923076923077,14.396945496706604
Sungai Pakning,2024-04,9,22691,29954,52645,-25.0,-0.8438023844951292
Sungai Pakning,2024-05,11,40205,55289,95494,57.14285714285714,0.9343621181693296
Sungai Pakning,2024-06,9,7865,27371,35236,-35.71428571428571,-80.42998928081488
Sungai Pakning,2024-07,7,20010,46579,66589,-30.000000000000004,-26.333897536313657
Sungai Pakning,2024-08,4,4436,1817,6253,-66.66666666666667,-94.50063322310561
Sungai Pakning,2024-09,7,3348,29238,32586,-46.15384615384615,-63.42514647451007
Sungai Pakning,2024-10,10,12904,81058,93962,-28.57142857142857,-34.88110996375431
Sungai Pakning,2024-11,9,8974,47009,55983,28.57142857142858,-1.7359404619813223
Sungai Pakning,2024-12,12,15002,62690,77692,0.0,-56.50065787631926
Sungai Pakning,2025-01,12,43079,19790,62869,33.33333333333333,-18.76445581527568
Sungai Pakning,2025-02,10,85846,39114,124960,-9.090909090909093,26.247726813497675
Sungai Pakning,2025-03,6,8448,44607,53055,-33.333333333333336,-53.64472753007785
Sungai Pakning,2025-04,13,33781,40873,74654,44.44444444444444,41.80643935796371
Sungai Pakning,2025-05,7,10604,10354,20958,-36.36363636363637,-78.05307139715585
Sungai Pakning,2025-06,7,18799,32240,51039,-22.22222222222222,44.84901804972188
Sungai Pakning,2025-07,14,25366,51962,77328,100.0,16.127288290858854
Sungai Pakning,2025-08,16,43101,51717,94818,300.0,1416.360147129378
Sungai Pakning,2025-09,18,22074,89959,112033,157.14285714285717,243.80715644755418
Sungai Pakning,2025-10,16,29825,74505,104330,60.00000000000001,11.034247887443872
Sungai Pakning,2025-11,16,37329,98751,136080,77.77777777777777,143.07379025775683
Sungai Pakning,2025-12,14,51983,73316,125299,16.666666666666675,61.276579313185394
Sungai Pakning,2026-01,21,43529,52211,95740,75.0,52.28490989199766
Sungai Pakning,2026-02,19,29081,36048,65129,89.99999999999999,-47.88012163892446
Sungai Pakning,2026-03,14,13558,95370,108928,133.33333333333334,105.31146923004431
Sungai Pakning,2026-04,19,33368,84271,117639,46.153846153846146,57.578964288584665
Sungai Pakning,2026-05,21,49002,102070,151072,200.0,620.8321404714189
Sungai Pakning,2026-06,26,106533,129315,235848,271.42857142857144,362.0936930582496
Sungai Pakning,2026-07,26,57361,55289,112650,85.71428571428572,45.678150217256366
Sungai Pakning,2026-08,27,94691,143365,238056,68.75,151.06625324305512
Surabaya,2019-01,446,966857,463945,1430802,,
Surabaya,2019-02,423,1033994,631372,1665366,,
Surabaya,2019-03,480,991411,596506,1587917,,
Surabaya,2019-04,495,1036293,447740,1484033,,
Surabaya,2019-05,518,1024453,675273,1699726,,
Surabaya,2019-06,356,755974,383878,1139852,,
Surabaya,2019-07,417,757388,527509,1284897,,
Surabaya,2019-08,398,777371,498823,1276194,,
Surabaya,2019-09,453,1279905,666820,1946725,,
Surabaya,2019-10,406,805504,469307,1274811,,
Surabaya,2019-11,482,1112539,550641,1663180,,
Surabaya,2019-12,530,1029808,571719,1601527,,
Surabaya,2020-01,524,826950,563177,1390127,17.48878923766817,-2.8428112345383894
Surabaya,2020-02,473,728684,537876,1266560,11.820330969267134,-23.94704827647496
Surabaya,2020-03,537,1052669,510064,1562733,11.874999999999991,-1.5859771008182366
Surabaya,2020-04,485,1112104,520039,1632143,-2.020202020202022,9.980236288546141
Surabaya,2020-05,478,719196,601924,1321120,-7.722007722007717,-22.27453130681063
Surabaya,2020-06,507,852429,566358,1418787,42.415730337078664,24.471159413678258
Surabaya,2020-07,516,689758,695296,1385054,23.741007194244613,7.79494387487869
Surabaya,2020-08,525,849676,584263,1433939,31.909547738693476,12.360581541677828
Surabaya,2020-09,530,796181,597350,1393531,16.997792494481235,-28.416648473718688
Surabaya,2020-10,531,947923,595952,1543875,30.788177339901466,21.106187505441977
Surabaya,2020-11,536,823099,594459,1417558,11.203319502074693,-14.768215106001758
Surabaya,2020-12,513,1093712,499669,1593381,-3.20754716981132,-0.5086395671131339
Surabaya,2021-01,544,1066338,661519,1727857,3.8167938931297662,24.294902552068987
Surabaya,2021-02,511,890244,514731,1404975,8.033826638477803,10.928420288024254
Surabaya,2021-03,597,1086108,644455,1730563,11.17318435754191,10.739518522997859
Surabaya,2021-04,567,1098717,569252,1667969,16.90721649484537,2.195028254264475
Surabaya,2021-05,522,952209,583170,1535379,9.205020920502083,16.217981712486385
Surabaya,2021-06,514,962010,567575,1529585,1.3806706114398493,7.809346998527622
Surabaya,2021-07,535,1024823,575263,1600086,3.6821705426356655,15.525170859764303
Surabaya,2021-08,541,886689,626084,1512773,3.0476190476190546,5.497723403854704
Surabaya,2021-09,544,804314,556664,1360978,2.6415094339622636,-2.336008312696314
Surabaya,2021-10,532,889620,587712,1477332,0.18832391713747842,-4.310128734515429
Surabaya,2021-11,504,871738,591027,1462765,-5.970149253731338,3.1890758614462333
Surabaya,2021-12,526,966692,608604,1575296,2.5341130604288553,-1.1350078857473522
Surabaya,2022-01,423,936376,490944,1427320,-22.24264705882353,-17.39362690315228
Surabaya,2022-02,398,634347,544821,1179168,-22.113502935420748,-16.07195857577537
Surabaya,2022-03,451,875191,599263,1474454,-24.45561139028476,-14.799172292485164
Surabaya,2022-04,470,1051628,639142,1690770,-17.107583774250447,1.3669918325820207
Surabaya,2022-05,395,811318,491019,1302337,-24.329501915708818,-15.178141683584311
Surabaya,2022-06,438,801032,599383,1400415,-14.785992217898835,-8.444774236149023
Surabaya,2022-07,438,833944,601266,1435210,-18.130841121495322,-10.304196149456967
Surabaya,2022-08,477,858873,571767,1430640,-11.829944547134941,-5.429301025335597
Surabaya,2022-09,531,894379,611559,1505938,-2.389705882352944,10.651164089353383
Surabaya,2022-10,533,867832,619707,1487539,0.1879699248120259,0.6909076632740652
Surabaya,2022-11,513,780159,599790,1379949,1.7857142857142794,-5.661606614869785
Surabaya,2022-12,565,1015488,615597,1631085,7.414448669201512,3.541493154302433
Surabaya,2023-01,540,913315,595370,1508685,27.65957446808511,5.700543676260406
Surabaya,2023-02,506,686609,562782,1249391,27.135678391959807,5.955300686585807
Surabaya,2023-03,602,1148768,627294,1776062,33.481152993348104,20.45557202869672
Surabaya,2023-04,482,888479,430172,1318651,2.553191489361706,-22.008848039650573
Surabaya,2023-05,561,975462,529048,1504510,42.025316455696206,15.523862103280495
Surabaya,2023-06,542,926258,616808,1543066,23.74429223744292,10.186337621347953
Surabaya,2023-07,620,973610,786680,1760290,41.55251141552512,22.650343852119192
Surabaya,2023-08,575,984431,622971,1607402,20.545073375262056,12.35544930939998
Surabaya,2023-09,565,948113,686447,1634560,6.4030131826742,8.540989071263215
Surabaya,2023-10,563,1006033,613655,1619688,5.628517823639778,8.883733468500665
Surabaya,2023-11,577,953935,609715,1563650,12.475633528265107,13.312158637746752
Surabaya,2023-12,577,1011987,667757,1679744,2.123893805309729,2.983228954959438
Surabaya,2024-01,594,954101,666553,1620654,10.000000000000009,7.421628769425026
Surabaya,2024-02,520,1008197,533503,1541700,2.7667984189723382,23.396118588976545
Surabaya,2024-03,566,1041707,592152,1633859,-5.980066445182719,-8.006646164379394
Surabaya,2024-04,490,823720,574850,1398570,1.6597510373443924,6.060663511421893
Surabaya,2024-05,624,1030666,606936,1637602,11.229946524064172,8.84620241806302
Surabaya,2024-06,574,892811,624429,1517240,5.904059040590415,-1.673680840612135
Surabaya,2024-07,568,871298,635474,1506772,-8.387096774193548,-14.402058751682967
Surabaya,2024-08,539,1149985,541136,1691121,-6.260869565217386,5.208342405944499
Surabaya,2024-09,488,845113,489750,1334863,-13.628318584070797,-18.335025939702433
Surabaya,2024-10,529,1040703,549332,1590035,-6.039076376554176,-1.830784694336196
Surabaya,2024-11,489,931921,516298,1448219,-15.25129982668978,-7.382150737057525
Surabaya,2024-12,513,969373,519959,1489332,-11.09185441941074,-11.335774975234326
Surabaya,2025-01,506,992427,572817,1565244,-14.814814814814813,-3.418990111399467
Surabaya,2025-02,457,978034,582313,1560347,-12.115384615384617,1.2095089835895356
Surabaya,2025-03,488,970562,590113,1560675,-13.780918727915193,-4.479211486425694
Surabaya,2025-04,463,1003994,535795,1539789,-5.5102040816326525,10.097385186297437
Surabaya,2025-05,535,994236,686896,1681132,-14.262820512820518,2.658155034007037
Surabaya,2025-06,492,1073823,669656,1743479,-14.28571428571429,14.911220373836699
Surabaya,2025-07,515,867100,690763,1557863,-9.330985915492962,3.390758522191817
Surabaya,2025-08,538,1072975,736083,1809058,-0.18552875695733162,6.9738948307069615
Surabaya,2025-09,502,951676,677508,1629184,2.868852459016402,22.04877953767541
Surabaya,2025-10,508,823066,712526,1535592,-3.969754253308133,-3.4240126789661818
Surabaya,2025-11,500,1050065,638089,1688154,2.249488752556239,16.56759095136855
Surabaya,2025-12,566,1023681,742818,1766499,10.331384015594548,18.610155425385333
Surabaya,2026-01,512,1006424,628870,1635294,1.1857707509881354,4.475340585876708
Surabaya,2026-02,438,1055698,510412,1566110,-4.157549234135671,0.3693409222435884
Surabaya,2026-03,451,1070997,532798,1603795,-7.581967213114749,2.7629070754641383
Surabaya,2026-04,476,1020920,600831,1621751,2.807775377969768,5.322937103720049
Surabaya,2026-05,514,1061562,597174,1658736,-3.9252336448598157,-1.332197590671047
Surabaya,2026-06,515,1091800,632485,1724285,4.674796747967469,-1.100902276425464
Surabaya,2026-07,543,1000285,754776,1755061,5.436893203883497,12.658237598556488
Surabaya,2026-08,475,904663,604010,1508673,-11.710037174721188,-16.604498031572234
Tanah Merah,2019-01,6,40,43667,43707,,
Tanah Merah,2019-02,5,20,27594,27614,,
Tanah Merah,2019-03,6,40,32057,32097,,
Tanah Merah,2019-04,4,1374,16979,18353,,
Tanah Merah,2019-05,4,169,22166,22335,,
Tanah Merah,2019-06,6,209,32031,32240,,
Tanah Merah,2019-07,3,0,17791,17791,,
Tanah Merah,2019-08,6,40,33432,33472,,
Tanah Merah,2019-09,7,358,37462,37820,,
Tanah Merah,2019-10,6,20,34076,34096,,
Tanah Merah,2019-11,3,1109,9166,10275,,
Tanah Merah,2019-12,2,20,10716,10736,,
Tanah Merah,2020-01,4,149,22283,22432,-33.333333333333336,-48.676413389159634
Tanah Merah,2020-02,5,6073,22070,28143,0.0,1.9156949373506205
Tanah Merah,2020-03,4,189,21426,21615,-33.333333333333336,-32.657257687634356
Tanah Merah,2020-04,3,189,15315,15504,-25.0,-15.523347681577949
Tanah Merah,2020-05,2,149,8851,9000,-50.0,-59.70449966420417
Tanah Merah,2020-06,3,1503,11410,12913,-50.0,-59.94727047146402
Tanah Merah,2020-07,0,0,0,0,-100.0,-100.0
Tanah Merah,2020-08,7,5864,21141,27005,16.666666666666675,-19.32062619502868
Tanah Merah,2020-09,5,4817,15226,20043,-28.57142857142857,-47.00423056583818
Tanah Merah,2020-10,4,4290,7505,11795,-33.333333333333336,-65.40649929610511
Tanah Merah,2020-11,1,149,5243,5392,-66.66666666666667,-47.523114355231144
Tanah Merah,2020-12,1,20,5036,5056,-50.0,-52.90611028315946
Tanah Merah,2021-01,3,3234,7035,10269,-25.0,-54.22164764621969
Tanah Merah,2021-02,2,0,11996,11996,-60.0,-57.37483566073269
Tanah Merah,2021-03,2,0,7263,7263,-50.0,-66.39833448993755
Tanah Merah,2021-04,0,0,0,0,-100.0,-100.0
Tanah Merah,2021-05,3,2668,8354,11022,50.0,22.466666666666658
Tanah Merah,2021-06,2,3234,1131,4365,-33.333333333333336,-66.19685588166963
Tanah Merah,2021-07,0,0,0,0,,
Tanah Merah,2021-08,0,0,0,0,-100.0,-100.0
Tanah Merah,2021-09,0,0,0,0,-100.0,-100.0
Tanah Merah,2021-10,1,0,5904,5904,-75.0,-49.944891903348875
Tanah Merah,2021-11,4,2049,15190,17239,300.0,219.71439169139467
Tanah Merah,2021-12,9,0,52018,52018,800.0,928.8370253164557
Tanah Merah,2022-01,9,1224,45796,47020,200.0,357.88294868049474
Tanah Merah,2022-02,5,149,23012,23161,150.0,93.07269089696565
Tanah Merah,2022-03,7,0,40530,40530,250.0,458.0338703015283
Tanah Merah,2022-04,5,0,28765,28765,inf,inf
Tanah Merah,2022-05,3,231,11992,12223,0.0,10.896389040101617
Tanah Merah,2022-06,0,0,0,0,-100.0,-100.0
Tanah Merah,2022-07,3,0,13414,13414,inf,inf
Tanah Merah,2022-08,7,318,24707,25025,inf,inf
Tanah Merah,2022-09,6,338,32215,32553,inf,inf
Tanah Merah,2022-10,10,1846,48959,50805,900.0,760.5182926829268
Tanah Merah,2022-11,7,338,31947,32285,75.0,87.27884448053831
Tanah Merah,2022-12,5,467,24553,25020,-44.44444444444444,-51.9012649467492
Tanah Merah,2023-01,12,338,55151,55489,33.33333333333333,18.01148447469163
Tanah Merah,2023-02,15,1043,64390,65433,200.0,182.51370838910236
Tanah Merah,2023-03,10,596,56788,57384,42.85714285714286,41.5840118430792
Tanah Merah,2023-04,7,0,22263,22263,39.99999999999999,-22.603858856248916
Tanah Merah,2023-05,14,745,48718,49463,366.6666666666667,304.67152090321525
Tanah Merah,2023-06,12,1691,54816,56507,inf,inf
Tanah Merah,2023-07,7,80,37460,37540,133.33333333333334,179.85686596093635
Tanah Merah,2023-08,11,209,60615,60824,57.14285714285714,143.05294705294705
Tanah Merah,2023-09,7,60,36472,36532,16.666666666666675,12.223143796270698
Tanah Merah,2023-10,9,927,35003,35930,-9.999999999999998,-29.278614309615193
Tanah Merah,2023-11,10,269,47513,47782,42.85714285714286,48.000619482731906
Tanah Merah,2023-12,7,1394,33685,35079,39.99999999999999,40.20383693045564
Tanah Merah,2024-01,10,616,55151,55767,-16.666666666666664,0.501000198237489
Tanah Merah,2024-02,12,676,57799,58475,-19.999999999999996,-10.633778063056864
Tanah Merah,2024-03,11,805,54189,54994,10.000000000000009,-4.164924020632932
Tanah Merah,2024-04,12,845,61416,62261,71.42857142857142,179.6613214750932
Tanah Merah,2024-05,8,767,43246,44013,-42.85714285714286,-11.018336938721873
Tanah Merah,2024-06,12,11455,53522,64977,0.0,14.989293361884371
Tanah Merah,2024-07,11,894,57102,57996,57.14285714285714,54.4912093766649
Tanah Merah,2024-08,8,596,43722,44318,-27.27272727272727,-27.13731421807182
Tanah Merah,2024-09,14,745,72789,73534,100.0,101.28654330450017
Tanah Merah,2024-10,16,1835,76618,78453,77.77777777777777,118.34956860562204
Tanah Merah,2024-11,16,1383,82408,83791,60.00000000000001,75.36101460801139
Tanah Merah,2024-12,16,2676,76735,79411,128.57142857142856,126.37760483480145
Tanah Merah,2025-01,20,1362,95693,97055,100.0,74.03661663707928
Tanah Merah,2025-02,28,1829,134872,136701,133.33333333333334,133.77682770414708
Tanah Merah,2025-03,19,3717,97784,101501,72.72727272727273,84.56740735352948
Tanah Merah,2025-04,14,914,68551,69465,16.666666666666675,11.57064615088097
Tanah Merah,2025-05,11,467,37727,38194,37.5,-13.221093767750435
Tanah Merah,2025-06,21,7008,102098,109106,75.0,67.91480062175847
Tanah Merah,2025-07,26,1378,129322,130700,136.36363636363637,125.36036968066765
Tanah Merah,2025-08,24,11215,115791,127006,200.0,186.5788167336071
Tanah Merah,2025-09,22,7692,115628,123320,57.14285714285714,67.70473522452198
Tanah Merah,2025-10,24,1143,127606,128749,50.0,64.10972174422902
Tanah Merah,2025-11,24,1252,124566,125818,50.0,50.1569380959769
Tanah Merah,2025-12,23,1721,123833,125554,43.75,58.106559544647475
Tanah Merah,2026-01,24,1144,127726,128870,19.999999999999996,32.78038225748288
Tanah Merah,2026-02,17,1521,84602,86123,-39.28571428571429,-36.998997812744605
Tanah Merah,2026-03,22,2465,111108,113573,15.789473684210531,11.893478881981467
Tanah Merah,2026-04,17,1595,90628,92223,21.42857142857142,32.76182250053985
Tanah Merah,2026-05,3,189,15315,15504,-72.72727272727273,-59.407236738754776
Tanah Merah,2026-06,6,637,31045,31682,-71.42857142857143,-70.96218356460689
Tanah Merah,2026-07,9,1084,46774,47858,-65.38461538461539,-63.38332058148431
Tanah Merah,2026-08,7,656,36080,36736,-70.83333333333333,-71.07538226540478
Tanjung Benete,2019-01,11,12857,46710,59567,,
Tanjung Benete,2019-02,5,4369,32479,36848,,
Tanjung Benete,2019-03,9,4113,28692,32805,,
Tanjung Benete,2019-04,9,10654,11230,21884,,
Tanjung Benete,2019-05,5,2156,40622,42778,,
Tanjung Benete,2019-06,6,9805,9478,19283,,
Tanjung Benete,2019-07,10,27248,27694,54942,,
Tanjung Benete,2019-08,6,7581,31113,38694,,
Tanjung Benete,2019-09,8,20099,39672,59771,,
Tanjung Benete,2019-10,5,3976,436,4412,,
Tanjung Benete,2019-11,9,34990,27013,62003,,
Tanjung Benete,2019-12,8,16788,33199,49987,,
Tanjung Benete,2020-01,6,4430,3800,8230,-45.45454545454546,-86.18362516158275
Tanjung Benete,2020-02,11,30717,50736,81453,120.00000000000001,121.05134607034303
Tanjung Benete,2020-03,8,3907,29049,32956,-11.111111111111116,0.4602956866331276
Tanjung Benete,2020-04,7,13383,47831,61214,-22.22222222222222,179.72034363004937
Tanjung Benete,2020-05,10,9699,431,10130,100.0,-76.31960353452709
Tanjung Benete,2020-06,8,5600,32743,38343,33.33333333333333,98.84354094279935
Tanjung Benete,2020-07,7,4493,50173,54666,-30.000000000000004,-0.502347930544933
Tanjung Benete,2020-08,12,11590,70644,82234,100.0,112.52390551506694
Tanjung Benete,2020-09,12,10135,88420,98555,50.0,64.88765454819227
Tanjung Benete,2020-10,11,6395,79695,86090,120.00000000000001,1851.269265639166
Tanjung Benete,2020-11,12,20539,34695,55234,33.33333333333333,-10.917213683208882
Tanjung Benete,2020-12,12,15594,69391,84985,50.0,70.01420369296017
Tanjung Benete,2021-01,9,19631,34105,53736,50.0,552.9283110571082
Tanjung Benete,2021-02,8,8198,1821,10019,-27.27272727272727,-87.69965501577597
Tanjung Benete,2021-03,6,11361,29247,40608,-25.0,23.218837237528824
Tanjung Benete,2021-04,13,10689,80543,91232,85.71428571428572,49.03780181004345
Tanjung Benete,2021-05,8,16793,31486,48279,-19.999999999999996,376.5942744323791
Tanjung Benete,2021-06,10,32770,57618,90388,25.0,135.73533630649663
Tanjung Benete,2021-07,7,15009,37877,52886,0.0,-3.256137269966708
Tanjung Benete,2021-08,10,18526,58224,76750,-16.666666666666664,-6.668774472845785
Tanjung Benete,2021-09,8,7716,46710,54426,-33.333333333333336,-44.77601339353661
Tanjung Benete,2021-10,13,23627,62664,86291,18.181818181818187,0.23347659426182776
Tanjung Benete,2021-11,10,26315,25955,52270,-16.666666666666664,-5.366259912372817
Tanjung Benete,2021-12,13,30595,57785,88380,8.333333333333325,3.994822615755722
Tanjung Benete,2022-01,12,24891,56691,81582,33.33333333333333,51.82000893255918
Tanjung Benete,2022-02,12,17612,50305,67917,50.0,577.8820241541072
Tanjung Benete,2022-03,13,23891,59942,83833,116.66666666666666,106.4445429472025
Tanjung Benete,2022-04,14,43442,91082,134524,7.692307692307687,47.45264819361628
Tanjung Benete,2022-05,12,32927,59573,92500,50.0,91.59468920234471
Tanjung Benete,2022-06,13,30788,114258,145046,30.000000000000004,60.47041642695934
Tanjung Benete,2022-07,17,26018,74168,100186,142.85714285714283,89.43765835949023
Tanjung Benete,2022-08,15,26603,79350,105953,50.0,38.04951140065147
Tanjung Benete,2022-09,15,24552,76556,101108,87.5,85.77150626538787
Tanjung Benete,2022-10,14,22541,58569,81110,7.692307692307687,-6.004102397700805
Tanjung Benete,2022-11,18,36925,103240,140165,80.0,168.15572986416686
Tanjung Benete,2022-12,16,35796,87541,123337,23.076923076923084,39.55306630459381
Tanjung Benete,2023-01,13,36507,47620,84127,8.333333333333325,3.1195606874065307
Tanjung Benete,2023-02,16,36932,35044,71976,33.33333333333333,5.976412385706076
Tanjung Benete,2023-03,16,25322,61456,86778,23.076923076923084,3.5129364331468516
Tanjung Benete,2023-04,16,29383,6600,35983,14.28571428571428,-73.2516130950611
Tanjung Benete,2023-05,19,15628,5805,21433,58.33333333333333,-76.8291891891892
Tanjung Benete,2023-06,20,36558,4909,41467,53.846153846153854,-71.41113853536119
Tanjung Benete,2023-07,21,35240,74246,109486,23.529411764705888,9.282734114546942
Tanjung Benete,2023-08,36,38257,121371,159628,140.0,50.6592545751418
Tanjung Benete,2023-09,22,33738,34843,68581,46.66666666666666,-32.170550302646674
Tanjung Benete,2023-10,35,32764,109348,142112,150.0,75.20897546541734
Tanjung Benete,2023-11,24,34108,90949,125057,33.33333333333333,-10.778725074019901
Tanjung Benete,2023-12,22,46772,69000,115772,37.5,-6.133601433470892
Tanjung Benete,2024-01,28,35821,94935,130756,115.38461538461537,55.42691407039357
Tanjung Benete,2024-02,29,32032,58390,90422,81.25,25.62798710681338
Tanjung Benete,2024-03,28,43023,53729,96752,75.0,11.493696559035694
Tanjung Benete,2024-04,25,36709,112638,149347,56.25,315.0487730317094
Tanjung Benete,2024-05,24,24297,98778,123075,26.315789473684205,474.2313255260579
Tanjung Benete,2024-06,18,35158,3992,39150,-9.999999999999998,-5.587575662575062
Tanjung Benete,2024-07,24,13043,30049,43092,14.28571428571428,-60.64154321100415
Tanjung Benete,2024-08,23,42167,73706,115873,-36.111111111111114,-27.410604655824788
Tanjung Benete,2024-09,15,45567,69512,115079,-31.818181818181824,67.80011956664383
Tanjung Benete,2024-10,19,40299,1303,41602,-45.714285714285715,-70.72590632740375
Tanjung Benete,2024-11,19,37331,1303,38634,-20.833333333333336,-69.10688725940972
Tanjung Benete,2024-12,19,61348,35649,96997,-13.636363636363635,-16.217220053208024
Tanjung Benete,2025-01,16,19303,5198,24501,-42.85714285714286,-81.26204533635169
Tanjung Benete,2025-02,16,27644,9301,36945,-44.827586206896555,-59.14158058879476
Tanjung Benete,2025-03,18,35881,45467,81348,-35.71428571428571,-15.921117909707295
Tanjung Benete,2025-04,18,32008,62142,94150,-28.000000000000004,-36.958894386897626
Tanjung Benete,2025-05,21,34035,31357,65392,-12.5,-46.86816981515336
Tanjung Benete,2025-06,17,27763,21549,49312,-5.555555555555558,25.95657726692209
Tanjung Benete,2025-07,25,42264,70616,112880,4.166666666666674,161.951174231876
Tanjung Benete,2025-08,21,21813,17452,39265,-8.695652173913048,-66.11376248133732
Tanjung Benete,2025-09,18,40827,18986,59813,19.999999999999996,-48.024400629133034
Tanjung Benete,2025-10,26,60700,52165,112865,36.8421052631579,171.2970530262968
Tanjung Benete,2025-11,25,49851,123957,173808,31.578947368421062,349.88352228606925
Tanjung Benete,2025-12,26,4042,168601,172643,36.8421052631579,77.98797900966011
Tanjung Benete,2026-01,15,48998,60654,109652,-6.25,347.5409166972777
Tanjung Benete,2026-02,12,28877,40553,69430,-25.0,87.92800108269047
Tanjung Benete,2026-03,15,32968,51926,84894,-16.666666666666664,4.359050007375709
Tanjung Benete,2026-04,11,28966,69289,98255,-38.888888888888886,4.360063728093477
Tanjung Benete,2026-05,9,18541,0,18541,-57.14285714285714,-71.64637876192806
Tanjung Benete,2026-06,12,29554,60418,89972,-29.411764705882348,82.4545749513303
Tanjung Benete,2026-07,16,18193,78762,96955,-36.0,-14.107902197023392
Tanjung Benete,2026-08,17,46982,38472,85454,-19.047619047619047,117.63402521329427
Tanjung Geren,2019-01,60,269981,30141,300122,,
Tanjung Geren,2019-02,56,275842,31211,307053,,
Tanjung Geren,2019-03,60,263758,71651,335409,,
Tanjung Geren,2019-04,58,247626,31094,278720,,
Tanjung Geren,2019-05,54,290575,70019,360594,,
Tanjung Geren,2019-06,46,268739,48072,316811,,
Tanjung Geren,2019-07,61,308848,22764,331612,,
Tanjung Geren,2019-08,64,326360,20678,347038,,
Tanjung Geren,2019-09,64,342874,34693,377567,,
Tanjung Geren,2019-10,81,404965,30168,435133,,
Tanjung Geren,2019-11,66,352673,25033,377706,,
Tanjung Geren,2019-12,71,268897,52530,321427,,
Tanjung Geren,2020-01,78,346043,25395,371438,30.000000000000004,23.76233664976244
Tanjung Geren,2020-02,79,364755,26325,391080,41.071428571428584,27.365633945931165
Tanjung Geren,2020-03,81,398348,22542,420890,35.00000000000001,25.48560116156693
Tanjung Geren,2020-04,77,320891,31379,352270,32.75862068965518,26.38849024110219
Tanjung Geren,2020-05,82,292878,38324,331202,51.85185185185186,-8.150995302195819
Tanjung Geren,2020-06,82,219165,53266,272431,78.26086956521738,-14.008351982727874
Tanjung Geren,2020-07,82,343546,26614,370160,34.42622950819671,11.624428549027165
Tanjung Geren,2020-08,92,321586,30246,351832,43.75,1.3814049181934074
Tanjung Geren,2020-09,80,256485,77801,334286,25.0,-11.463131046940012
Tanjung Geren,2020-10,78,386203,32246,418449,-3.703703703703709,-3.8342299940477997
Tanjung Geren,2020-11,57,208813,17178,225991,-13.636363636363635,-40.16748476328149
Tanjung Geren,2020-12,63,292070,31370,323440,-11.267605633802813,0.6262697284297847
Tanjung Geren,2021-01,59,244096,36546,280642,-24.35897435897436,-24.444456409952675
Tanjung Geren,2021-02,64,231526,46800,278326,-18.9873417721519,-28.8314411373632
Tanjung Geren,2021-03,58,210857,51604,262461,-28.395061728395067,-37.64142650098601
Tanjung Geren,2021-04,48,239904,52950,292854,-37.66233766233766,-16.866607999545803
Tanjung Geren,2021-05,57,190733,41515,232248,-30.487804878048784,-29.877235040851204
Tanjung Geren,2021-06,49,192148,17022,209170,-40.243902439024396,-23.220925665581372
Tanjung Geren,2021-07,55,208329,45667,253996,-32.92682926829268,-31.382105035660256
Tanjung Geren,2021-08,53,211963,28433,240396,-42.391304347826086,-31.67307123854567
Tanjung Geren,2021-09,55,271655,12198,283853,-31.25,-15.086781977109421
Tanjung Geren,2021-10,66,230436,31576,262012,-15.384615384615385,-37.38496208618015
Tanjung Geren,2021-11,65,262640,46326,308966,14.035087719298245,36.71606391404967
Tanjung Geren,2021-12,62,220239,22462,242701,-1.5873015873015928,-24.96258966114272
Tanjung Geren,2022-01,73,276456,36674,313130,23.728813559322038,11.576314307908287
Tanjung Geren,2022-02,63,251009,46179,297188,-1.5625,6.776945021305947
Tanjung Geren,2022-03,62,304401,19826,324227,6.896551724137923,23.53340115293321
Tanjung Geren,2022-04,66,304935,17939,322874,37.5,10.250841716350134
Tanjung Geren,2022-05,67,364517,29799,394316,17.543859649122815,69.78230167751714
Tanjung Geren,2022-06,50,184801,24820,209621,2.0408163265306145,0.21561409379931007
Tanjung Geren,2022-07,81,336429,22073,358502,47.272727272727266,41.14474243688877
Tanjung Geren,2022-08,97,392872,56652,449524,83.01886792452831,86.99312800545766
Tanjung Geren,2022-09,91,302403,53666,356069,65.45454545454545,25.44133759375451
Tanjung Geren,2022-10,89,390407,43271,433678,34.84848484848484,65.5183732042807
Tanjung Geren,2022-11,80,352474,33011,385485,23.076923076923084,24.766155499310607
Tanjung Geren,2022-12,90,369774,74527,444301,45.16129032258065,83.06517072447168
Tanjung Geren,2023-01,88,314923,47970,362893,20.547945205479444,15.892121483090094
Tanjung Geren,2023-02,73,316629,34746,351375,15.873015873015884,18.233239565527537
Tanjung Geren,2023-03,75,340922,33331,374253,20.967741935483875,15.429313413133382
Tanjung Geren,2023-04,62,294280,29637,323917,-6.060606060606055,0.3230362308516588
Tanjung Geren,2023-05,79,397071,46553,443624,17.910447761194035,12.504691668610967
Tanjung Geren,2023-06,82,359083,39597,398680,63.99999999999999,90.19086828132679
Tanjung Geren,2023-07,91,411628,60944,472572,12.34567901234569,31.818511472739353
Tanjung Geren,2023-08,90,412945,20216,433161,-7.216494845360821,-3.6400726101387226
Tanjung Geren,2023-09,81,365274,24979,390253,-10.989010989010994,9.600386441953667
Tanjung Geren,2023-10,86,423291,32119,455410,-3.3707865168539297,5.011091178247451
Tanjung Geren,2023-11,91,390253,35149,425402,13.749999999999996,10.355007328430421
Tanjung Geren,2023-12,83,433364,16528,449892,-7.777777777777772,1.2583811425137537
Tanjung Geren,2024-01,73,408919,65469,474388,-17.04545454545454,30.723932398806262
Tanjung Geren,2024-02,74,322860,22350,345210,1.3698630136986356,-1.7545357524012761
Tanjung Geren,2024-03,83,378004,62873,440877,10.666666666666668,17.801861307724987
Tanjung Geren,2024-04,81,411751,46434,458185,30.645161290322577,41.45135945319325
Tanjung Geren,2024-05,78,327447,60393,387840,-1.2658227848101222,-12.574612735109014
Tanjung Geren,2024-06,78,485155,25212,510367,-4.878048780487809,28.01419684960369
Tanjung Geren,2024-07,80,369319,34373,403692,-12.08791208791209,-14.57555674056017
Tanjung Geren,2024-08,85,347861,40358,388219,-5.555555555555558,-10.375356968886862
Tanjung Geren,2024-09,74,308173,33826,341999,-8.64197530864198,-12.364799245617586
Tanjung Geren,2024-10,103,461134,43691,504825,19.767441860465105,10.850662040798408
Tanjung Geren,2024-11,86,361821,41395,403216,-5.494505494505497,-5.215302231771357
Tanjung Geren,2024-12,85,372665,24894,397559,2.4096385542168752,-11.632347318912096
Tanjung Geren,2025-01,76,238002,51682,289684,4.109589041095885,-38.93521758560503
Tanjung Geren,2025-02,90,435944,48483,484427,21.62162162162162,40.32820601952434
Tanjung Geren,2025-03,85,375442,32165,407607,2.4096385542168752,-7.546322443674769
Tanjung Geren,2025-04,81,388457,98962,487419,0.0,6.3803921996573365
Tanjung Geren,2025-05,81,351683,30272,381955,3.8461538461538547,-1.51737830033003
Tanjung Geren,2025-06,72,280151,28555,308706,-7.692307692307687,-39.512938728405246
Tanjung Geren,2025-07,83,339928,66440,406368,3.750000000000009,0.662881602806098
Tanjung Geren,2025-08,95,340274,100517,440791,11.764705882352944,13.541841074239013
Tanjung Geren,2025-09,96,256225,123892,380117,29.729729729729737,11.145646624697726
Tanjung Geren,2025-10,81,387524,56424,443948,-21.359223300970875,-12.059030357054423
Tanjung Geren,2025-11,81,370771,49462,420233,-5.813953488372093,4.22031863814929
Tanjung Geren,2025-12,78,281777,90053,371830,-8.235294117647063,-6.471743816641052
Tanjung Geren,2026-01,85,408971,64373,473344,11.842105263157897,63.40011875008631
Tanjung Geren,2026-02,67,223522,72737,296259,-25.555555555555554,-38.84341706799993
Tanjung Geren,2026-03,69,243257,62071,305328,-18.823529411764707,-25.092552385017918
Tanjung Geren,2026-04,75,386927,66562,453489,-7.4074074074074066,-6.961156622946585
Tanjung Geren,2026-05,79,333970,74075,408045,-2.4691358024691357,6.830647589375705
Tanjung Geren,2026-06,66,334824,24884,359708,-8.333333333333337,16.52122083794938
Tanjung Geren,2026-07,80,322745,54767,377512,-3.6144578313253017,-7.100952830931573
Tanjung Geren,2026-08,68,288850,67530,356380,-28.421052631578945,-19.149891898881787
Tanjung Priok,2019-01,689,2379548,817736,3197284,,
Tanjung Priok,2019-02,661,2041083,722756,2763839,,
Tanjung Priok,2019-03,720,2365728,764356,3130084,,
Tanjung Priok,2019-04,702,2395408,643367,3038775,,
Tanjung Priok,2019-05,685,1683921,924100,2608021,,
Tanjung Priok,2019-06,526,1924625,520380,2445005,,
Tanjung Priok,2019-07,757,2295086,856214,3151300,,
Tanjung Priok,2019-08,746,2189673,751331,2941004,,
Tanjung Priok,2019-09,750,2556928,765084,3322012,,
Tanjung Priok,2019-10,796,2265932,892665,3158597,,
Tanjung Priok,2019-11,743,2406936,758104,3165040,,
Tanjung Priok,2019-12,740,2134994,831944,2966938,,
Tanjung Priok,2020-01,735,2197484,781423,2978907,6.676342525399126,-6.8300782789392445
Tanjung Priok,2020-02,708,1842659,784181,2626840,7.110438729198187,-4.956837210850562
Tanjung Priok,2020-03,781,2190592,764093,2954685,8.472222222222214,-5.603651531396602
Tanjung Priok,2020-04,761,2427106,912563,3339669,8.404558404558404,9.90181898955993
Tanjung Priok,2020-05,640,1572084,805399,2377483,-6.569343065693434,-8.83957606169582
Tanjung Priok,2020-06,724,1658813,881957,2540770,37.6425855513308,3.916760906419414
Tanjung Priok,2020-07,723,1487262,947334,2434596,-4.491413474240424,-22.743121886205696
Tanjung Priok,2020-08,739,1830500,933037,2763537,-0.9383378016085797,-6.034231847355532
Tanjung Priok,2020-09,738,1588767,890267,2479034,-1.6000000000000014,-25.37552543458603
Tanjung Priok,2020-10,703,1801094,1014924,2816018,-11.68341708542714,-10.845923047479623
Tanjung Priok,2020-11,666,1678742,797111,2475853,-10.36339165545087,-21.774985466218432
Tanjung Priok,2020-12,755,1871867,865758,2737625,2.0270270270270174,-7.728944790892156
Tanjung Priok,2021-01,724,2022664,705210,2727874,-1.4965986394557818,-8.427017023357896
Tanjung Priok,2021-02,692,1793880,784010,2577890,-2.259887005649719,-1.8634557110444483
Tanjung Priok,2021-03,807,2105009,868986,2973995,3.3290653008962945,0.6535383636495862
Tanjung Priok,2021-04,760,2188971,734252,2923223,-0.13140604467805073,-12.469678881350221
Tanjung Priok,2021-05,681,2025698,682198,2707896,6.406249999999991,13.897596744119722
Tanjung Priok,2021-06,768,2000938,836448,2837386,6.077348066298338,11.674256229410762
Tanjung Priok,2021-07,730,1961186,792398,2753584,0.9681881051175623,13.102297054624268
Tanjung Priok,2021-08,733,2008213,954143,2962356,-0.8119079837618393,7.194367218531905
Tanjung Priok,2021-09,664,1869263,665696,2534959,-10.027100271002709,2.255919039432297
Tanjung Priok,2021-10,607,2022415,660326,2682741,-13.655761024182079,-4.732817758977392
Tanjung Priok,2021-11,744,1862088,943446,2805534,11.711711711711704,13.315855182032221
Tanjung Priok,2021-12,837,2161893,864946,3026839,10.860927152317878,10.564412583900285
Tanjung Priok,2022-01,802,2478262,919295,3397557,10.773480662983426,24.54963095802811
Tanjung Priok,2022-02,745,1808581,928288,2736869,7.658959537572252,6.167020315063865
Tanjung Priok,2022-03,838,2540591,847061,3387652,3.8413878562577386,13.9091356912167
Tanjung Priok,2022-04,820,2337606,791354,3128960,7.8947368421052655,7.038019336875778
Tanjung Priok,2022-05,689,2147927,619347,2767274,1.1747430249632984,2.1927725437018264
Tanjung Priok,2022-06,834,2243246,913213,3156459,8.59375,11.245315230285913
Tanjung Priok,2022-07,856,2407151,905809,3312960,17.260273972602747,20.314470159617425
Tanjung Priok,2022-08,851,2626246,992268,3618514,16.098226466575728,22.149869900849197
Tanjung Priok,2022-09,804,2184668,1030692,3215360,21.084337349397586,26.840710244228806
Tanjung Priok,2022-10,861,2294758,986591,3281349,41.845140032948926,22.31329822744723
Tanjung Priok,2022-11,827,2289684,947750,3237434,11.155913978494624,15.394573724645655
Tanjung Priok,2022-12,831,2256056,984088,3240144,-0.7168458781361964,7.047120775171711
Tanjung Priok,2023-01,823,2341559,977314,3318873,2.6184538653366562,-2.3158993359051805
Tanjung Priok,2023-02,763,1970387,895266,2865653,2.4161073825503365,4.705522989956767
Tanjung Priok,2023-03,892,2662224,912818,3575042,6.443914081145574,5.531559912293238
Tanjung Priok,2023-04,684,1999598,776591,2776189,-16.58536585365854,-11.274385099202288
Tanjung Priok,2023-05,811,2340054,953716,3293770,17.706821480406386,19.02579939680711
Tanjung Priok,2023-06,840,2176272,900037,3076309,0.7194244604316502,-2.5392377977980995
Tanjung Priok,2023-07,834,2401591,1026449,3428040,-2.5700934579439227,3.4736308316430042
Tanjung Priok,2023-08,868,2372313,948601,3320914,1.9976498237367801,-8.224370556532323
Tanjung Priok,2023-09,824,2087311,980321,3067632,2.487562189054726,-4.5944466560509545
Tanjung Priok,2023-10,846,2198542,1068447,3266989,-1.7421602787456414,-0.43762489146994543
Tanjung Priok,2023-11,819,2249173,975790,3224963,-0.96735187424426,-0.3852124861850492
Tanjung Priok,2023-12,823,2685894,890964,3576858,-0.9626955475330878,10.391945543161052
Tanjung Priok,2024-01,857,2416456,998993,3415449,4.131227217496969,2.9099034521658407
Tanjung Priok,2024-02,806,2176067,891853,3067920,5.6356487549148016,7.058321436684767
Tanjung Priok,2024-03,875,2353761,896059,3249820,-1.905829596412556,-9.097012007131667
Tanjung Priok,2024-04,675,2101706,742166,2843872,-1.3157894736842146,2.4379824284297635
Tanjung Priok,2024-05,876,2629578,957087,3586665,8.014796547472258,8.8923938222766
Tanjung Priok,2024-06,822,2336843,813472,3150315,-2.1428571428571463,2.4056751126106057
Tanjung Priok,2024-07,890,2631570,891143,3522713,6.714628297362113,2.761723900537927
Tanjung Priok,2024-08,853,2443134,832677,3275811,-1.7281105990783363,-1.3581501960002629
Tanjung Priok,2024-09,869,2822208,950281,3772489,5.461165048543681,22.97723455746974
Tanjung Priok,2024-10,856,2621863,980411,3602274,1.1820330969267046,10.262813863162679
Tanjung Priok,2024-11,857,2504298,1022830,3527128,4.6398046398046455,9.369564860123969
Tanjung Priok,2024-12,855,2939500,937912,3877412,3.888213851761857,8.402737821853702
Tanjung Priok,2025-01,855,2369742,1036924,3406666,-0.2333722287047868,-0.2571550621894847
Tanjung Priok,2025-02,767,2188571,911220,3099791,-4.8387096774193505,1.0388471668100863
Tanjung Priok,2025-03,787,2146905,873867,3020772,-10.057142857142853,-7.048021121169789
Tanjung Priok,2025-04,764,2701296,691427,3392723,13.185185185185189,19.299426978429413
Tanjung Priok,2025-05,869,2388472,862399,3250871,-0.7990867579908634,-9.362290595859946
Tanjung Priok,2025-06,835,2346652,846361,3193013,1.5815085158150888,1.3553565278392687
Tanjung Priok,2025-07,846,2507498,908212,3415710,-4.943820224719097,-3.0375168229713867
Tanjung Priok,2025-08,872,2390242,1009795,3400037,2.2274325908558046,3.7922212239961395
Tanjung Priok,2025-09,843,2424061,895943,3320004,-2.9919447640966657,-11.994335835041536
Tanjung Priok,2025-10,877,2754911,967519,3722430,2.453271028037385,3.3355597047864727
Tanjung Priok,2025-11,842,2527290,901534,3428824,-1.7502917152858788,-2.7870834287839874
Tanjung Priok,2025-12,870,3078896,904298,3983194,1.7543859649122862,2.7281599169755477
Tanjung Priok,2026-01,832,2371410,907252,3278662,-2.6900584795321647,-3.7574567040032703
Tanjung Priok,2026-02,769,2490499,877443,3367942,0.26075619295957697,8.65061547697894
Tanjung Priok,2026-03,747,2464857,806538,3271395,-5.08259212198221,8.296653967926071
Tanjung Priok,2026-04,776,3096808,828498,3925306,1.5706806282722585,15.697803799484955
Tanjung Priok,2026-05,809,2964330,798692,3763022,-6.90448791714614,15.754270163288542
Tanjung Priok,2026-06,795,2804164,783205,3587369,-4.790419161676651,12.350591745163575
Tanjung Priok,2026-07,818,2705418,826609,3532027,-3.309692671394804,3.405353498979724
Tanjung Priok,2026-08,732,2483903,700640,3184543,-16.055045871559635,-6.337989851286907
Tanjung Sangata,2019-01,30,690,2034666,2035356,,
Tanjung Sangata,2019-02,28,49468,2315423,2364891,,
Tanjung Sangata,2019-03,33,0,2187079,2187079,,
Tanjung Sangata,2019-04,34,5333,1983375,1988708,,
Tanjung Sangata,2019-05,34,2070,2184004,2186074,,
Tanjung Sangata,2019-06,37,1921,1721032,1722953,,
Tanjung Sangata,2019-07,37,1380,1743302,1744682,,
Tanjung Sangata,2019-08,39,690,1977986,1978676,,
Tanjung Sangata,2019-09,34,2070,1622000,1624070,,
Tanjung Sangata,2019-10,37,690,2219864,2220554,,
Tanjung Sangata,2019-11,31,51464,2123827,2175291,,
Tanjung Sangata,2019-12,31,786,1667866,1668652,,
Tanjung Sangata,2020-01,33,2070,2002447,2004517,10.000000000000009,-1.5151649146390112
Tanjung Sangata,2020-02,34,2463,1964732,1967195,21.42857142857142,-16.816673580304542
Tanjung Sangata,2020-03,31,65443,1743964,1809407,-6.060606060606055,-17.268329127571526
Tanjung Sangata,2020-04,26,690,1724795,1725485,-23.529411764705888,-13.235879777222193
Tanjung Sangata,2020-05,36,690,2006704,2007394,5.882352941176472,-8.17355679633901
Tanjung Sangata,2020-06,30,690,1564239,1564929,-18.918918918918916,-9.171695339338914
Tanjung Sangata,2020-07,34,2070,2120013,2122083,-8.108108108108103,21.63150648656891
Tanjung Sangata,2020-08,28,44327,1696476,1740803,-28.205128205128204,-12.0218267164508
Tanjung Sangata,2020-09,23,690,1267902,1268592,-32.35294117647059,-21.88809595645508
Tanjung Sangata,2020-10,23,0,1795088,1795088,-37.83783783783784,-19.160353677505704
Tanjung Sangata,2020-11,19,690,1325100,1325790,-38.70967741935484,-39.05229231399385
Tanjung Sangata,2020-12,21,692,1185581,1186273,-32.25806451612904,-28.908304427765643
Tanjung Sangata,2021-01,28,12507,1816910,1829417,-15.151515151515149,-8.735271389566668
Tanjung Sangata,2021-02,27,393,1370057,1370450,-20.588235294117652,-30.334816833105005
Tanjung Sangata,2021-03,25,690,1743968,1744658,-19.354838709677423,-3.5784652098726277
Tanjung Sangata,2021-04,22,0,1191594,1191594,-15.384615384615385,-30.941503403390936
Tanjung Sangata,2021-05,25,44040,1569753,1613793,-30.555555555555557,-19.607560847546623
Tanjung Sangata,2021-06,27,690,1476539,1477229,-9.999999999999998,-5.604088108789595
Tanjung Sangata,2021-07,29,0,1490427,1490427,-14.70588235294118,-29.76584798992311
Tanjung Sangata,2021-08,24,22671,1023983,1046654,-14.28571428571429,-39.87521850548281
Tanjung Sangata,2021-09,30,1622,1412595,1414217,30.434782608695656,11.479262048002825
Tanjung Sangata,2021-10,23,0,1109201,1109201,0.0,-38.209101726489166
Tanjung Sangata,2021-11,30,2046,1825703,1827749,57.89473684210527,37.86112431078828
Tanjung Sangata,2021-12,32,45772,1858866,1904638,52.38095238095237,60.55646550161724
Tanjung Sangata,2022-01,20,0,1091568,1091568,-28.57142857142857,-40.33246657268409
Tanjung Sangata,2022-02,22,0,1552425,1552425,-18.518518518518523,13.278485169105036
Tanjung Sangata,2022-03,28,0,1624507,1624507,12.00000000000001,-6.8867938587390825
Tanjung Sangata,2022-04,26,0,1736147,1736147,18.181818181818187,45.69954195808303
Tanjung Sangata,2022-05,28,46768,2666289,2713057,12.00000000000001,68.11679069124727
Tanjung Sangata,2022-06,32,43576,1789669,1833245,18.518518518518512,24.10025798302091
Tanjung Sangata,2022-07,34,409,2297393,2297802,17.24137931034482,54.17071751920759
Tanjung Sangata,2022-08,38,0,2325635,2325635,58.33333333333333,122.19711576127352
Tanjung Sangata,2022-09,44,0,2659585,2659585,46.66666666666666,88.06060173226598
Tanjung Sangata,2022-10,40,68066,2470456,2538522,73.91304347826086,128.86041393760013
Tanjung Sangata,2022-11,45,0,2581488,2581488,50.0,41.2386492893718
Tanjung Sangata,2022-12,38,47024,1857350,1904374,18.75,-0.013860901651652213
Tanjung Sangata,2023-01,26,71667,1023606,1095273,30.000000000000004,0.339419990325851
Tanjung Sangata,2023-02,34,67896,1986376,2054272,54.54545454545454,32.326650240752365
Tanjung Sangata,2023-03,39,46631,2591938,2638569,39.28571428571428,62.422753487673496
Tanjung Sangata,2023-04,38,46645,2775310,2821955,46.153846153846146,62.54124794732243
Tanjung Sangata,2023-05,42,46553,2420603,2467156,50.0,-9.063613481028964
Tanjung Sangata,2023-06,46,42771,2799676,2842447,43.75,55.05003422892194
Tanjung Sangata,2023-07,44,12549,2447639,2460188,29.41176470588236,7.067014477313527
Tanjung Sangata,2023-08,44,393,2723267,2723660,15.789473684210531,17.114680506614334
Tanjung Sangata,2023-09,38,707,2597673,2598380,-13.636363636363635,-2.3012988868564066
Tanjung Sangata,2023-10,42,70626,3226182,3296808,5.000000000000004,29.87116125052294
Tanjung Sangata,2023-11,37,1095,2765316,2766411,-17.777777777777782,7.163426674847995
Tanjung Sangata,2023-12,37,71675,2760076,2831751,-2.631578947368418,48.69720968675271
Tanjung Sangata,2024-01,38,70456,2571797,2642253,46.153846153846146,141.24149869484594
Tanjung Sangata,2024-02,32,41908,2039269,2081177,-5.882352941176472,1.3097097171163252
Tanjung Sangata,2024-03,34,42499,2546546,2589045,-12.82051282051282,-1.8769264703708766
Tanjung Sangata,2024-04,34,43007,2372482,2415489,-10.526315789473683,-14.403702397805773
Tanjung Sangata,2024-05,36,0,2661725,2661725,-14.28571428571429,7.886367947547712
Tanjung Sangata,2024-06,35,0,2203008,2203008,-23.913043478260864,-22.496074684945754
Tanjung Sangata,2024-07,35,0,2125129,2125129,-20.45454545454546,-13.619243732592789
Tanjung Sangata,2024-08,31,16420,1957907,1974327,-29.54545454545454,-27.511987546169493
Tanjung Sangata,2024-09,40,0,2347759,2347759,5.263157894736836,-9.645278981519256
Tanjung Sangata,2024-10,37,0,2342377,2342377,-11.904761904761907,-28.950154209768964
Tanjung Sangata,2024-11,36,39237,2630365,2669602,-2.7027027027026973,-3.4994438642703463
Tanjung Sangata,2024-12,35,22671,2176374,2199045,-5.405405405405405,-22.34327806364331
Tanjung Sangata,2025-01,32,22671,2450227,2472898,-15.789473684210531,-6.409492202298573
Tanjung Sangata,2025-02,31,44703,2021739,2066442,-3.125,-0.7080128215908643
Tanjung Sangata,2025-03,35,22671,1752860,1775531,2.941176470588225,-31.42139283017483
Tanjung Sangata,2025-04,29,0,2098848,2098848,-14.70588235294118,-13.10877424819571
Tanjung Sangata,2025-05,34,0,1868199,1868199,-5.555555555555558,-29.812471235758764
Tanjung Sangata,2025-06,38,47453,2292090,2339543,8.571428571428562,6.197662468769982
Tanjung Sangata,2025-07,38,0,1899493,1899493,8.571428571428562,-10.617520159952642
Tanjung Sangata,2025-08,41,45637,2692604,2738241,32.258064516129025,38.692374667418306
Tanjung Sangata,2025-09,40,44396,2356266,2400662,0.0,2.253340313038943
Tanjung Sangata,2025-10,38,0,2149679,2149679,2.7027027027026973,-8.226600585644416
Tanjung Sangata,2025-11,37,41681,2191119,2232800,2.777777777777768,-16.362064457548353
Tanjung Sangata,2025-12,38,0,2113676,2113676,8.571428571428562,-3.882094272741121
Tanjung Sangata,2026-01,37,1380,1836161,1837541,15.625,-25.6928106213843
Tanjung Sangata,2026-02,29,393,1572364,1572757,-6.451612903225811,-23.89058100832252
Tanjung Sangata,2026-03,32,716,1647998,1648714,-8.571428571428575,-7.142483009308198
Tanjung Sangata,2026-04,33,0,1795219,1795219,13.793103448275868,-14.466459695985613
Tanjung Sangata,2026-05,38,690,1889597,1890287,11.764705882352944,1.1823151602158077
Tanjung Sangata,2026-06,31,690,1852044,1852734,-18.42105263157895,-20.807867177478677
Tanjung Sangata,2026-07,41,44958,2458415,2503373,7.8947368421052655,31.791641243215963
Tanjung Sangata,2026-08,37,22671,2364520,2387191,-9.756097560975608,-12.820274037237777
Teluk Bayur,2019-01,66,149507,288003,437510,,
Teluk Bayur,2019-02,71,141679,412881,554560,,
Teluk Bayur,2019-03,68,137872,242343,380215,,
Teluk Bayur,2019-04,62,99471,315588,415059,,
Teluk Bayur,2019-05,65,197188,192422,389610,,
Teluk Bayur,2019-06,50,172766,204285,377051,,
Teluk Bayur,2019-07,62,152911,251110,404021,,
Teluk Bayur,2019-08,74,112910,292513,405423,,
Teluk Bayur,2019-09,69,109342,307974,417316,,
Teluk Bayur,2019-10,80,294831,222948,517779,,
Teluk Bayur,2019-11,75,110817,309127,419944,,
Teluk Bayur,2019-12,83,92467,396046,488513,,
Teluk Bayur,2020-01,67,131352,255048,386400,1.5151515151515138,-11.682018696715502
Teluk Bayur,2020-02,62,114463,245705,360168,-12.676056338028175,-35.0533756491633
Teluk Bayur,2020-03,60,134373,221422,355795,-11.764705882352944,-6.422681903659766
Teluk Bayur,2020-04,72,97708,272989,370697,16.129032258064523,-10.688119038498145
Teluk Bayur,2020-05,51,65950,159026,224976,-21.53846153846154,-42.25610225610226
Teluk Bayur,2020-06,59,99364,250673,350037,17.999999999999993,-7.164548031963847
Teluk Bayur,2020-07,72,77459,293713,371172,16.129032258064523,-8.130517968125417
Teluk Bayur,2020-08,61,86728,312466,399194,-17.567567567567565,-1.5364199860392724
Teluk Bayur,2020-09,76,101267,294311,395578,10.144927536231885,-5.209002290829967
Teluk Bayur,2020-10,65,140388,192747,333135,-18.75,-35.660774191305556
Teluk Bayur,2020-11,69,188239,303585,491824,-7.9999999999999964,17.116567923342153
Teluk Bayur,2020-12,65,86204,304537,390741,-21.68674698795181,-20.01420637731237
Teluk Bayur,2021-01,69,123931,372066,495997,2.9850746268656803,28.363612836438932
Teluk Bayur,2021-02,56,165531,239585,405116,-9.677419354838712,12.479731680771188
Teluk Bayur,2021-03,70,107562,291278,398840,16.666666666666675,12.098258828819963
Teluk Bayur,2021-04,66,97558,411127,508685,-8.333333333333337,37.22393221418032
Teluk Bayur,2021-05,70,178621,282517,461138,37.254901960784316,104.97208591138612
Teluk Bayur,2021-06,60,73206,211008,284214,1.6949152542372836,-18.80458351545694
Teluk Bayur,2021-07,70,73342,338351,411693,-2.777777777777779,10.917041156121687
Teluk Bayur,2021-08,79,120558,299491,420049,29.508196721311485,5.224276917989745
Teluk Bayur,2021-09,108,212918,489250,702168,42.10526315789473,77.5043101486938
Teluk Bayur,2021-10,106,228149,522243,750392,63.07692307692307,125.25162471670646
Teluk Bayur,2021-11,106,166562,278292,444854,53.623188405797094,-9.5501642864114
Teluk Bayur,2021-12,111,307397,490103,797500,70.76923076923076,104.09939064495406
Teluk Bayur,2022-01,103,346695,415021,761716,49.27536231884058,53.57270306070399
Teluk Bayur,2022-02,94,242334,381459,623793,67.85714285714286,53.9788603757936
Teluk Bayur,2022-03,98,228156,437288,665444,39.99999999999999,66.84485006518905
Teluk Bayur,2022-04,103,336847,333388,670235,56.060606060606055,31.758357333123644
Teluk Bayur,2022-05,89,155821,247027,402848,27.142857142857135,-12.640467712485204
Teluk Bayur,2022-06,111,245161,403469,648630,85.00000000000001,128.21887732483268
Teluk Bayur,2022-07,110,284995,463260,748255,57.14285714285714,81.75072201859153
Teluk Bayur,2022-08,120,280137,425299,705436,51.8987341772152,67.94135922237643
Teluk Bayur,2022-09,112,207180,405408,612588,3.703703703703698,-12.757630652493424
Teluk Bayur,2022-10,120,292205,506440,798645,13.207547169811317,6.430372392029771
Teluk Bayur,2022-11,116,186339,445067,631406,9.433962264150942,41.935556384791404
Teluk Bayur,2022-12,107,330234,412000,742234,-3.6036036036036,-6.929905956112847
Teluk Bayur,2023-01,97,309448,400241,709689,-5.825242718446599,-6.830235940954377
Teluk Bayur,2023-02,103,196179,398941,595120,9.57446808510638,-4.596556870628554
Teluk Bayur,2023-03,108,239422,363408,602830,10.20408163265305,-9.409356760298381
Teluk Bayur,2023-04,107,274307,425424,699731,3.8834951456310662,4.400844479921218
Teluk Bayur,2023-05,106,225253,395459,620712,19.10112359550562,54.080943680991346
Teluk Bayur,2023-06,105,166934,511174,678108,-5.405405405405405,4.544655658850183
Teluk Bayur,2023-07,126,287902,639511,927413,14.54545454545455,23.943441741117667
Teluk Bayur,2023-08,122,305563,542423,847986,1.6666666666666607,20.207361121349066
Teluk Bayur,2023-09,110,255190,498142,753332,-1.7857142857142905,22.97531130221291
Teluk Bayur,2023-10,120,297110,566352,863462,0.0,8.115871256941443
Teluk Bayur,2023-11,112,212958,518087,731045,-3.4482758620689613,15.780496225883178
Teluk Bayur,2023-12,120,286702,383411,670113,12.149532710280365,-9.716747009703141
Teluk Bayur,2024-01,117,263276,403670,666946,20.618556701030922,-6.022778991924627
Teluk Bayur,2024-02,101,198308,339413,537721,-1.9417475728155331,-9.644945557198547
Teluk Bayur,2024-03,113,236677,445549,682226,4.629629629629628,13.17054559328501
Teluk Bayur,2024-04,96,212916,447611,660527,-10.280373831775702,-5.6027244755484595
Teluk Bayur,2024-05,101,214899,460724,675623,-4.716981132075471,8.846453749887218
Teluk Bayur,2024-06,120,212573,486683,699256,14.28571428571428,3.118677260849312
Teluk Bayur,2024-07,137,271782,564736,836518,8.73015873015872,-9.80091933151681
Teluk Bayur,2024-08,135,218673,449778,668451,10.655737704918034,-21.171929725254902
Teluk Bayur,2024-09,126,269665,435823,705488,14.54545454545455,-6.350984692008299
Teluk Bayur,2024-10,132,272587,496481,769068,10.000000000000009,-10.93203870002386
Teluk Bayur,2024-11,121,268140,494894,763034,8.03571428571428,4.375790819990555
Teluk Bayur,2024-12,117,330332,430950,761282,-2.500000000000002,13.605018855028938
Teluk Bayur,2025-01,122,250034,338065,588099,4.2735042735042805,-11.822096541549087
Teluk Bayur,2025-02,115,224047,523196,747243,13.861386138613852,38.964816326682424
Teluk Bayur,2025-03,106,198175,433250,631425,-6.194690265486724,-7.446359417553716
Teluk Bayur,2025-04,101,278780,345467,624247,5.208333333333326,-5.492583951905072
Teluk Bayur,2025-05,120,213641,542493,756134,18.811881188118807,11.916557014784868
Teluk Bayur,2025-06,112,251981,464685,716666,-6.666666666666665,2.4897891473222966
Teluk Bayur,2025-07,121,258595,506519,765114,-11.678832116788318,-8.535859359870324
Teluk Bayur,2025-08,124,326672,656895,983567,-8.148148148148149,47.14122650725334
Teluk Bayur,2025-09,111,184409,427043,611452,-11.904761904761907,-13.329213253804461
Teluk Bayur,2025-10,116,259997,531786,791783,-12.121212121212121,2.953574976465023
Teluk Bayur,2025-11,106,281683,446817,728500,-12.396694214876035,-4.525879580726411
Teluk Bayur,2025-12,120,212556,632269,844825,2.564102564102555,10.97398861394332
Teluk Bayur,2026-01,114,214255,469449,683704,-6.5573770491803245,16.256616658079672
Teluk Bayur,2026-02,103,199476,390838,590314,-10.434782608695647,-21.001066587442107
Teluk Bayur,2026-03,119,238135,513904,752039,12.264150943396235,19.101872748149027
Teluk Bayur,2026-04,118,215040,425144,640184,16.831683168316825,2.5529958493993643
Teluk Bayur,2026-05,125,213173,367513,580686,4.166666666666674,-23.203294654122153
Teluk Bayur,2026-06,123,268968,469124,738092,9.82142857142858,2.989677199699714
Teluk Bayur,2026-07,112,157975,472559,630534,-7.438016528925617,-17.58953567703636
Teluk Bayur,2026-08,104,158031,362739,520770,-16.129032258064512,-47.052920644958604
Ternate,2019-01,8,12450,1106,13556,,
Ternate,2019-02,22,18516,3574,22090,,
Ternate,2019-03,28,13788,3284,17072,,
Ternate,2019-04,28,30496,2374,32870,,
Ternate,2019-05,22,19264,4482,23746,,
Ternate,2019-06,18,12776,4890,17666,,
Ternate,2019-07,30,29666,3562,33228,,
Ternate,2019-08,26,23016,2724,25740,,
Ternate,2019-09,26,33230,4194,37424,,
Ternate,2019-10,18,23932,958,24890,,
Ternate,2019-11,18,19986,7954,27940,,
Ternate,2019-12,20,18652,746,19398,,
Ternate,2020-01,28,18554,1556,20110,250.0,48.34759516081439
Ternate,2020-02,32,14144,10226,24370,45.45454545454546,10.321412403802622
Ternate,2020-03,30,24452,2652,27104,7.14285714285714,58.762886597938135
Ternate,2020-04,24,13842,5084,18926,-14.28571428571429,-42.42166108913903
Ternate,2020-05,22,18568,1844,20412,0.0,-14.04025941211151
Ternate,2020-06,16,8054,368,8422,-11.111111111111116,-52.326502886901395
Ternate,2020-07,24,18994,8546,27540,-19.999999999999996,-17.118093174431202
Ternate,2020-08,20,20030,2434,22464,-23.076923076923073,-12.727272727272732
Ternate,2020-09,18,17404,2678,20082,-30.76923076923077,-46.33924754168448
Ternate,2020-10,34,28524,14410,42934,88.88888888888889,72.49497790277219
Ternate,2020-11,12,11092,964,12056,-33.333333333333336,-56.85039370078739
Ternate,2020-12,24,23504,1696,25200,19.999999999999996,29.910300030931026
Ternate,2021-01,28,23072,2238,25310,0.0,25.857782197911483
Ternate,2021-02,24,15318,4190,19508,-25.0,-19.950759130077966
Ternate,2021-03,26,27880,1332,29212,-13.33333333333333,7.777449822904359
Ternate,2021-04,16,16630,1034,17664,-33.333333333333336,-6.668075663108953
Ternate,2021-05,24,28516,2576,31092,9.090909090909083,52.32216343327454
Ternate,2021-06,26,34464,2434,36898,62.5,338.11446212301115
Ternate,2021-07,28,29624,2584,32208,16.666666666666675,16.949891067538125
Ternate,2021-08,20,27200,13648,40848,0.0,81.83760683760684
Ternate,2021-09,22,34230,1840,36070,22.222222222222232,79.61358430435214
Ternate,2021-10,22,25782,4144,29926,-35.29411764705882,-30.29766618530768
Ternate,2021-11,30,48890,438,49328,150.0,309.1572660915727
Ternate,2021-12,36,59136,4180,63316,50.0,151.25396825396825
Ternate,2022-01,36,32868,2166,35034,28.57142857142858,38.419596997234294
Ternate,2022-02,32,42288,1856,44144,33.33333333333333,126.2866516301005
Ternate,2022-03,28,23062,1550,24612,7.692307692307687,-15.74695330686019
Ternate,2022-04,34,46754,3314,50068,112.5,183.4465579710145
Ternate,2022-05,22,21820,888,22708,-8.333333333333337,-26.965135726231825
Ternate,2022-06,22,23246,1118,24364,-15.384615384615385,-33.96932083039731
Ternate,2022-07,38,29824,4432,34256,35.71428571428572,6.358668653750632
Ternate,2022-08,24,26544,1898,28442,19.999999999999996,-30.37113200156678
Ternate,2022-09,16,15784,2616,18400,-27.27272727272727,-48.98807873579152
Ternate,2022-10,22,20266,3354,23620,0.0,-21.071977544610043
Ternate,2022-11,20,24508,368,24876,-33.333333333333336,-49.57022380797924
Ternate,2022-12,28,42304,666,42970,-22.22222222222222,-32.13405774211889
Ternate,2023-01,30,25818,1416,27234,-16.666666666666664,-22.26408631615002
Ternate,2023-02,28,31224,536,31760,-12.5,-28.053642624139187
Ternate,2023-03,26,27152,4470,31622,-7.14285714285714,28.482041280676086
Ternate,2023-04,26,36314,222,36536,-23.529411764705888,-27.027242949588558
Ternate,2023-05,26,22204,528,22732,18.181818181818187,0.1056896248018413
Ternate,2023-06,30,25356,960,26316,36.36363636363635,8.011820719093743
Ternate,2023-07,26,28380,1442,29822,-31.57894736842105,-12.943717888836993
Ternate,2023-08,30,34754,812,35566,25.0,25.04746501652486
Ternate,2023-09,30,29942,2062,32004,87.5,73.93478260869566
Ternate,2023-10,36,33452,3420,36872,63.63636363636365,56.10499576629975
Ternate,2023-11,26,31366,1252,32618,30.000000000000004,31.122366940022506
Ternate,2023-12,32,37970,1100,39070,14.28571428571428,-9.076099604375143
Ternate,2024-01,28,35184,1230,36414,-6.666666666666665,33.70786516853932
Ternate,2024-02,36,26876,1444,28320,28.57142857142858,-10.831234256926948
Ternate,2024-03,34,29556,1872,31428,30.76923076923077,-0.6134969325153339
Ternate,2024-04,16,8174,368,8542,-38.46153846153846,-76.62031968469455
Ternate,2024-05,26,37926,444,38370,0.0,68.79289107865564
Ternate,2024-06,32,30926,9578,40504,6.666666666666665,53.91396868825049
Ternate,2024-07,28,53770,0,53770,7.692307692307687,80.30313191603513
Ternate,2024-08,38,27130,2380,29510,26.66666666666666,-17.02749817241186
Ternate,2024-09,28,31998,662,32660,-6.666666666666665,2.049743782027247
Ternate,2024-10,26,32654,146,32800,-27.77777777777778,-11.043610327619879
Ternate,2024-11,28,30082,0,30082,7.692307692307687,-7.774848243301246
Ternate,2024-12,32,40604,1240,41844,0.0,7.100076785257237
Ternate,2025-01,30,32726,4224,36950,7.14285714285714,1.471961333553029
Ternate,2025-02,32,33734,666,34400,-11.111111111111116,21.46892655367232
Ternate,2025-03,28,20780,6548,27328,-17.647058823529417,-13.045691739849818
Ternate,2025-04,32,26280,9646,35926,100.0,320.5806602669164
Ternate,2025-05,32,21222,1640,22862,23.076923076923084,-40.41699244201199
Ternate,2025-06,32,26710,932,27642,0.0,-31.75488840608335
Ternate,2025-07,40,53160,1928,55088,42.85714285714286,2.451180955923382
Ternate,2025-08,34,27808,5310,33118,-10.526315789473683,12.226363944425621
Ternate,2025-09,30,31188,5914,37102,7.14285714285714,13.600734843845675
Ternate,2025-10,36,40378,2040,42418,38.46153846153846,29.323170731707314
Ternate,2025-11,38,53846,368,54214,35.71428571428572,80.22073000465394
Ternate,2025-12,30,33486,1474,34960,-6.25,-16.451582066724026
Ternate,2026-01,40,33816,13056,46872,33.33333333333333,26.852503382949934
Ternate,2026-02,30,36318,808,37126,-6.25,7.924418604651162
Ternate,2026-03,22,41090,662,41752,-21.42857142857143,52.78103044496487
Ternate,2026-04,28,29610,662,30272,-12.5,-15.7379056950398
Ternate,2026-05,28,27496,1324,28820,-12.5,26.06071209867904
Ternate,2026-06,34,61048,4362,65410,6.25,136.6326604442515
Ternate,2026-07,34,52652,2658,55310,-15.000000000000002,0.4029915771129877
Ternate,2026-08,28,25506,832,26338,-17.647058823529417,-20.472250739778975
Tg. Sorong,2019-01,16,16873,8765,25638,,
Tg. Sorong,2019-02,16,25400,2269,27669,,
Tg. Sorong,2019-03,16,19546,5231,24777,,
Tg. Sorong,2019-04,18,17800,4744,22544,,
Tg. Sorong,2019-05,23,25987,5637,31624,,
Tg. Sorong,2019-06,19,23683,6720,30403,,
Tg. Sorong,2019-07,23,47624,5289,52913,,
Tg. Sorong,2019-08,13,25861,5598,31459,,
Tg. Sorong,2019-09,11,19708,2329,22037,,
Tg. Sorong,2019-10,16,20297,11394,31691,,
Tg. Sorong,2019-11,19,29481,2671,32152,,
Tg. Sorong,2019-12,19,35006,5827,40833,,
Tg. Sorong,2020-01,19,32397,11615,44012,18.75,71.66705671269209
Tg. Sorong,2020-02,13,22692,12676,35368,-18.75,27.825364125917098
Tg. Sorong,2020-03,16,21727,2671,24398,0.0,-1.5296444283004362
Tg. Sorong,2020-04,9,11448,4109,15557,-50.0,-30.99272533711852
Tg. Sorong,2020-05,14,26323,6438,32761,-39.13043478260869,3.595370604604109
Tg. Sorong,2020-06,12,19134,3220,22354,-36.8421052631579,-26.47436108278788
Tg. Sorong,2020-07,7,13811,2157,15968,-69.56521739130434,-69.82216090563756
Tg. Sorong,2020-08,11,11590,5846,17436,-15.384615384615385,-44.57547919514289
Tg. Sorong,2020-09,16,15943,3853,19796,45.45454545454546,-10.169260788673595
Tg. Sorong,2020-10,16,13219,5509,18728,0.0,-40.90435770408002
Tg. Sorong,2020-11,16,22866,4533,27399,-15.789473684210531,-14.782906195571034
Tg. Sorong,2020-12,15,17598,2343,19941,-21.052631578947366,-51.164499302035125
Tg. Sorong,2021-01,14,16658,4447,21105,-26.315789473684216,-52.047168953921656
Tg. Sorong,2021-02,10,17114,4314,21428,-23.076923076923073,-39.4141596923773
Tg. Sorong,2021-03,16,22728,4400,27128,0.0,11.189441757521102
Tg. Sorong,2021-04,10,19059,4081,23140,11.111111111111116,48.743330976409325
Tg. Sorong,2021-05,13,29885,2290,32175,-7.14285714285714,-1.7887121882726453
Tg. Sorong,2021-06,11,10086,3078,13164,-8.333333333333337,-41.111210521606864
Tg. Sorong,2021-07,12,15616,2608,18224,71.42857142857142,14.128256513026049
Tg. Sorong,2021-08,15,17394,133,17527,36.36363636363635,0.521908694654738
Tg. Sorong,2021-09,9,8824,3385,12209,-43.75,-38.32592442917762
Tg. Sorong,2021-10,11,16778,2654,19432,-31.25,3.7590773173857395
Tg. Sorong,2021-11,18,34305,2543,36848,12.5,34.486660097083835
Tg. Sorong,2021-12,23,41254,2962,44216,53.33333333333334,121.73411564114139
Tg. Sorong,2022-01,24,45224,7800,53024,71.42857142857142,151.23904288083395
Tg. Sorong,2022-02,19,28022,917,28939,89.99999999999999,35.05226806048161
Tg. Sorong,2022-03,29,34626,3246,37872,81.25,39.604836331465656
Tg. Sorong,2022-04,22,30266,2262,32528,120.00000000000001,40.570440795159904
Tg. Sorong,2022-05,21,34114,2151,36265,61.53846153846154,12.711732711732715
Tg. Sorong,2022-06,27,19022,4938,23960,145.45454545454547,82.01154664235794
Tg. Sorong,2022-07,29,45581,27126,72707,141.66666666666666,298.96290605794553
Tg. Sorong,2022-08,28,33440,5986,39426,86.66666666666667,124.94437154105094
Tg. Sorong,2022-09,29,53988,10048,64036,222.22222222222223,424.4983209108035
Tg. Sorong,2022-10,36,38035,9833,47868,227.27272727272728,146.33594071634417
Tg. Sorong,2022-11,31,49848,21330,71178,72.22222222222223,93.1665219279201
Tg. Sorong,2022-12,30,36809,6041,42850,30.434782608695656,-3.0893794101682692
Tg. Sorong,2023-01,27,43862,4003,47865,12.5,-9.729556427278219
Tg. Sorong,2023-02,22,43926,3866,47792,15.789473684210531,65.14737896955664
Tg. Sorong,2023-03,28,35451,5684,41135,-3.4482758620689613,8.615863962822147
Tg. Sorong,2023-04,27,41930,3779,45709,22.72727272727273,40.52201180521398
Tg. Sorong,2023-05,24,39488,3856,43344,14.28571428571428,19.520198538535773
Tg. Sorong,2023-06,19,14548,5138,19686,-29.629629629629626,-17.83806343906511
Tg. Sorong,2023-07,39,49757,20290,70047,34.48275862068966,-3.658519812397709
Tg. Sorong,2023-08,29,45359,5431,50790,3.571428571428581,28.823618931669447
Tg. Sorong,2023-09,36,48983,18461,67444,24.13793103448276,5.322006371416088
Tg. Sorong,2023-10,36,54470,8291,62761,0.0,31.11264310186346
Tg. Sorong,2023-11,29,49520,2809,52329,-6.451612903225811,-26.481497091798023
Tg. Sorong,2023-12,28,35676,10364,46040,-6.666666666666665,7.444574095682621
Tg. Sorong,2024-01,34,61647,8012,69659,25.92592592592593,45.532226052439164
Tg. Sorong,2024-02,32,35634,21059,56693,45.45454545454546,18.62445597589555
Tg. Sorong,2024-03,30,29890,5682,35572,7.14285714285714,-13.523763218670236
Tg. Sorong,2024-04,27,30810,9865,40675,0.0,-11.013148395283201
Tg. Sorong,2024-05,25,46509,12602,59111,4.166666666666674,36.37643041712808
Tg. Sorong,2024-06,17,25294,4829,30123,-10.526315789473683,53.0173727522097
Tg. Sorong,2024-07,23,41023,2988,44011,-41.02564102564102,-37.169329164703704
Tg. Sorong,2024-08,27,36374,7380,43754,-6.896551724137934,-13.853120693049814
Tg. Sorong,2024-09,29,35419,7526,42945,-19.444444444444443,-36.32495107051776
Tg. Sorong,2024-10,28,40969,2916,43885,-22.22222222222222,-30.07600261308775
Tg. Sorong,2024-11,27,51521,1137,52658,-6.896551724137934,0.6287144795428912
Tg. Sorong,2024-12,29,28136,17081,45217,3.571428571428581,-1.7875760208514335
Tg. Sorong,2025-01,27,40249,10347,50596,-20.588235294117652,-27.366169482766047
Tg. Sorong,2025-02,23,31998,3491,35489,-28.125,-37.40144285890674
Tg. Sorong,2025-03,27,38803,16957,55760,-9.999999999999998,56.752501967839876
Tg. Sorong,2025-04,22,31780,4877,36657,-18.518518518518523,-9.878303626306085
Tg. Sorong,2025-05,20,28788,4225,33013,-19.999999999999996,-44.150834869990355
Tg. Sorong,2025-06,21,23104,1860,24964,23.529411764705888,-17.12644822892806
Tg. Sorong,2025-07,25,30705,4573,35278,8.695652173913038,-19.842766581082007
Tg. Sorong,2025-08,17,24191,13345,37536,-37.03703703703704,-14.211272112264018
Tg. Sorong,2025-09,14,24349,6890,31239,-51.72413793103448,-27.258120852252876
Tg. Sorong,2025-10,18,30120,2165,32285,-35.71428571428571,-26.432721886749455
Tg. Sorong,2025-11,18,22127,7168,29295,-33.333333333333336,-44.36742755136921
Tg. Sorong,2025-12,20,31963,3377,35340,-31.034482758620683,-21.843554415374744
Tg. Sorong,2026-01,23,43979,5293,49272,-14.814814814814813,-2.616807652778874
Tg. Sorong,2026-02,16,26067,5138,31205,-30.434782608695656,-12.071346050889009
Tg. Sorong,2026-03,22,36560,6297,42857,-18.518518518518523,-23.14024390243903
Tg. Sorong,2026-04,16,23000,16569,39569,-27.27272727272727,7.943912486019045
Tg. Sorong,2026-05,21,30808,4828,35636,5.000000000000004,7.945354860206577
Tg. Sorong,2026-06,21,34187,9977,44164,0.0,76.91075148213426
Tg. Sorong,2026-07,19,24196,4512,28708,-24.0,-18.623504733828444
Tg. Sorong,2026-08,21,27465,3681,31146,23.529411764705888,-17.023657289002557
Tual,2019-01,44,71080,20852,91932,,
Tual,2019-02,40,55408,27876,83284,,
Tual,2019-03,40,47372,16292,63664,,
Tual,2019-04,42,47476,17340,64816,,
Tual,2019-05,42,47618,23458,71076,,
Tual,2019-06,28,68684,9790,78474,,
Tual,2019-07,32,43138,11066,54204,,
Tual,2019-08,26,45930,14178,60108,,
Tual,2019-09,52,82112,11736,93848,,
Tual,2019-10,34,71734,10276,82010,,
Tual,2019-11,40,59460,21410,80870,,
Tual,2019-12,38,44128,12232,56360,,
Tual,2020-01,32,35412,23600,59012,-27.27272727272727,-35.80907627376757
Tual,2020-02,40,37830,11938,49768,0.0,-40.243023870131125
Tual,2020-03,64,75286,19636,94922,60.00000000000001,49.09839155566724
Tual,2020-04,48,53890,25802,79692,14.28571428571428,22.951123179461863
Tual,2020-05,50,56838,27376,84214,19.047619047619047,18.484439191850967
Tual,2020-06,38,32634,13652,46286,35.71428571428572,-41.017407039274154
Tual,2020-07,38,49130,20252,69382,18.75,28.001623496420926
Tual,2020-08,34,41428,16910,58338,30.76923076923077,-2.944699540826512
Tual,2020-09,34,35838,21122,56960,-34.61538461538461,-39.306112010911264
Tual,2020-10,36,54814,12760,67574,5.882352941176472,-17.602731374222657
Tual,2020-11,34,32134,15174,47308,-15.000000000000002,-41.50117472486707
Tual,2020-12,36,38956,12928,51884,-5.263157894736848,-7.941802696948185
Tual,2021-01,46,51764,22912,74676,43.75,26.543753812783844
Tual,2021-02,38,50050,16240,66290,-5.000000000000004,33.198038900498304
Tual,2021-03,36,46526,14120,60646,-43.75,-36.10964792145129
Tual,2021-04,36,47954,16168,64122,-25.0,-19.537720222858002
Tual,2021-05,32,31420,16372,47792,-36.0,-43.24934096468521
Tual,2021-06,38,53088,6084,59172,0.0,27.839951605237
Tual,2021-07,40,51162,21320,72482,5.263157894736836,4.468017641463207
Tual,2021-08,40,62552,18828,81380,17.647058823529417,39.497411635640574
Tual,2021-09,42,52002,21284,73286,23.529411764705888,28.662219101123586
Tual,2021-10,30,38356,17130,55486,-16.666666666666664,-17.88853701127653
Tual,2021-11,22,38230,7022,45252,-35.29411764705882,-4.345987993574029
Tual,2021-12,34,48158,20014,68172,-5.555555555555558,31.393107701796307
Tual,2022-01,52,69880,28482,98362,13.043478260869556,31.718356633992183
Tual,2022-02,40,87958,19704,107662,5.263157894736836,62.410620003017044
Tual,2022-03,36,48826,17866,66692,0.0,9.969330211390703
Tual,2022-04,40,38788,16948,55736,11.111111111111116,-13.078194691369571
Tual,2022-05,80,100572,16370,116942,150.0,144.68948778038165
Tual,2022-06,70,102126,13040,115166,84.21052631578947,94.62921652132765
Tual,2022-07,46,81042,12860,93902,14.999999999999991,29.552164675367678
Tual,2022-08,44,60622,15014,75636,10.000000000000009,-7.058245269107887
Tual,2022-09,32,61964,7938,69902,-23.809523809523814,-4.6175258575989915
Tual,2022-10,34,35886,15948,51834,13.33333333333333,-6.581840464261257
Tual,2022-11,34,40712,8766,49478,54.54545454545454,9.338813754088227
Tual,2022-12,38,60462,11786,72248,11.764705882352944,5.978994308513763
Tual,2023-01,44,68312,19188,87500,-15.384615384615385,-11.042882413940347
Tual,2023-02,46,77548,22988,100536,14.999999999999991,-6.618862737084575
Tual,2023-03,44,103398,15536,118934,22.222222222222232,78.3332333713189
Tual,2023-04,54,74478,18552,93030,35.00000000000001,66.9118702454428
Tual,2023-05,48,73456,12382,85838,-40.0,-26.597800619110323
Tual,2023-06,50,72454,8508,80962,-28.57142857142857,-29.699737769827905
Tual,2023-07,46,68322,10470,78792,0.0,-16.091244062959255
Tual,2023-08,40,52436,27628,80064,-9.090909090909093,5.8543550690147494
Tual,2023-09,34,59670,23552,83222,6.25,19.055248776859024
Tual,2023-10,48,66542,20200,86742,41.176470588235304,67.3457576108346
Tual,2023-11,44,69004,12384,81388,29.41176470588236,64.49331015805004
Tual,2023-12,44,68444,39206,107650,15.789473684210531,49.00066437825268
Tual,2024-01,40,46032,33934,79966,-9.090909090909093,-8.610285714285714
Tual,2024-02,26,41722,19938,61660,-43.47826086956522,-38.66873557730565
Tual,2024-03,28,28386,13742,42128,-36.36363636363637,-64.57867388635714
Tual,2024-04,42,50804,26022,76826,-22.22222222222222,-17.418037192303558
Tual,2024-05,42,50212,19114,69326,-12.5,-19.236235699806613
Tual,2024-06,40,71676,33458,105134,-19.999999999999996,29.855981818630962
Tual,2024-07,30,49714,26368,76082,-34.78260869565217,-3.439435475682806
Tual,2024-08,34,52802,7320,60122,-15.000000000000002,-24.90757394084733
Tual,2024-09,34,51796,9808,61604,0.0,-25.97630434260172
Tual,2024-10,36,42376,29274,71650,-25.0,-17.398722648774523
Tual,2024-11,42,62214,4716,66930,-4.545454545454541,-17.76428957585885
Tual,2024-12,54,62714,12276,74990,22.72727272727273,-30.339061774268462
Tual,2025-01,40,39262,13650,52912,0.0,-33.83187854838307
Tual,2025-02,22,25386,15052,40438,-15.384615384615385,-34.4177748945832
Tual,2025-03,22,28068,2406,30474,-21.42857142857143,-27.66331181162173
Tual,2025-04,26,12828,12956,25784,-38.095238095238095,-66.4384453179913
Tual,2025-05,34,36896,18008,54904,-19.047619047619047,-20.803161872890396
Tual,2025-06,32,28482,17544,46026,-19.999999999999996,-56.22158388342496
Tual,2025-07,34,24348,8966,33314,13.33333333333333,-56.213033306169656
Tual,2025-08,38,29116,12858,41974,11.764705882352944,-30.18528991051529
Tual,2025-09,28,9506,14064,23570,-17.647058823529417,-61.739497435231485
Tual,2025-10,30,39254,3860,43114,-16.666666666666664,-39.82693649685973
Tual,2025-11,50,52864,26778,79642,19.047619047619047,18.992977737935156
Tual,2025-12,34,29470,9396,38866,-37.03703703703704,-48.171756234164555
Tual,2026-01,32,43532,9182,52714,-19.999999999999996,-0.37420622921076063
Tual,2026-02,30,26356,6902,33258,36.36363636363635,-17.75557643800386
Tual,2026-03,30,32188,11240,43428,36.36363636363635,42.508367788934834
Tual,2026-04,34,43926,16232,60158,30.76923076923077,133.31523425380078
Tual,2026-05,48,41462,21306,62768,41.176470588235304,14.32318228180096
Tual,2026-06,38,32994,35538,68532,18.75,48.89844870290705
Tual,2026-07,50,33202,26338,59540,47.058823529411775,78.72365972263913
Tual,2026-08,44,52836,10114,62950,15.789473684210531,49.973793300614666
Tuban,2019-01,84,725008,334242,1059250,,
Tuban,2019-02,70,456776,373099,829875,,
Tuban,2019-03,84,609914,322523,932437,,
Tuban,2019-04,64,527290,364994,892284,,
Tuban,2019-05,77,539551,374739,914290,,
Tuban,2019-06,64,628169,211689,839858,,
Tuban,2019-07,82,584725,463494,1048219,,
Tuban,2019-08,83,385231,460271,845502,,
Tuban,2019-09,86,574905,465995,1040900,,
Tuban,2019-10,80,694162,380858,1075020,,
Tuban,2019-11,74,478608,409123,887731,,
Tuban,2019-12,85,556775,475000,1031775,,
Tuban,2020-01,69,568312,330682,898994,-17.85714285714286,-15.129195185272604
Tuban,2020-02,83,677875,432193,1110068,18.571428571428573,33.76327760204849
Tuban,2020-03,93,595555,561170,1156725,10.71428571428572,24.05395753278774
Tuban,2020-04,85,432784,502756,935540,32.8125,4.847783889434298
Tuban,2020-05,90,680578,468082,1148660,16.883116883116877,25.634098590162857
Tuban,2020-06,76,522682,447171,969853,18.75,15.47821179294595
Tuban,2020-07,91,709920,396198,1106118,10.97560975609757,5.5235594851839265
Tuban,2020-08,90,468870,547389,1016259,8.43373493975903,20.195930938069928
Tuban,2020-09,99,634108,552568,1186676,15.116279069767447,14.004803535402054
Tuban,2020-10,103,894457,601924,1496381,28.750000000000007,39.19564287176052
Tuban,2020-11,103,841105,394486,1235591,39.189189189189186,39.18529374326232
Tuban,2020-12,88,359376,397825,757201,3.529411764705892,-26.611809745341763
Tuban,2021-01,89,590189,428363,1018552,28.985507246376805,13.29908764685861
Tuban,2021-02,83,494099,490105,984204,0.0,-11.338404494139098
Tuban,2021-03,99,552360,541919,1094279,6.451612903225801,-5.398517365838895
Tuban,2021-04,98,695311,555619,1250930,15.294117647058814,33.71208072343246
Tuban,2021-05,99,751638,401430,1153068,10.000000000000009,0.3837515017498738
Tuban,2021-06,97,701364,712064,1413428,27.63157894736843,45.73631261644806
Tuban,2021-07,101,568675,495874,1064549,10.989010989010994,-3.7580981414279457
Tuban,2021-08,92,346445,623972,970417,2.2222222222222143,-4.510857960421511
Tuban,2021-09,106,587929,673338,1261267,7.070707070707072,6.285708988805716
Tuban,2021-10,106,650641,493020,1143661,2.9126213592232997,-23.57153692809518
Tuban,2021-11,117,863591,524713,1388304,13.592233009708732,12.359510550012098
Tuban,2021-12,101,608469,558264,1166733,14.77272727272727,54.08497875729166
Tuban,2022-01,112,686306,521795,1208101,25.842696629213478,18.60965370447458
Tuban,2022-02,88,499847,612815,1112662,6.024096385542177,13.05196890075635
Tuban,2022-03,100,686429,565676,1252105,1.0101010101010166,14.422830009531395
Tuban,2022-04,106,600041,639425,1239466,8.163265306122458,-0.9164381700015212
Tuban,2022-05,81,413344,447851,861195,-18.181818181818176,-25.312730905722823
Tuban,2022-06,84,666048,487239,1153287,-13.4020618556701,-18.40497004445929
Tuban,2022-07,84,748438,456849,1205287,-16.831683168316836,13.220434193259312
Tuban,2022-08,99,863710,577574,1441284,7.608695652173902,48.52213017702698
Tuban,2022-09,86,456657,506777,963434,-18.867924528301884,-23.613794700091262
Tuban,2022-10,101,870304,406623,1276927,-4.716981132075471,11.65257886733919
Tuban,2022-11,91,622600,405427,1028027,-22.22222222222222,-25.95087243139831
Tuban,2022-12,84,650982,394679,1045661,-16.831683168316836,-10.377009992860408
Tuban,2023-01,79,291806,402743,694549,-29.464285714285708,-42.509028632539824
Tuban,2023-02,65,315054,297651,612705,-26.136363636363637,-44.933411943609116
Tuban,2023-03,64,471575,411108,882683,-36.0,-29.5040751374685
Tuban,2023-04,63,369395,366287,735682,-40.56603773584906,-40.64524561383692
Tuban,2023-05,58,372893,258596,631489,-28.395061728395067,-26.67293702355448
Tuban,2023-06,77,509208,340693,849901,-8.333333333333337,-26.306201318492274
Tuban,2023-07,91,523077,525972,1049049,8.333333333333325,-12.962721741792615
Tuban,2023-08,86,564860,394517,959377,-13.131313131313128,-33.43595016665696
Tuban,2023-09,95,641899,625556,1267455,10.465116279069765,31.555975811524185
Tuban,2023-10,73,432304,483550,915854,-27.722772277227726,-28.276714330576457
Tuban,2023-11,67,407157,444554,851711,-26.37362637362637,-17.150911406023383
Tuban,2023-12,73,607470,486940,1094410,-13.095238095238093,4.662027177067896
Tuban,2024-01,64,492511,455210,947721,-18.9873417721519,36.451279895298974
Tuban,2024-02,67,539298,397377,936675,3.076923076923066,52.875364163830874
Tuban,2024-03,66,583360,395593,978953,3.125,10.906520234331008
Tuban,2024-04,68,618648,369680,988328,7.9365079365079305,34.34174004529132
Tuban,2024-05,77,857445,335567,1193012,32.75862068965518,88.9204720905669
Tuban,2024-06,85,769443,466344,1235787,10.389610389610393,45.40364112996691
Tuban,2024-07,88,630028,406610,1036638,-3.296703296703296,-1.1830715247810208
Tuban,2024-08,90,628438,497374,1125812,4.651162790697683,17.34823744992844
Tuban,2024-09,103,606599,600184,1206783,8.421052631578952,-4.786915511793321
Tuban,2024-10,104,785480,517593,1303073,42.46575342465753,42.279555474999285
Tuban,2024-11,70,397181,393187,790368,4.477611940298498,-7.202325671501253
Tuban,2024-12,74,546017,351208,897225,1.3698630136986356,-18.017470600597584
Tuban,2025-01,78,621546,515229,1136775,21.875,19.948275916646363
Tuban,2025-02,73,658470,493164,1151634,8.955223880597018,22.949155256625843
Tuban,2025-03,72,413919,419912,833831,9.090909090909083,-14.82420504355163
Tuban,2025-04,74,517840,483156,1000996,8.823529411764696,1.28176071101902
Tuban,2025-05,67,362062,315398,677460,-12.987012987012992,-43.21431804541782
Tuban,2025-06,56,461461,364927,826388,-34.11764705882353,-33.12860549593093
Tuban,2025-07,57,302193,366967,669160,-35.22727272727273,-35.44901884746652
Tuban,2025-08,68,324812,427791,752603,-24.444444444444446,-33.150206251132516
Tuban,2025-09,81,539707,530095,1069802,-21.359223300970875,-11.350922245341543
Tuban,2025-10,73,333620,356499,690119,-29.807692307692314,-47.03911446250517
Tuban,2025-11,76,513122,400884,914006,8.571428571428562,15.643092837766703
Tuban,2025-12,80,344414,491017,835431,8.108108108108114,-6.887235643233303
Tuban,2026-01,84,475459,420932,896391,7.692307692307687,-21.14613709837039
Tuban,2026-02,63,293272,391404,684676,-13.698630136986301,-40.54743086779307
Tuban,2026-03,86,514374,632144,1146518,19.444444444444443,37.50004497314203
Tuban,2026-04,79,498304,558748,1057052,6.756756756756754,5.6000223777118
Tuban,2026-05,80,683772,373918,1057690,19.402985074626855,56.12582292681487
Tuban,2026-06,92,685366,507709,1193075,64.28571428571428,44.3722561315024
Tuban,2026-07,95,476572,489548,966120,66.66666666666667,44.378026182079026
Tuban,2026-08,105,633363,469948,1103311,54.41176470588236,46.5993359048529
Wahana Jetty,2019-01,12,0,395294,395294,,
Wahana Jetty,2019-02,32,0,1226682,1226682,,
Wahana Jetty,2019-03,22,0,810690,810690,,
Wahana Jetty,2019-04,20,0,755560,755560,,
Wahana Jetty,2019-05,16,220,350074,350294,,
Wahana Jetty,2019-06,8,0,385142,385142,,
Wahana Jetty,2019-07,16,0,248244,248244,,
Wahana Jetty,2019-08,54,0,1742278,1742278,,
Wahana Jetty,2019-09,48,0,1644436,1644436,,
Wahana Jetty,2019-10,58,3176,1792330,1795506,,
Wahana Jetty,2019-11,44,0,1554204,1554204,,
Wahana Jetty,2019-12,50,0,1465172,1465172,,
Wahana Jetty,2020-01,38,3176,1161380,1164556,216.66666666666666,194.60502815625838
Wahana Jetty,2020-02,36,0,1371956,1371956,12.5,11.842841094921086
Wahana Jetty,2020-03,30,3176,1004136,1007312,36.36363636363635,24.25366046207551
Wahana Jetty,2020-04,26,0,1100232,1100232,30.000000000000004,45.61808459950236
Wahana Jetty,2020-05,28,0,800688,800688,75.0,128.5759961632229
Wahana Jetty,2020-06,36,0,1042740,1042740,350.0,170.74170046372507
Wahana Jetty,2020-07,18,0,284988,284988,12.5,14.801566200995797
Wahana Jetty,2020-08,22,0,647744,647744,-59.25925925925925,-62.8220065913706
Wahana Jetty,2020-09,8,0,214260,214260,-83.33333333333334,-86.97060876799097
Wahana Jetty,2020-10,10,0,525280,525280,-82.75862068965517,-70.74473713816607
Wahana Jetty,2020-11,12,3792,362918,366710,-72.72727272727273,-76.40528527786572
Wahana Jetty,2020-12,26,0,726836,726836,-48.0,-50.39244539207684
Wahana Jetty,2021-01,20,3176,667206,670382,-47.36842105263158,-42.43454157636043
Wahana Jetty,2021-02,20,0,676522,676522,-44.44444444444444,-50.6892349317325
Wahana Jetty,2021-03,10,0,449632,449632,-66.66666666666667,-55.36318439569865
Wahana Jetty,2021-04,4,3176,1052,4228,-84.61538461538461,-99.61571741232758
Wahana Jetty,2021-05,20,0,651584,651584,-28.57142857142857,-18.62198509282017
Wahana Jetty,2021-06,18,308,531706,532014,-50.0,-48.9792278036711
Wahana Jetty,2021-07,22,0,862098,862098,22.222222222222232,202.50326329529665
Wahana Jetty,2021-08,26,220,485956,486176,18.181818181818187,-24.943187432071934
Wahana Jetty,2021-09,24,0,414548,414548,200.0,93.47895080743022
Wahana Jetty,2021-10,10,0,265798,265798,0.0,-49.3987968321657
Wahana Jetty,2021-11,28,1442,717284,718726,133.33333333333334,95.99301900684465
Wahana Jetty,2021-12,14,3064,310314,313378,-46.15384615384615,-56.88463422285081
Wahana Jetty,2022-01,18,3064,184954,188018,-9.999999999999998,-71.95360257286144
Wahana Jetty,2022-02,16,0,434254,434254,-19.999999999999996,-35.8108088133128
Wahana Jetty,2022-03,16,0,242120,242120,60.00000000000001,-46.15151946480678
Wahana Jetty,2022-04,18,3088,443156,446244,350.0,10454.49385052034
Wahana Jetty,2022-05,6,220,9980,10200,-70.0,-98.43458402907376
Wahana Jetty,2022-06,10,220,215632,215852,-44.44444444444444,-59.42738348990816
Wahana Jetty,2022-07,4,0,285318,285318,-81.81818181818181,-66.90422666564591
Wahana Jetty,2022-08,6,952,0,952,-76.92307692307692,-99.80418613835319
Wahana Jetty,2022-09,8,0,132168,132168,-66.66666666666667,-68.11756419039531
Wahana Jetty,2022-10,14,0,452810,452810,39.99999999999999,70.3586934438935
Wahana Jetty,2022-11,14,0,243044,243044,-50.0,-66.1840534501326
Wahana Jetty,2022-12,10,0,291682,291682,-28.57142857142857,-6.923268385145098
Wahana Jetty,2023-01,6,0,122496,122496,-66.66666666666667,-34.848791073195116
Wahana Jetty,2023-02,6,220,91354,91574,-62.5,-78.91234162494762
Wahana Jetty,2023-03,22,220,742672,742892,37.5,206.8280191640509
Wahana Jetty,2023-04,6,0,293204,293204,-66.66666666666667,-34.29513898226083
Wahana Jetty,2023-05,14,220,285850,286070,133.33333333333334,2704.607843137255
Wahana Jetty,2023-06,20,0,636344,636344,100.0,194.80570020199025
Wahana Jetty,2023-07,12,0,272534,272534,200.0,-4.480614612467493
Wahana Jetty,2023-08,20,220,739230,739450,233.33333333333334,77573.3193277311
Wahana Jetty,2023-09,28,220,931284,931504,250.0,604.7878457720477
Wahana Jetty,2023-10,44,10006,1598846,1608852,214.28571428571428,255.30399063624918
Wahana Jetty,2023-11,38,10490,1408746,1419236,171.42857142857144,483.9420022711937
Wahana Jetty,2023-12,24,10226,350624,360850,140.0,23.713496204770944
Wahana Jetty,2024-01,18,0,572184,572184,200.0,367.1042319749216
Wahana Jetty,2024-02,16,4328,394560,398888,166.66666666666666,335.59088824338784
Wahana Jetty,2024-03,32,440,1093984,1094424,45.45454545454546,47.31939501300324
Wahana Jetty,2024-04,16,0,420118,420118,166.66666666666666,43.28522121117038
Wahana Jetty,2024-05,30,15916,802888,818804,114.28571428571428,186.22504981298283
Wahana Jetty,2024-06,26,1606,361384,362990,30.000000000000004,-42.95695410029795
Wahana Jetty,2024-07,22,14692,361352,376044,83.33333333333333,37.980582239280245
Wahana Jetty,2024-08,26,29610,845600,875210,30.000000000000004,18.35959158834268
Wahana Jetty,2024-09,30,0,1103826,1103826,7.14285714285714,18.499330115598013
Wahana Jetty,2024-10,26,5524,1022444,1027968,-40.90909090909091,-36.105496341490706
Wahana Jetty,2024-11,32,0,1362102,1362102,-15.789473684210531,-4.025687059798367
Wahana Jetty,2024-12,20,0,541444,541444,-16.666666666666664,50.04683386448663
Wahana Jetty,2025-01,16,0,461938,461938,-11.111111111111116,-19.267578261538244
Wahana Jetty,2025-02,20,3266,458752,462018,25.0,15.826497663504547
Wahana Jetty,2025-03,10,0,459462,459462,-68.75,-58.01791627376593
Wahana Jetty,2025-04,8,220,9980,10200,-50.0,-97.57211069271014
Wahana Jetty,2025-05,10,3176,1052,4228,-66.66666666666667,-99.48363710973567
Wahana Jetty,2025-06,6,0,112344,112344,-76.92307692307692,-69.0503870630045
Wahana Jetty,2025-07,12,6138,105708,111846,-45.45454545454546,-70.2572039442193
Wahana Jetty,2025-08,20,3176,353306,356482,-23.076923076923073,-59.26897544589298
Wahana Jetty,2025-09,6,0,93404,93404,-80.0,-91.53815909391516
Wahana Jetty,2025-10,16,3064,321958,325022,-38.46153846153846,-68.38208971485493
Wahana Jetty,2025-11,18,0,620820,620820,-43.75,-54.421915539364896
Wahana Jetty,2025-12,6,0,0,0,-70.0,-100.0
Wahana Jetty,2026-01,12,220,118086,118306,-25.0,-74.38920374595726
Wahana Jetty,2026-02,12,0,266362,266362,-40.0,-42.34813362249955
Wahana Jetty,2026-03,8,0,143996,143996,-19.999999999999996,-68.65986741014491
Wahana Jetty,2026-04,6,0,302604,302604,-25.0,2866.7058823529414
Wahana Jetty,2026-05,14,0,690006,690006,39.99999999999999,16219.914853358563
Wahana Jetty,2026-06,8,4206,223306,227512,33.33333333333333,102.51370789717296
Wahana Jetty,2026-07,4,0,234306,234306,-66.66666666666667,109.4898342363607
Wahana Jetty,2026-08,6,0,313658,313658,-70.0,-12.012948760386221
